/*
TRUNCATE menu_bsc         ;
TRUNCATE role_bsc         ;
TRUNCATE menu_role_dtl    ;
TRUNCATE com_biz_fld_bsc  ;
TRUNCATE com_biz_fld_dtl  ;
TRUNCATE com_err_msg_bsc  ;
TRUNCATE com_ntn_cd_bsc   ;
TRUNCATE com_group_cd_bsc ;
TRUNCATE com_cd_dtl       ;
TRUNCATE com_bbs_group_bsc       ;
*/

/* menu_bsc */
INSERT INTO menu_bsc (menu_mgno,up_menu_mgno,menu_cl_cd,menu_nm,menu_expln,menu_url_addr,expsr_yn,popup_yn,menu_lvl,sort_seqo,sys_cl_cd,del_yn,rgtr_id,reg_dt,mdfr_id,mdfcn_dt) VALUES ('MN00000000','MN00000000','MCC0001','국제감축등록부시스템','국제감축등록부시스템 입니다.','','N','N',0,1,'SCC0001','N','SYSTEM',CURRENT_TIMESTAMP,'SYSTEM',CURRENT_TIMESTAMP);
INSERT INTO menu_bsc (menu_mgno,up_menu_mgno,menu_cl_cd,menu_nm,menu_expln,menu_url_addr,expsr_yn,popup_yn,menu_lvl,sort_seqo,sys_cl_cd,del_yn,rgtr_id,reg_dt,mdfr_id,mdfcn_dt) VALUES ('MN02000000','MN00000000','MCC0001','국제감축협의체관리','국제감축협의체관리 메뉴입니다.','','Y','N',1,2,'SCC0001','N','SYSTEM',CURRENT_TIMESTAMP,'SYSTEM',CURRENT_TIMESTAMP);
INSERT INTO menu_bsc (menu_mgno,up_menu_mgno,menu_cl_cd,menu_nm,menu_expln,menu_url_addr,expsr_yn,popup_yn,menu_lvl,sort_seqo,sys_cl_cd,del_yn,rgtr_id,reg_dt,mdfr_id,mdfcn_dt) VALUES ('MN02010000','MN02000000','MCC0002','국제감축협의체 현황','국제감축협의체 현황 메뉴입니다.','Biz_cnsltngrp::CnsltngrpPrcndM00','Y','N',2,1,'SCC0001','N','SYSTEM',CURRENT_TIMESTAMP,'SYSTEM',CURRENT_TIMESTAMP);
INSERT INTO menu_bsc (menu_mgno,up_menu_mgno,menu_cl_cd,menu_nm,menu_expln,menu_url_addr,expsr_yn,popup_yn,menu_lvl,sort_seqo,sys_cl_cd,del_yn,rgtr_id,reg_dt,mdfr_id,mdfcn_dt) VALUES ('MN02030000','MN02000000','MCC0002','국제감축협의체 관리','국제감축협의체 관리 메뉴입니다.','Biz_cnsltngrp::CnsltngrpMngM00','Y','N',2,2,'SCC0001','N','SYSTEM',CURRENT_TIMESTAMP,'SYSTEM',CURRENT_TIMESTAMP);
INSERT INTO menu_bsc (menu_mgno,up_menu_mgno,menu_cl_cd,menu_nm,menu_expln,menu_url_addr,expsr_yn,popup_yn,menu_lvl,sort_seqo,sys_cl_cd,del_yn,rgtr_id,reg_dt,mdfr_id,mdfcn_dt) VALUES ('MN03000000','MN00000000','MCC0001','방법론관리','방법론관리 메뉴입니다.','','Y','N',1,3,'SCC0001','N','SYSTEM',CURRENT_TIMESTAMP,'SYSTEM',CURRENT_TIMESTAMP);
INSERT INTO menu_bsc (menu_mgno,up_menu_mgno,menu_cl_cd,menu_nm,menu_expln,menu_url_addr,expsr_yn,popup_yn,menu_lvl,sort_seqo,sys_cl_cd,del_yn,rgtr_id,reg_dt,mdfr_id,mdfcn_dt) VALUES ('MN04000000','MN00000000','MCC0001','사업관리','사업관리 메뉴입니다.','','Y','N',1,4,'SCC0001','N','SYSTEM',CURRENT_TIMESTAMP,'SYSTEM',CURRENT_TIMESTAMP);
INSERT INTO menu_bsc (menu_mgno,up_menu_mgno,menu_cl_cd,menu_nm,menu_expln,menu_url_addr,expsr_yn,popup_yn,menu_lvl,sort_seqo,sys_cl_cd,del_yn,rgtr_id,reg_dt,mdfr_id,mdfcn_dt) VALUES ('MN04010000','MN04000000','MCC0001','사업 신청 관리','사업 신청 관리 메뉴입니다.','','Y','N',2,1,'SCC0001','N','SYSTEM',CURRENT_TIMESTAMP,'SYSTEM',CURRENT_TIMESTAMP);
INSERT INTO menu_bsc (menu_mgno,up_menu_mgno,menu_cl_cd,menu_nm,menu_expln,menu_url_addr,expsr_yn,popup_yn,menu_lvl,sort_seqo,sys_cl_cd,del_yn,rgtr_id,reg_dt,mdfr_id,mdfcn_dt) VALUES ('MN04010200','MN04010000','MCC0002','사업계획변경 신청','사업계획변경 신청 메뉴입니다.','Biz_biz::aply/ChgAplyM00','Y','N',3,2,'SCC0001','Y','SYSTEM',CURRENT_TIMESTAMP,'SYSTEM',CURRENT_TIMESTAMP);
INSERT INTO menu_bsc (menu_mgno,up_menu_mgno,menu_cl_cd,menu_nm,menu_expln,menu_url_addr,expsr_yn,popup_yn,menu_lvl,sort_seqo,sys_cl_cd,del_yn,rgtr_id,reg_dt,mdfr_id,mdfcn_dt) VALUES ('MN04010300','MN04010000','MCC0002','인증유효기간 갱신 신청','인증유효기간 갱신 신청 메뉴입니다.','Biz_biz::aply/PrdChgAplyM00','Y','N',3,3,'SCC0001','Y','SYSTEM',CURRENT_TIMESTAMP,'SYSTEM',CURRENT_TIMESTAMP);
INSERT INTO menu_bsc (menu_mgno,up_menu_mgno,menu_cl_cd,menu_nm,menu_expln,menu_url_addr,expsr_yn,popup_yn,menu_lvl,sort_seqo,sys_cl_cd,del_yn,rgtr_id,reg_dt,mdfr_id,mdfcn_dt) VALUES ('MN04010400','MN04010000','MCC0002','인증유효기간 시작일 변경 신청','인증유효기간 시작일 변경 신청 메뉴입니다.','Biz_biz::aply/YmdChgAplyM00','Y','N',3,4,'SCC0001','Y','SYSTEM',CURRENT_TIMESTAMP,'SYSTEM',CURRENT_TIMESTAMP);
INSERT INTO menu_bsc (menu_mgno,up_menu_mgno,menu_cl_cd,menu_nm,menu_expln,menu_url_addr,expsr_yn,popup_yn,menu_lvl,sort_seqo,sys_cl_cd,del_yn,rgtr_id,reg_dt,mdfr_id,mdfcn_dt) VALUES ('MN04010500','MN04010000','MCC0002','권리의무 승계 신청','권리의무 승계 신청 메뉴입니다.','Biz_biz::aply/ScsnChgAplyM00','Y','N',3,5,'SCC0001','N','SYSTEM',CURRENT_TIMESTAMP,'SYSTEM',CURRENT_TIMESTAMP);
INSERT INTO menu_bsc (menu_mgno,up_menu_mgno,menu_cl_cd,menu_nm,menu_expln,menu_url_addr,expsr_yn,popup_yn,menu_lvl,sort_seqo,sys_cl_cd,del_yn,rgtr_id,reg_dt,mdfr_id,mdfcn_dt) VALUES ('MN04020000','MN04000000','MCC0001','사업 현황 관리','사업 현황 관리 메뉴입니다.','','Y','N',2,2,'SCC0001','N','SYSTEM',CURRENT_TIMESTAMP,'SYSTEM',CURRENT_TIMESTAMP);
INSERT INTO menu_bsc (menu_mgno,up_menu_mgno,menu_cl_cd,menu_nm,menu_expln,menu_url_addr,expsr_yn,popup_yn,menu_lvl,sort_seqo,sys_cl_cd,del_yn,rgtr_id,reg_dt,mdfr_id,mdfcn_dt) VALUES ('MN04020100','MN04020000','MCC0002','사전승인사업 현황','사전승인사업 현황 메뉴입니다.','Biz_biz::prcnd/AprvPrcndM00','Y','N',3,1,'SCC0001','N','SYSTEM',CURRENT_TIMESTAMP,'SYSTEM',CURRENT_TIMESTAMP);
INSERT INTO menu_bsc (menu_mgno,up_menu_mgno,menu_cl_cd,menu_nm,menu_expln,menu_url_addr,expsr_yn,popup_yn,menu_lvl,sort_seqo,sys_cl_cd,del_yn,rgtr_id,reg_dt,mdfr_id,mdfcn_dt) VALUES ('MN04020200','MN04020000','MCC0002','유효사업 현황','유효사업 현황 메뉴입니다.','Biz_biz::prcnd/VldPrcndM00','Y','N',3,2,'SCC0001','N','SYSTEM',CURRENT_TIMESTAMP,'SYSTEM',CURRENT_TIMESTAMP);
INSERT INTO menu_bsc (menu_mgno,up_menu_mgno,menu_cl_cd,menu_nm,menu_expln,menu_url_addr,expsr_yn,popup_yn,menu_lvl,sort_seqo,sys_cl_cd,del_yn,rgtr_id,reg_dt,mdfr_id,mdfcn_dt) VALUES ('MN04020300','MN04020000','MCC0002','사업계획변경 현황','사업계획변경 현황 메뉴입니다.','Biz_biz::prcnd/ChgPrcndM00','Y','N',3,3,'SCC0001','N','SYSTEM',CURRENT_TIMESTAMP,'SYSTEM',CURRENT_TIMESTAMP);
INSERT INTO menu_bsc (menu_mgno,up_menu_mgno,menu_cl_cd,menu_nm,menu_expln,menu_url_addr,expsr_yn,popup_yn,menu_lvl,sort_seqo,sys_cl_cd,del_yn,rgtr_id,reg_dt,mdfr_id,mdfcn_dt) VALUES ('MN04020400','MN04020000','MCC0002','인증유효기간 갱신 현황','인증유효기간 갱신 현황 메뉴입니다.','Biz_biz::prcnd/PrdChgPrcndM00','Y','N',3,4,'SCC0001','N','SYSTEM',CURRENT_TIMESTAMP,'SYSTEM',CURRENT_TIMESTAMP);
INSERT INTO menu_bsc (menu_mgno,up_menu_mgno,menu_cl_cd,menu_nm,menu_expln,menu_url_addr,expsr_yn,popup_yn,menu_lvl,sort_seqo,sys_cl_cd,del_yn,rgtr_id,reg_dt,mdfr_id,mdfcn_dt) VALUES ('MN04020500','MN04020000','MCC0002','인증유효기간 시작일 변경 현황','인증유효기간 시작일 변경 현황 메뉴입니다.','Biz_biz::prcnd/YmdChgPrcndM00','Y','N',3,5,'SCC0001','N','SYSTEM',CURRENT_TIMESTAMP,'SYSTEM',CURRENT_TIMESTAMP);
INSERT INTO menu_bsc (menu_mgno,up_menu_mgno,menu_cl_cd,menu_nm,menu_expln,menu_url_addr,expsr_yn,popup_yn,menu_lvl,sort_seqo,sys_cl_cd,del_yn,rgtr_id,reg_dt,mdfr_id,mdfcn_dt) VALUES ('MN04020600','MN04020000','MCC0002','권리의무 승계 현황','권리의무 승계 현황 메뉴입니다.','Biz_biz::prcnd/ScsnChgPrcndM00','Y','N',3,6,'SCC0001','N','SYSTEM',CURRENT_TIMESTAMP,'SYSTEM',CURRENT_TIMESTAMP);
INSERT INTO menu_bsc (menu_mgno,up_menu_mgno,menu_cl_cd,menu_nm,menu_expln,menu_url_addr,expsr_yn,popup_yn,menu_lvl,sort_seqo,sys_cl_cd,del_yn,rgtr_id,reg_dt,mdfr_id,mdfcn_dt) VALUES ('MN04020700','MN04020000','MCC0002','사업 취소 현황','사업 취소 현황 메뉴입니다.','Biz_biz::prcnd/RtrcnPrcndM00','Y','N',3,7,'SCC0001','N','SYSTEM',CURRENT_TIMESTAMP,'SYSTEM',CURRENT_TIMESTAMP);
INSERT INTO menu_bsc (menu_mgno,up_menu_mgno,menu_cl_cd,menu_nm,menu_expln,menu_url_addr,expsr_yn,popup_yn,menu_lvl,sort_seqo,sys_cl_cd,del_yn,rgtr_id,reg_dt,mdfr_id,mdfcn_dt) VALUES ('MN04030000','MN04000000','MCC0001','정보제공','정보제공 메뉴입니다.','','Y','N',2,3,'SCC0001','N','SYSTEM',CURRENT_TIMESTAMP,'SYSTEM',CURRENT_TIMESTAMP);
INSERT INTO menu_bsc (menu_mgno,up_menu_mgno,menu_cl_cd,menu_nm,menu_expln,menu_url_addr,expsr_yn,popup_yn,menu_lvl,sort_seqo,sys_cl_cd,del_yn,rgtr_id,reg_dt,mdfr_id,mdfcn_dt) VALUES ('MN04030100','MN04030000','MCC0002','사업신청','사업신청 메뉴입니다.','Biz_biz::infopvsn/BizAplyM00','Y','N',3,1,'SCC0001','N','SYSTEM',CURRENT_TIMESTAMP,'SYSTEM',CURRENT_TIMESTAMP);
INSERT INTO menu_bsc (menu_mgno,up_menu_mgno,menu_cl_cd,menu_nm,menu_expln,menu_url_addr,expsr_yn,popup_yn,menu_lvl,sort_seqo,sys_cl_cd,del_yn,rgtr_id,reg_dt,mdfr_id,mdfcn_dt) VALUES ('MN04030200','MN04030000','MCC0002','사업현황','사업현황 메뉴입니다.','Biz_biz::infopvsn/BizPrcndM00','Y','N',3,2,'SCC0001','N','SYSTEM',CURRENT_TIMESTAMP,'SYSTEM',CURRENT_TIMESTAMP);
INSERT INTO menu_bsc (menu_mgno,up_menu_mgno,menu_cl_cd,menu_nm,menu_expln,menu_url_addr,expsr_yn,popup_yn,menu_lvl,sort_seqo,sys_cl_cd,del_yn,rgtr_id,reg_dt,mdfr_id,mdfcn_dt) VALUES ('MN05010000','MN05000000','MCC0001','실적보고 및 취득관리','실적보고 및 취득관리 메뉴입니다.','','Y','N',2,1,'SCC0001','N','SYSTEM',CURRENT_TIMESTAMP,'SYSTEM',CURRENT_TIMESTAMP);
INSERT INTO menu_bsc (menu_mgno,up_menu_mgno,menu_cl_cd,menu_nm,menu_expln,menu_url_addr,expsr_yn,popup_yn,menu_lvl,sort_seqo,sys_cl_cd,del_yn,rgtr_id,reg_dt,mdfr_id,mdfcn_dt) VALUES ('MN05010100','MN05010000','MCC0002','실적보고','실적보고 메뉴입니다.','Biz_prfmnc::prfmnc/PrfmncRptM00','Y','N',3,1,'SCC0001','N','SYSTEM',CURRENT_TIMESTAMP,'SYSTEM',CURRENT_TIMESTAMP);
INSERT INTO menu_bsc (menu_mgno,up_menu_mgno,menu_cl_cd,menu_nm,menu_expln,menu_url_addr,expsr_yn,popup_yn,menu_lvl,sort_seqo,sys_cl_cd,del_yn,rgtr_id,reg_dt,mdfr_id,mdfcn_dt) VALUES ('MN05010200','MN05010000','MCC0002','실적 취득 신고','실적 취득 신고 메뉴입니다.','Biz_prfmnc::prfmnc/PrfmncAcqsM00','Y','N',3,2,'SCC0001','N','SYSTEM',CURRENT_TIMESTAMP,'SYSTEM',CURRENT_TIMESTAMP);
INSERT INTO menu_bsc (menu_mgno,up_menu_mgno,menu_cl_cd,menu_nm,menu_expln,menu_url_addr,expsr_yn,popup_yn,menu_lvl,sort_seqo,sys_cl_cd,del_yn,rgtr_id,reg_dt,mdfr_id,mdfcn_dt) VALUES ('MN05010300','MN05010000','MCC0002','실적 보유 현황','실적 보유 현황 메뉴입니다.','Biz_prfmnc::prfmnc/PrfmncPrcndM00','Y','N',3,3,'SCC0001','N','SYSTEM',CURRENT_TIMESTAMP,'SYSTEM',CURRENT_TIMESTAMP);
INSERT INTO menu_bsc (menu_mgno,up_menu_mgno,menu_cl_cd,menu_nm,menu_expln,menu_url_addr,expsr_yn,popup_yn,menu_lvl,sort_seqo,sys_cl_cd,del_yn,rgtr_id,reg_dt,mdfr_id,mdfcn_dt) VALUES ('MN05020000','MN05000000','MCC0001','실적 활용 관리','실적 활용 관리 메뉴입니다.','','Y','N',2,2,'SCC0001','N','SYSTEM',CURRENT_TIMESTAMP,'SYSTEM',CURRENT_TIMESTAMP);
INSERT INTO menu_bsc (menu_mgno,up_menu_mgno,menu_cl_cd,menu_nm,menu_expln,menu_url_addr,expsr_yn,popup_yn,menu_lvl,sort_seqo,sys_cl_cd,del_yn,rgtr_id,reg_dt,mdfr_id,mdfcn_dt) VALUES ('MN05020100','MN05020000','MCC0002','실적이전','실적이전 메뉴입니다.','Biz_prfmnc::prfmncutil/PrfmncBfrM00','Y','N',3,1,'SCC0001','N','SYSTEM',CURRENT_TIMESTAMP,'SYSTEM',CURRENT_TIMESTAMP);
INSERT INTO menu_bsc (menu_mgno,up_menu_mgno,menu_cl_cd,menu_nm,menu_expln,menu_url_addr,expsr_yn,popup_yn,menu_lvl,sort_seqo,sys_cl_cd,del_yn,rgtr_id,reg_dt,mdfr_id,mdfcn_dt) VALUES ('MN05020200','MN05020000','MCC0002','실적거래','실적거래 메뉴입니다.','Biz_prfmnc::prfmncutil/PrfmncDlngM00','Y','N',3,2,'SCC0001','N','SYSTEM',CURRENT_TIMESTAMP,'SYSTEM',CURRENT_TIMESTAMP);
INSERT INTO menu_bsc (menu_mgno,up_menu_mgno,menu_cl_cd,menu_nm,menu_expln,menu_url_addr,expsr_yn,popup_yn,menu_lvl,sort_seqo,sys_cl_cd,del_yn,rgtr_id,reg_dt,mdfr_id,mdfcn_dt) VALUES ('MN05020300','MN05020000','MCC0002','실적처분','실적처분 메뉴입니다.','Biz_prfmnc::prfmncutil/PrfmncDspsM00','Y','N',3,3,'SCC0001','N','SYSTEM',CURRENT_TIMESTAMP,'SYSTEM',CURRENT_TIMESTAMP);
INSERT INTO menu_bsc (menu_mgno,up_menu_mgno,menu_cl_cd,menu_nm,menu_expln,menu_url_addr,expsr_yn,popup_yn,menu_lvl,sort_seqo,sys_cl_cd,del_yn,rgtr_id,reg_dt,mdfr_id,mdfcn_dt) VALUES ('MN05020400','MN05020000','MCC0002','실적전환','실적전환 메뉴입니다.','Biz_prfmnc::prfmncutil/PrfmncSwovM00','Y','N',3,4,'SCC0001','N','SYSTEM',CURRENT_TIMESTAMP,'SYSTEM',CURRENT_TIMESTAMP);
INSERT INTO menu_bsc (menu_mgno,up_menu_mgno,menu_cl_cd,menu_nm,menu_expln,menu_url_addr,expsr_yn,popup_yn,menu_lvl,sort_seqo,sys_cl_cd,del_yn,rgtr_id,reg_dt,mdfr_id,mdfcn_dt) VALUES ('MN05020500','MN05020000','MCC0002','실적취소','실적취소 메뉴입니다.','Biz_prfmnc::prfmncutil/PrfmncRtrcnM00','Y','N',3,5,'SCC0001','N','SYSTEM',CURRENT_TIMESTAMP,'SYSTEM',CURRENT_TIMESTAMP);
INSERT INTO menu_bsc (menu_mgno,up_menu_mgno,menu_cl_cd,menu_nm,menu_expln,menu_url_addr,expsr_yn,popup_yn,menu_lvl,sort_seqo,sys_cl_cd,del_yn,rgtr_id,reg_dt,mdfr_id,mdfcn_dt) VALUES ('MN05030000','MN05000000','MCC0001','계정관리','계정관리 메뉴입니다.','','Y','N',2,3,'SCC0001','N','SYSTEM',CURRENT_TIMESTAMP,'SYSTEM',CURRENT_TIMESTAMP);
INSERT INTO menu_bsc (menu_mgno,up_menu_mgno,menu_cl_cd,menu_nm,menu_expln,menu_url_addr,expsr_yn,popup_yn,menu_lvl,sort_seqo,sys_cl_cd,del_yn,rgtr_id,reg_dt,mdfr_id,mdfcn_dt) VALUES ('MN05030100','MN05030000','MCC0002','발행계정','발행계정 메뉴입니다.','Biz_prfmnc::acnt/PblcnAcntM00','Y','N',3,1,'SCC0001','N','SYSTEM',CURRENT_TIMESTAMP,'SYSTEM',CURRENT_TIMESTAMP);
INSERT INTO menu_bsc (menu_mgno,up_menu_mgno,menu_cl_cd,menu_nm,menu_expln,menu_url_addr,expsr_yn,popup_yn,menu_lvl,sort_seqo,sys_cl_cd,del_yn,rgtr_id,reg_dt,mdfr_id,mdfcn_dt) VALUES ('MN03020000','MN03000000','MCC0002','방법론 신청','방법론 신청 관리 메뉴입니다.','Biz_mhdlg::MhdlgAplyM00','Y','N',2,2,'SCC0001','N','SYSTEM',CURRENT_TIMESTAMP,'SYSTEM',CURRENT_TIMESTAMP);
INSERT INTO menu_bsc (menu_mgno,up_menu_mgno,menu_cl_cd,menu_nm,menu_expln,menu_url_addr,expsr_yn,popup_yn,menu_lvl,sort_seqo,sys_cl_cd,del_yn,rgtr_id,reg_dt,mdfr_id,mdfcn_dt) VALUES ('MN01020000','MN01000000','MCC0002','협정 · 약정 관리','협정약정 관리 메뉴입니다.','Biz_agrstipl::AgrStiplMngM00','Y','N',2,2,'SCC0001','N','SYSTEM',CURRENT_TIMESTAMP,'SYSTEM',CURRENT_TIMESTAMP);
INSERT INTO menu_bsc (menu_mgno,up_menu_mgno,menu_cl_cd,menu_nm,menu_expln,menu_url_addr,expsr_yn,popup_yn,menu_lvl,sort_seqo,sys_cl_cd,del_yn,rgtr_id,reg_dt,mdfr_id,mdfcn_dt) VALUES ('MN01000000','MN00000000','MCC0001','협정 · 약정관리','협정.약정관리 메뉴입니다.','','Y','N',1,1,'SCC0001','N','SYSTEM',CURRENT_TIMESTAMP,'SYSTEM',CURRENT_TIMESTAMP);
INSERT INTO menu_bsc (menu_mgno,up_menu_mgno,menu_cl_cd,menu_nm,menu_expln,menu_url_addr,expsr_yn,popup_yn,menu_lvl,sort_seqo,sys_cl_cd,del_yn,rgtr_id,reg_dt,mdfr_id,mdfcn_dt) VALUES ('MN04010600','MN04010000','MCC0002','사업 취소 신청','사업 취소 신청 메뉴입니다.','Biz_biz::prcnd/RtrcnPrcndM00','Y','N',3,6,'SCC0001','N','SYSTEM',CURRENT_TIMESTAMP,'SYSTEM',CURRENT_TIMESTAMP);
INSERT INTO menu_bsc (menu_mgno,up_menu_mgno,menu_cl_cd,menu_nm,menu_expln,menu_url_addr,expsr_yn,popup_yn,menu_lvl,sort_seqo,sys_cl_cd,del_yn,rgtr_id,reg_dt,mdfr_id,mdfcn_dt) VALUES ('MN01010000','MN01000000','MCC0002','협정 · 약정 현황','협정.약정 현황 메뉴입니다.','Biz_agrstipl::AgrStiplPrcndM00','Y','N',2,1,'SCC0001','N','SYSTEM',CURRENT_TIMESTAMP,'SYSTEM',CURRENT_TIMESTAMP);
INSERT INTO menu_bsc (menu_mgno,up_menu_mgno,menu_cl_cd,menu_nm,menu_expln,menu_url_addr,expsr_yn,popup_yn,menu_lvl,sort_seqo,sys_cl_cd,del_yn,rgtr_id,reg_dt,mdfr_id,mdfcn_dt) VALUES ('MN05000000','MN00000000','MCC0001','실적관리','실적관리 메뉴입니다.','','Y','N',1,5,'SCC0001','Y','SYSTEM',CURRENT_TIMESTAMP,'SYSTEM',CURRENT_TIMESTAMP);
INSERT INTO menu_bsc (menu_mgno,up_menu_mgno,menu_cl_cd,menu_nm,menu_expln,menu_url_addr,expsr_yn,popup_yn,menu_lvl,sort_seqo,sys_cl_cd,del_yn,rgtr_id,reg_dt,mdfr_id,mdfcn_dt) VALUES ('MN05030200','MN05030000','MCC0002','보유계정','보유계정 메뉴입니다.','Biz_prfmnc::acnt/PsnAcntM00','Y','N',3,2,'SCC0001','N','SYSTEM',CURRENT_TIMESTAMP,'SYSTEM',CURRENT_TIMESTAMP);
INSERT INTO menu_bsc (menu_mgno,up_menu_mgno,menu_cl_cd,menu_nm,menu_expln,menu_url_addr,expsr_yn,popup_yn,menu_lvl,sort_seqo,sys_cl_cd,del_yn,rgtr_id,reg_dt,mdfr_id,mdfcn_dt) VALUES ('MN05030300','MN05030000','MCC0002','정부보유계정','정부보유계정 메뉴입니다.','Biz_prfmnc::acnt/GovPsnAcntM00','Y','N',3,3,'SCC0001','N','SYSTEM',CURRENT_TIMESTAMP,'SYSTEM',CURRENT_TIMESTAMP);
INSERT INTO menu_bsc (menu_mgno,up_menu_mgno,menu_cl_cd,menu_nm,menu_expln,menu_url_addr,expsr_yn,popup_yn,menu_lvl,sort_seqo,sys_cl_cd,del_yn,rgtr_id,reg_dt,mdfr_id,mdfcn_dt) VALUES ('MN05030400','MN05030000','MCC0002','처분계정','처분계정 메뉴입니다.','Biz_prfmnc::acnt/DspsAcntM00','Y','N',3,4,'SCC0001','N','SYSTEM',CURRENT_TIMESTAMP,'SYSTEM',CURRENT_TIMESTAMP);
INSERT INTO menu_bsc (menu_mgno,up_menu_mgno,menu_cl_cd,menu_nm,menu_expln,menu_url_addr,expsr_yn,popup_yn,menu_lvl,sort_seqo,sys_cl_cd,del_yn,rgtr_id,reg_dt,mdfr_id,mdfcn_dt) VALUES ('MN05030500','MN05030000','MCC0002','전환계정','전환계정 메뉴입니다.','Biz_prfmnc::acnt/SwovAcntM00','Y','N',3,5,'SCC0001','N','SYSTEM',CURRENT_TIMESTAMP,'SYSTEM',CURRENT_TIMESTAMP);
INSERT INTO menu_bsc (menu_mgno,up_menu_mgno,menu_cl_cd,menu_nm,menu_expln,menu_url_addr,expsr_yn,popup_yn,menu_lvl,sort_seqo,sys_cl_cd,del_yn,rgtr_id,reg_dt,mdfr_id,mdfcn_dt) VALUES ('MN05030600','MN05030000','MCC0002','취소계정','취소계정 메뉴입니다.','Biz_prfmnc::acnt/RtrcnAcntM00','Y','N',3,6,'SCC0001','N','SYSTEM',CURRENT_TIMESTAMP,'SYSTEM',CURRENT_TIMESTAMP);
INSERT INTO menu_bsc (menu_mgno,up_menu_mgno,menu_cl_cd,menu_nm,menu_expln,menu_url_addr,expsr_yn,popup_yn,menu_lvl,sort_seqo,sys_cl_cd,del_yn,rgtr_id,reg_dt,mdfr_id,mdfcn_dt) VALUES ('MN06000000','MN00000000','MCC0001','사업수행자관리','사업수행자관리 메뉴입니다.','','Y','N',1,6,'SCC0001','N','SYSTEM',CURRENT_TIMESTAMP,'SYSTEM',CURRENT_TIMESTAMP);
INSERT INTO menu_bsc (menu_mgno,up_menu_mgno,menu_cl_cd,menu_nm,menu_expln,menu_url_addr,expsr_yn,popup_yn,menu_lvl,sort_seqo,sys_cl_cd,del_yn,rgtr_id,reg_dt,mdfr_id,mdfcn_dt) VALUES ('MN06010000','MN06000000','MCC0002','등록관리','등록관리 메뉴입니다.','Biz_user::user/UserRegM00','Y','N',2,1,'SCC0001','N','SYSTEM',CURRENT_TIMESTAMP,'SYSTEM',CURRENT_TIMESTAMP);
INSERT INTO menu_bsc (menu_mgno,up_menu_mgno,menu_cl_cd,menu_nm,menu_expln,menu_url_addr,expsr_yn,popup_yn,menu_lvl,sort_seqo,sys_cl_cd,del_yn,rgtr_id,reg_dt,mdfr_id,mdfcn_dt) VALUES ('MN06030000','MN06000000','MCC0001','사용자관리','사용자관리 메뉴입니다.','','Y','N',2,3,'SCC0001','N','SYSTEM',CURRENT_TIMESTAMP,'SYSTEM',CURRENT_TIMESTAMP);
INSERT INTO menu_bsc (menu_mgno,up_menu_mgno,menu_cl_cd,menu_nm,menu_expln,menu_url_addr,expsr_yn,popup_yn,menu_lvl,sort_seqo,sys_cl_cd,del_yn,rgtr_id,reg_dt,mdfr_id,mdfcn_dt) VALUES ('MN06030100','MN06030000','MCC0002','사용자관리','사용자관리 메뉴입니다.','Biz_user::user/UserMngM00','Y','N',3,1,'SCC0001','N','SYSTEM',CURRENT_TIMESTAMP,'SYSTEM',CURRENT_TIMESTAMP);
INSERT INTO menu_bsc (menu_mgno,up_menu_mgno,menu_cl_cd,menu_nm,menu_expln,menu_url_addr,expsr_yn,popup_yn,menu_lvl,sort_seqo,sys_cl_cd,del_yn,rgtr_id,reg_dt,mdfr_id,mdfcn_dt) VALUES ('MN06030200','MN06030000','MCC0002','개인정보열람이력','개인정보열람이력 메뉴입니다.','Biz_user::user/PrvcPrslHstryM00','Y','N',3,2,'SCC0001','N','SYSTEM',CURRENT_TIMESTAMP,'SYSTEM',CURRENT_TIMESTAMP);
INSERT INTO menu_bsc (menu_mgno,up_menu_mgno,menu_cl_cd,menu_nm,menu_expln,menu_url_addr,expsr_yn,popup_yn,menu_lvl,sort_seqo,sys_cl_cd,del_yn,rgtr_id,reg_dt,mdfr_id,mdfcn_dt) VALUES ('MN06030300','MN06030000','MCC0002','개인정보취급자관리','개인정보취급자관리 메뉴입니다.','Biz_user::user/PrvcMngM00','Y','N',3,3,'SCC0001','N','SYSTEM',CURRENT_TIMESTAMP,'SYSTEM',CURRENT_TIMESTAMP);
INSERT INTO menu_bsc (menu_mgno,up_menu_mgno,menu_cl_cd,menu_nm,menu_expln,menu_url_addr,expsr_yn,popup_yn,menu_lvl,sort_seqo,sys_cl_cd,del_yn,rgtr_id,reg_dt,mdfr_id,mdfcn_dt) VALUES ('MN06030400','MN06030000','MCC0002','사용자 활동내역','사용자 활동내역 메뉴입니다.','Biz_user::user/UserActvDsctnM00','Y','N',3,4,'SCC0001','N','SYSTEM',CURRENT_TIMESTAMP,'SYSTEM',CURRENT_TIMESTAMP);
INSERT INTO menu_bsc (menu_mgno,up_menu_mgno,menu_cl_cd,menu_nm,menu_expln,menu_url_addr,expsr_yn,popup_yn,menu_lvl,sort_seqo,sys_cl_cd,del_yn,rgtr_id,reg_dt,mdfr_id,mdfcn_dt) VALUES ('MN06030500','MN06030000','MCC0002','사용자 접속현황','사용자 접속현황 메뉴입니다.','Biz_user::user/UserCntnPrcndM00','Y','N',3,5,'SCC0001','N','SYSTEM',CURRENT_TIMESTAMP,'SYSTEM',CURRENT_TIMESTAMP);
INSERT INTO menu_bsc (menu_mgno,up_menu_mgno,menu_cl_cd,menu_nm,menu_expln,menu_url_addr,expsr_yn,popup_yn,menu_lvl,sort_seqo,sys_cl_cd,del_yn,rgtr_id,reg_dt,mdfr_id,mdfcn_dt) VALUES ('MN06060000','MN06000000','MCC0001','코드관리','코드관리 메뉴입니다.','','Y','N',2,6,'SCC0001','N','SYSTEM',CURRENT_TIMESTAMP,'SYSTEM',CURRENT_TIMESTAMP);
INSERT INTO menu_bsc (menu_mgno,up_menu_mgno,menu_cl_cd,menu_nm,menu_expln,menu_url_addr,expsr_yn,popup_yn,menu_lvl,sort_seqo,sys_cl_cd,del_yn,rgtr_id,reg_dt,mdfr_id,mdfcn_dt) VALUES ('MN06070000','MN06000000','MCC0001','알림(SMS) 관리','알림(SMS) 관리 메뉴입니다.','','Y','N',2,7,'SCC0001','N','SYSTEM',CURRENT_TIMESTAMP,'SYSTEM',CURRENT_TIMESTAMP);
INSERT INTO menu_bsc (menu_mgno,up_menu_mgno,menu_cl_cd,menu_nm,menu_expln,menu_url_addr,expsr_yn,popup_yn,menu_lvl,sort_seqo,sys_cl_cd,del_yn,rgtr_id,reg_dt,mdfr_id,mdfcn_dt) VALUES ('MN06070100','MN06070000','MCC0002','메시지 관리','메시지 관리 메뉴입니다.','Biz_user::nti/MsgM00','Y','N',3,1,'SCC0001','N','SYSTEM',CURRENT_TIMESTAMP,'SYSTEM',CURRENT_TIMESTAMP);
INSERT INTO menu_bsc (menu_mgno,up_menu_mgno,menu_cl_cd,menu_nm,menu_expln,menu_url_addr,expsr_yn,popup_yn,menu_lvl,sort_seqo,sys_cl_cd,del_yn,rgtr_id,reg_dt,mdfr_id,mdfcn_dt) VALUES ('MN06070200','MN06070000','MCC0002','전송 관리','전송 관리 메뉴입니다.','Biz_user::nti/TrsmMngM00','Y','N',3,2,'SCC0001','N','SYSTEM',CURRENT_TIMESTAMP,'SYSTEM',CURRENT_TIMESTAMP);
INSERT INTO menu_bsc (menu_mgno,up_menu_mgno,menu_cl_cd,menu_nm,menu_expln,menu_url_addr,expsr_yn,popup_yn,menu_lvl,sort_seqo,sys_cl_cd,del_yn,rgtr_id,reg_dt,mdfr_id,mdfcn_dt) VALUES ('MN06070300','MN06070000','MCC0002','전송이력관리','전송이력관리 메뉴입니다.','Biz_user::nti/TrsmHstryM00','Y','N',3,3,'SCC0001','N','SYSTEM',CURRENT_TIMESTAMP,'SYSTEM',CURRENT_TIMESTAMP);
INSERT INTO menu_bsc (menu_mgno,up_menu_mgno,menu_cl_cd,menu_nm,menu_expln,menu_url_addr,expsr_yn,popup_yn,menu_lvl,sort_seqo,sys_cl_cd,del_yn,rgtr_id,reg_dt,mdfr_id,mdfcn_dt) VALUES ('MN07000000','MN00000000','MCC0001','통계','통계 메뉴입니다.','','Y','N',1,7,'SCC0001','N','SYSTEM',CURRENT_TIMESTAMP,'SYSTEM',CURRENT_TIMESTAMP);
INSERT INTO menu_bsc (menu_mgno,up_menu_mgno,menu_cl_cd,menu_nm,menu_expln,menu_url_addr,expsr_yn,popup_yn,menu_lvl,sort_seqo,sys_cl_cd,del_yn,rgtr_id,reg_dt,mdfr_id,mdfcn_dt) VALUES ('MN07020000','MN07000000','MCC0002','방법론 현황','방법론 현황 메뉴입니다.','Biz_stats::MhdlgStatsM00','Y','N',2,2,'SCC0001','N','SYSTEM',CURRENT_TIMESTAMP,'SYSTEM',CURRENT_TIMESTAMP);
INSERT INTO menu_bsc (menu_mgno,up_menu_mgno,menu_cl_cd,menu_nm,menu_expln,menu_url_addr,expsr_yn,popup_yn,menu_lvl,sort_seqo,sys_cl_cd,del_yn,rgtr_id,reg_dt,mdfr_id,mdfcn_dt) VALUES ('MN99020000','MN00000000','MCC0002','방법론현황 검색 팝업','방법론현황 검색 팝업입니다.','Biz_Popup::MhdlgP01','N','Y',1,2,'SCC0001','N','SYSTEM',CURRENT_TIMESTAMP,'SYSTEM',CURRENT_TIMESTAMP);
INSERT INTO menu_bsc (menu_mgno,up_menu_mgno,menu_cl_cd,menu_nm,menu_expln,menu_url_addr,expsr_yn,popup_yn,menu_lvl,sort_seqo,sys_cl_cd,del_yn,rgtr_id,reg_dt,mdfr_id,mdfcn_dt) VALUES ('MN07010000','MN07000000','MCC0002','협정 · 약정 현황','협정.약정 현황 메뉴입니다.','Biz_stats::AgrStiplStatsM00','Y','N',2,1,'SCC0001','N','SYSTEM',CURRENT_TIMESTAMP,'SYSTEM',CURRENT_TIMESTAMP);
INSERT INTO menu_bsc (menu_mgno,up_menu_mgno,menu_cl_cd,menu_nm,menu_expln,menu_url_addr,expsr_yn,popup_yn,menu_lvl,sort_seqo,sys_cl_cd,del_yn,rgtr_id,reg_dt,mdfr_id,mdfcn_dt) VALUES ('MN99030000','MN00000000','MCC0002','사업수행자 검색 팝업','사업수행자 검색 팝업입니다.','Biz_Popup::UserP01','N','Y',1,3,'SCC0001','N','SYSTEM',CURRENT_TIMESTAMP,'SYSTEM',CURRENT_TIMESTAMP);
INSERT INTO menu_bsc (menu_mgno,up_menu_mgno,menu_cl_cd,menu_nm,menu_expln,menu_url_addr,expsr_yn,popup_yn,menu_lvl,sort_seqo,sys_cl_cd,del_yn,rgtr_id,reg_dt,mdfr_id,mdfcn_dt) VALUES ('MN04010700','MN04010000','MCC0002','사업 추가자료','사업 추가자료 팝업입니다.','Biz_biz::aply/AprvAplyP01','N','Y',3,7,'SCC0001','N','SYSTEM',CURRENT_TIMESTAMP,'SYSTEM',CURRENT_TIMESTAMP);
INSERT INTO menu_bsc (menu_mgno,up_menu_mgno,menu_cl_cd,menu_nm,menu_expln,menu_url_addr,expsr_yn,popup_yn,menu_lvl,sort_seqo,sys_cl_cd,del_yn,rgtr_id,reg_dt,mdfr_id,mdfcn_dt) VALUES ('MN06020000','MN06000000','MCC0002','정보관리','정보관리 메뉴입니다.','Biz_user::user/BzentMngM00','Y','N',2,2,'SCC0001','N','SYSTEM',CURRENT_TIMESTAMP,'SYSTEM',CURRENT_TIMESTAMP);
INSERT INTO menu_bsc (menu_mgno,up_menu_mgno,menu_cl_cd,menu_nm,menu_expln,menu_url_addr,expsr_yn,popup_yn,menu_lvl,sort_seqo,sys_cl_cd,del_yn,rgtr_id,reg_dt,mdfr_id,mdfcn_dt) VALUES ('MN08010000','MN08000000','MCC0002','사업 비공개 관리','사업 비공개 관리 메뉴입니다.','Biz_inforls::BizPrvtM00','Y','N',2,1,'SCC0001','N','SYSTEM',CURRENT_TIMESTAMP,'SYSTEM',CURRENT_TIMESTAMP);
INSERT INTO menu_bsc (menu_mgno,up_menu_mgno,menu_cl_cd,menu_nm,menu_expln,menu_url_addr,expsr_yn,popup_yn,menu_lvl,sort_seqo,sys_cl_cd,del_yn,rgtr_id,reg_dt,mdfr_id,mdfcn_dt) VALUES ('MN08000000','MN00000000','MCC0001','정보 공개','정보 공개 메뉴입니다.','','Y','N',1,8,'SCC0001','N','SYSTEM',CURRENT_TIMESTAMP,'SYSTEM',CURRENT_TIMESTAMP);
INSERT INTO menu_bsc (menu_mgno,up_menu_mgno,menu_cl_cd,menu_nm,menu_expln,menu_url_addr,expsr_yn,popup_yn,menu_lvl,sort_seqo,sys_cl_cd,del_yn,rgtr_id,reg_dt,mdfr_id,mdfcn_dt) VALUES ('MN06060100','MN06060000','MCC0002','국가코드 관리','국가코드 관리 메뉴입니다.','Biz_user::cd/NtnCdM00','Y','N',3,1,'SCC0001','N','SYSTEM',CURRENT_TIMESTAMP,'SYSTEM',CURRENT_TIMESTAMP);
INSERT INTO menu_bsc (menu_mgno,up_menu_mgno,menu_cl_cd,menu_nm,menu_expln,menu_url_addr,expsr_yn,popup_yn,menu_lvl,sort_seqo,sys_cl_cd,del_yn,rgtr_id,reg_dt,mdfr_id,mdfcn_dt) VALUES ('MN06062100','MN06060000','MCC0002','사업분야 정보 관리','사업분야 정보 관리 메뉴입니다.','Biz_user::cd/BizFldInfoM00','Y','N',3,7,'SCC0001','N','SYSTEM',CURRENT_TIMESTAMP,'SYSTEM',CURRENT_TIMESTAMP);
INSERT INTO menu_bsc (menu_mgno,up_menu_mgno,menu_cl_cd,menu_nm,menu_expln,menu_url_addr,expsr_yn,popup_yn,menu_lvl,sort_seqo,sys_cl_cd,del_yn,rgtr_id,reg_dt,mdfr_id,mdfcn_dt) VALUES ('MN06061100','MN06060000','MCC0002','오류메시지 관리','오류메시지 관리 메뉴입니다.','Biz_user::cd/ErrMsgM00','Y','N',3,4,'SCC0001','N','SYSTEM',CURRENT_TIMESTAMP,'SYSTEM',CURRENT_TIMESTAMP);
INSERT INTO menu_bsc (menu_mgno,up_menu_mgno,menu_cl_cd,menu_nm,menu_expln,menu_url_addr,expsr_yn,popup_yn,menu_lvl,sort_seqo,sys_cl_cd,del_yn,rgtr_id,reg_dt,mdfr_id,mdfcn_dt) VALUES ('MN06063100','MN06060000','MCC0002','부처 정보 관리','부처 정보 관리 메뉴입니다.','Biz_user::cd/MnofcInfoM00','Y','N',3,8,'SCC0001','N','SYSTEM',CURRENT_TIMESTAMP,'SYSTEM',CURRENT_TIMESTAMP);
INSERT INTO menu_bsc (menu_mgno,up_menu_mgno,menu_cl_cd,menu_nm,menu_expln,menu_url_addr,expsr_yn,popup_yn,menu_lvl,sort_seqo,sys_cl_cd,del_yn,rgtr_id,reg_dt,mdfr_id,mdfcn_dt) VALUES ('MN06064100','MN06060000','MCC0002','공통 코드 관리','공통 코드 관리 메뉴입니다.','Biz_user::cd/ComCdM00','Y','N',3,13,'SCC0001','N','SYSTEM',CURRENT_TIMESTAMP,'SYSTEM',CURRENT_TIMESTAMP);
INSERT INTO menu_bsc (menu_mgno,up_menu_mgno,menu_cl_cd,menu_nm,menu_expln,menu_url_addr,expsr_yn,popup_yn,menu_lvl,sort_seqo,sys_cl_cd,del_yn,rgtr_id,reg_dt,mdfr_id,mdfcn_dt) VALUES ('MN07040000','MN07000000','MCC0002','국제감축실적 현황','국제감축실적 현황 메뉴입니다.','Biz_stats::IrpStatsM00','Y','N',2,5,'SCC0001','Y','SYSTEM',CURRENT_TIMESTAMP,'SYSTEM',CURRENT_TIMESTAMP);
INSERT INTO menu_bsc (menu_mgno,up_menu_mgno,menu_cl_cd,menu_nm,menu_expln,menu_url_addr,expsr_yn,popup_yn,menu_lvl,sort_seqo,sys_cl_cd,del_yn,rgtr_id,reg_dt,mdfr_id,mdfcn_dt) VALUES ('MN07050000','MN07000000','MCC0002','부문별 현황','부문별 현황 메뉴입니다.','Biz_stats::SectStatsM00','Y','N',2,6,'SCC0001','N','SYSTEM',CURRENT_TIMESTAMP,'SYSTEM',CURRENT_TIMESTAMP);
INSERT INTO menu_bsc (menu_mgno,up_menu_mgno,menu_cl_cd,menu_nm,menu_expln,menu_url_addr,expsr_yn,popup_yn,menu_lvl,sort_seqo,sys_cl_cd,del_yn,rgtr_id,reg_dt,mdfr_id,mdfcn_dt) VALUES ('MN99010000','MN00000000','MCC0002','국제감축협의체 목록 팝업','국제감축협의체 목록 팝업입니다.','Biz_Popup::AgrstipP01','N','Y',1,1,'SCC0001','N','SYSTEM',CURRENT_TIMESTAMP,'SYSTEM',CURRENT_TIMESTAMP);
INSERT INTO menu_bsc (menu_mgno,up_menu_mgno,menu_cl_cd,menu_nm,menu_expln,menu_url_addr,expsr_yn,popup_yn,menu_lvl,sort_seqo,sys_cl_cd,del_yn,rgtr_id,reg_dt,mdfr_id,mdfcn_dt) VALUES ('MN08020000','MN08000000','MCC0002','실적 비공개 관리','실적 비공개 관리 메뉴입니다.','Biz_inforls::PrfmncPrvtM00','Y','N',2,2,'SCC0001','Y','SYSTEM',CURRENT_TIMESTAMP,'SYSTEM',CURRENT_TIMESTAMP);
INSERT INTO menu_bsc (menu_mgno,up_menu_mgno,menu_cl_cd,menu_nm,menu_expln,menu_url_addr,expsr_yn,popup_yn,menu_lvl,sort_seqo,sys_cl_cd,del_yn,rgtr_id,reg_dt,mdfr_id,mdfcn_dt) VALUES ('MN06030700','MN06030000','MCC0002','관장기관 지정','관장기관 지정 메뉴입니다.','Biz_user::inst/InstDsgnM00','Y','N',3,7,'SCC0001','N','SYSTEM',CURRENT_TIMESTAMP,'SYSTEM',CURRENT_TIMESTAMP);
INSERT INTO menu_bsc (menu_mgno,up_menu_mgno,menu_cl_cd,menu_nm,menu_expln,menu_url_addr,expsr_yn,popup_yn,menu_lvl,sort_seqo,sys_cl_cd,del_yn,rgtr_id,reg_dt,mdfr_id,mdfcn_dt) VALUES ('MN04010800','MN04010000','MCC0002','프로그램사업 검색 팝업','프로그램사업 검색 팝업입니다.','Biz_biz::aply/AprvAplyP02','N','Y',3,7,'SCC0001','N','SYSTEM',CURRENT_TIMESTAMP,'SYSTEM',CURRENT_TIMESTAMP);
INSERT INTO menu_bsc (menu_mgno,up_menu_mgno,menu_cl_cd,menu_nm,menu_expln,menu_url_addr,expsr_yn,popup_yn,menu_lvl,sort_seqo,sys_cl_cd,del_yn,rgtr_id,reg_dt,mdfr_id,mdfcn_dt) VALUES ('MN02040000','MN02000000','MCC0002','국제감축협의체 팝업','국제감축협의체 팝업입니다.','Biz_cnsltngrp::CnsltngrpP01','N','Y',2,2,'SCC0001','N','SYSTEM',CURRENT_TIMESTAMP,'SYSTEM',CURRENT_TIMESTAMP);
INSERT INTO menu_bsc (menu_mgno,up_menu_mgno,menu_cl_cd,menu_nm,menu_expln,menu_url_addr,expsr_yn,popup_yn,menu_lvl,sort_seqo,sys_cl_cd,del_yn,rgtr_id,reg_dt,mdfr_id,mdfcn_dt) VALUES ('MN03030000','MN03000000','MCC0002','방법론 추가자료','방법론 추가자료 팝업입니다.','Biz_mhdlg::MhdlgAplyP01','N','Y',3,3,'SCC0001','N','SYSTEM',CURRENT_TIMESTAMP,'SYSTEM',CURRENT_TIMESTAMP);
INSERT INTO menu_bsc (menu_mgno,up_menu_mgno,menu_cl_cd,menu_nm,menu_expln,menu_url_addr,expsr_yn,popup_yn,menu_lvl,sort_seqo,sys_cl_cd,del_yn,rgtr_id,reg_dt,mdfr_id,mdfcn_dt) VALUES ('MN03040000','MN03000000','MCC0002','방법론별 사업조회','방법론별 사업조회 팝업입니다.','Biz_mhdlg::MhdlgAplyP02','N','Y',3,4,'SCC0001','N','SYSTEM',CURRENT_TIMESTAMP,'SYSTEM',CURRENT_TIMESTAMP);
INSERT INTO menu_bsc (menu_mgno,up_menu_mgno,menu_cl_cd,menu_nm,menu_expln,menu_url_addr,expsr_yn,popup_yn,menu_lvl,sort_seqo,sys_cl_cd,del_yn,rgtr_id,reg_dt,mdfr_id,mdfcn_dt) VALUES ('MN99040000','MN00000000','MCC0002','관장기관지정 팝업','관장기관지정 팝업입니다.','Biz_Popup::CmptncInstP01','N','Y',1,3,'SCC0001','N','SYSTEM',CURRENT_TIMESTAMP,'SYSTEM',CURRENT_TIMESTAMP);
INSERT INTO menu_bsc (menu_mgno,up_menu_mgno,menu_cl_cd,menu_nm,menu_expln,menu_url_addr,expsr_yn,popup_yn,menu_lvl,sort_seqo,sys_cl_cd,del_yn,rgtr_id,reg_dt,mdfr_id,mdfcn_dt) VALUES ('MN99050000','MN00000000','MCC0002','이력팝업','이력팝업입니다.','Biz_Popup::HstryP01','N','Y',1,3,'SCC0001','N','SYSTEM',CURRENT_TIMESTAMP,'SYSTEM',CURRENT_TIMESTAMP);
INSERT INTO menu_bsc (menu_mgno,up_menu_mgno,menu_cl_cd,menu_nm,menu_expln,menu_url_addr,expsr_yn,popup_yn,menu_lvl,sort_seqo,sys_cl_cd,del_yn,rgtr_id,reg_dt,mdfr_id,mdfcn_dt) VALUES ('MN04010900','MN04010000','MCC0002','사업 변경 및 갱신 팝업','사업 변경 및 갱신 팝업입니다.','Biz_biz::aply/AprvAplyP03','N','Y',3,7,'SCC0001','N','SYSTEM',CURRENT_TIMESTAMP,'SYSTEM',CURRENT_TIMESTAMP);
INSERT INTO menu_bsc (menu_mgno,up_menu_mgno,menu_cl_cd,menu_nm,menu_expln,menu_url_addr,expsr_yn,popup_yn,menu_lvl,sort_seqo,sys_cl_cd,del_yn,rgtr_id,reg_dt,mdfr_id,mdfcn_dt) VALUES ('MN06070400','MN06070000','MCC0002','메시지 검색 팝업','메시지 검색 팝업입니다.','Biz_user::nti/TrsmMngP01','N','Y',3,4,'SCC0001','N','SYSTEM',CURRENT_TIMESTAMP,'SYSTEM',CURRENT_TIMESTAMP);
INSERT INTO menu_bsc (menu_mgno,up_menu_mgno,menu_cl_cd,menu_nm,menu_expln,menu_url_addr,expsr_yn,popup_yn,menu_lvl,sort_seqo,sys_cl_cd,del_yn,rgtr_id,reg_dt,mdfr_id,mdfcn_dt) VALUES ('MN06070500','MN06070000','MCC0002','전송시간 입력팝업','전송시간 입력팝업입니다.','Biz_user::nti/TrsmMngP02','N','Y',3,5,'SCC0001','N','SYSTEM',CURRENT_TIMESTAMP,'SYSTEM',CURRENT_TIMESTAMP);
INSERT INTO menu_bsc (menu_mgno,up_menu_mgno,menu_cl_cd,menu_nm,menu_expln,menu_url_addr,expsr_yn,popup_yn,menu_lvl,sort_seqo,sys_cl_cd,del_yn,rgtr_id,reg_dt,mdfr_id,mdfcn_dt) VALUES ('MN06070600','MN06070000','MCC0002','즉시전송 대상자 검색 팝업','즉시전송 대상자 검색 팝업입니다.','Biz_user::nti/TrsmMngP03','N','Y',3,6,'SCC0001','N','SYSTEM',CURRENT_TIMESTAMP,'SYSTEM',CURRENT_TIMESTAMP);
INSERT INTO menu_bsc (menu_mgno,up_menu_mgno,menu_cl_cd,menu_nm,menu_expln,menu_url_addr,expsr_yn,popup_yn,menu_lvl,sort_seqo,sys_cl_cd,del_yn,rgtr_id,reg_dt,mdfr_id,mdfcn_dt) VALUES ('MN03050000','MN03000000','MCC0002','방법론별 제개정이력 조회','방법론별 제개정이력조회 팝업입니다.','Biz_mhdlg::MhdlgPrcndP01','N','Y',3,5,'SCC0001','N','SYSTEM',CURRENT_TIMESTAMP,'SYSTEM',CURRENT_TIMESTAMP);
INSERT INTO menu_bsc (menu_mgno,up_menu_mgno,menu_cl_cd,menu_nm,menu_expln,menu_url_addr,expsr_yn,popup_yn,menu_lvl,sort_seqo,sys_cl_cd,del_yn,rgtr_id,reg_dt,mdfr_id,mdfcn_dt) VALUES ('MN03060000','MN03000000','MCC0002','방법론수정이력 조회','방법론수정이력조회 팝업입니다.','Biz_mhdlg::MhdlgPrcndP02','N','Y',3,6,'SCC0001','N','SYSTEM',CURRENT_TIMESTAMP,'SYSTEM',CURRENT_TIMESTAMP);
INSERT INTO menu_bsc (menu_mgno,up_menu_mgno,menu_cl_cd,menu_nm,menu_expln,menu_url_addr,expsr_yn,popup_yn,menu_lvl,sort_seqo,sys_cl_cd,del_yn,rgtr_id,reg_dt,mdfr_id,mdfcn_dt) VALUES ('MN03010000','MN03000000','MCC0002','방법론 현황','방법론 현황 관리 메뉴입니다.','Biz_mhdlg::MhdlgPrcndM00','Y','N',2,1,'SCC0001','N','SYSTEM',CURRENT_TIMESTAMP,'SYSTEM',CURRENT_TIMESTAMP);
INSERT INTO menu_bsc (menu_mgno,up_menu_mgno,menu_cl_cd,menu_nm,menu_expln,menu_url_addr,expsr_yn,popup_yn,menu_lvl,sort_seqo,sys_cl_cd,del_yn,rgtr_id,reg_dt,mdfr_id,mdfcn_dt) VALUES ('MN08030000','MN08000000','MCC0002','사업 불러오기 검색 팝업','사업 불러오기 검색 팝업입니다.','Biz_inforls::BizPrvtP01','N','Y',2,6,'SCC0001','N','SYSTEM',CURRENT_TIMESTAMP,'SYSTEM',CURRENT_TIMESTAMP);
INSERT INTO menu_bsc (menu_mgno,up_menu_mgno,menu_cl_cd,menu_nm,menu_expln,menu_url_addr,expsr_yn,popup_yn,menu_lvl,sort_seqo,sys_cl_cd,del_yn,rgtr_id,reg_dt,mdfr_id,mdfcn_dt) VALUES ('MN08060000','MN08000000','MCC0002','국제감축사업 정보','국제감축사업 정보 메뉴입니다.','Biz_inforls::IrbInfoM00','Y','N',2,5,'SCC0001','N','SYSTEM',CURRENT_TIMESTAMP,'SYSTEM',CURRENT_TIMESTAMP);
INSERT INTO menu_bsc (menu_mgno,up_menu_mgno,menu_cl_cd,menu_nm,menu_expln,menu_url_addr,expsr_yn,popup_yn,menu_lvl,sort_seqo,sys_cl_cd,del_yn,rgtr_id,reg_dt,mdfr_id,mdfcn_dt) VALUES ('MN04011000','MN04010000','MCC0002','사업 검색 팝업','사업 검색 팝업','Biz_biz::aply/AprvAplyP04','N','Y',3,7,'SCC0001','N','SYSTEM',CURRENT_TIMESTAMP,'SYSTEM',CURRENT_TIMESTAMP);
INSERT INTO menu_bsc (menu_mgno,up_menu_mgno,menu_cl_cd,menu_nm,menu_expln,menu_url_addr,expsr_yn,popup_yn,menu_lvl,sort_seqo,sys_cl_cd,del_yn,rgtr_id,reg_dt,mdfr_id,mdfcn_dt) VALUES ('MN06063400','MN06060000','MCC0002','부처 하위기관 등록 팝업','부처 하위기관 등록 팝업입니다.','Biz_user::cd/MnofcInfoP03','N','Y',3,11,'SCC0001','N','SYSTEM',CURRENT_TIMESTAMP,'SYSTEM',CURRENT_TIMESTAMP);
INSERT INTO menu_bsc (menu_mgno,up_menu_mgno,menu_cl_cd,menu_nm,menu_expln,menu_url_addr,expsr_yn,popup_yn,menu_lvl,sort_seqo,sys_cl_cd,del_yn,rgtr_id,reg_dt,mdfr_id,mdfcn_dt) VALUES ('MN04011300','MN04010000','MCC0002','미사용','미사용','Biz_biz::aply/AprvAplyP07','N','Y',3,7,'SCC0001','N','SYSTEM',CURRENT_TIMESTAMP,'SYSTEM',CURRENT_TIMESTAMP);
INSERT INTO menu_bsc (menu_mgno,up_menu_mgno,menu_cl_cd,menu_nm,menu_expln,menu_url_addr,expsr_yn,popup_yn,menu_lvl,sort_seqo,sys_cl_cd,del_yn,rgtr_id,reg_dt,mdfr_id,mdfcn_dt) VALUES ('MN99060000','MN00000000','MCC0002','엑셀다운로드팝업','엑셀다운로드팝업입니다.','Biz_Popup::ExcelDownP01','N','Y',1,5,'SCC0001','N','SYSTEM',CURRENT_TIMESTAMP,'SYSTEM',CURRENT_TIMESTAMP);
INSERT INTO menu_bsc (menu_mgno,up_menu_mgno,menu_cl_cd,menu_nm,menu_expln,menu_url_addr,expsr_yn,popup_yn,menu_lvl,sort_seqo,sys_cl_cd,del_yn,rgtr_id,reg_dt,mdfr_id,mdfcn_dt) VALUES ('MN06061200','MN06060000','MCC0002','오류메시지 등록 팝업','오류메시지 등록 팝업입니다.','Biz_user::cd/ErrMsgP01','N','Y',3,5,'SCC0001','N','SYSTEM',CURRENT_TIMESTAMP,'SYSTEM',CURRENT_TIMESTAMP);
INSERT INTO menu_bsc (menu_mgno,up_menu_mgno,menu_cl_cd,menu_nm,menu_expln,menu_url_addr,expsr_yn,popup_yn,menu_lvl,sort_seqo,sys_cl_cd,del_yn,rgtr_id,reg_dt,mdfr_id,mdfcn_dt) VALUES ('MN06061300','MN06060000','MCC0002','오류메시지 수정 팝업','오류메시지 수정 팝업입니다.','Biz_user::cd/ErrMsgP02','N','Y',3,6,'SCC0001','N','SYSTEM',CURRENT_TIMESTAMP,'SYSTEM',CURRENT_TIMESTAMP);
INSERT INTO menu_bsc (menu_mgno,up_menu_mgno,menu_cl_cd,menu_nm,menu_expln,menu_url_addr,expsr_yn,popup_yn,menu_lvl,sort_seqo,sys_cl_cd,del_yn,rgtr_id,reg_dt,mdfr_id,mdfcn_dt) VALUES ('MN06063200','MN06060000','MCC0002','부처 등록 팝업','부처 등록 팝업입니다.','Biz_user::cd/MnofcInfoP01','N','Y',3,9,'SCC0001','N','SYSTEM',CURRENT_TIMESTAMP,'SYSTEM',CURRENT_TIMESTAMP);
INSERT INTO menu_bsc (menu_mgno,up_menu_mgno,menu_cl_cd,menu_nm,menu_expln,menu_url_addr,expsr_yn,popup_yn,menu_lvl,sort_seqo,sys_cl_cd,del_yn,rgtr_id,reg_dt,mdfr_id,mdfcn_dt) VALUES ('MN04011100','MN04010000','MCC0002','사업신청완료팝업','사업신청완료팝업','Biz_biz::aply/AprvAplyP05','N','Y',3,7,'SCC0001','N','SYSTEM',CURRENT_TIMESTAMP,'SYSTEM',CURRENT_TIMESTAMP);
INSERT INTO menu_bsc (menu_mgno,up_menu_mgno,menu_cl_cd,menu_nm,menu_expln,menu_url_addr,expsr_yn,popup_yn,menu_lvl,sort_seqo,sys_cl_cd,del_yn,rgtr_id,reg_dt,mdfr_id,mdfcn_dt) VALUES ('MN01030000','MN01000000','MCC0002','국제감축협의체 조회 팝업','국제감축협의체 조회 팝업입니다.','Biz_agrstipl::AgrStiplP01','N','Y',2,2,'SCC0001','N','SYSTEM',CURRENT_TIMESTAMP,'SYSTEM',CURRENT_TIMESTAMP);
INSERT INTO menu_bsc (menu_mgno,up_menu_mgno,menu_cl_cd,menu_nm,menu_expln,menu_url_addr,expsr_yn,popup_yn,menu_lvl,sort_seqo,sys_cl_cd,del_yn,rgtr_id,reg_dt,mdfr_id,mdfcn_dt) VALUES ('MN02050000','MN02000000','MCC0002','방법론 조회 팝업','방법론 조회 팝업입니다.','Biz_cnsltngrp::CnsltngrpP02','N','Y',2,2,'SCC0001','N','SYSTEM',CURRENT_TIMESTAMP,'SYSTEM',CURRENT_TIMESTAMP);
INSERT INTO menu_bsc (menu_mgno,up_menu_mgno,menu_cl_cd,menu_nm,menu_expln,menu_url_addr,expsr_yn,popup_yn,menu_lvl,sort_seqo,sys_cl_cd,del_yn,rgtr_id,reg_dt,mdfr_id,mdfcn_dt) VALUES ('MN02060000','MN02000000','MCC0002','사업 조회 팝업','사업 조회 팝업입니다.','Biz_cnsltngrp::CnsltngrpP03','N','Y',2,2,'SCC0001','N','SYSTEM',CURRENT_TIMESTAMP,'SYSTEM',CURRENT_TIMESTAMP);
INSERT INTO menu_bsc (menu_mgno,up_menu_mgno,menu_cl_cd,menu_nm,menu_expln,menu_url_addr,expsr_yn,popup_yn,menu_lvl,sort_seqo,sys_cl_cd,del_yn,rgtr_id,reg_dt,mdfr_id,mdfcn_dt) VALUES ('MN06060200','MN06060000','MCC0002','국가코드 등록 팝업','국가코드 등록 팝업입니다.','Biz_user::cd/NtnCdP01','N','Y',3,2,'SCC0001','N','SYSTEM',CURRENT_TIMESTAMP,'SYSTEM',CURRENT_TIMESTAMP);
INSERT INTO menu_bsc (menu_mgno,up_menu_mgno,menu_cl_cd,menu_nm,menu_expln,menu_url_addr,expsr_yn,popup_yn,menu_lvl,sort_seqo,sys_cl_cd,del_yn,rgtr_id,reg_dt,mdfr_id,mdfcn_dt) VALUES ('MN06060300','MN06060000','MCC0002','국가코드 수정 팝업','국가코드 수정 팝업입니다.','Biz_user::cd/NtnCdP02','N','Y',3,3,'SCC0001','N','SYSTEM',CURRENT_TIMESTAMP,'SYSTEM',CURRENT_TIMESTAMP);
INSERT INTO menu_bsc (menu_mgno,up_menu_mgno,menu_cl_cd,menu_nm,menu_expln,menu_url_addr,expsr_yn,popup_yn,menu_lvl,sort_seqo,sys_cl_cd,del_yn,rgtr_id,reg_dt,mdfr_id,mdfcn_dt) VALUES ('MN06063300','MN06060000','MCC0002','부처 수정 팝업','부처 수정 팝업입니다.','Biz_user::cd/MnofcInfoP02','N','Y',3,10,'SCC0001','N','SYSTEM',CURRENT_TIMESTAMP,'SYSTEM',CURRENT_TIMESTAMP);
INSERT INTO menu_bsc (menu_mgno,up_menu_mgno,menu_cl_cd,menu_nm,menu_expln,menu_url_addr,expsr_yn,popup_yn,menu_lvl,sort_seqo,sys_cl_cd,del_yn,rgtr_id,reg_dt,mdfr_id,mdfcn_dt) VALUES ('MN06063500','MN06060000','MCC0002','부처 하위기관 수정 팝업','부처 하위기관 수정 팝업입니다.','Biz_user::cd/MnofcInfoP04','N','Y',3,12,'SCC0001','N','SYSTEM',CURRENT_TIMESTAMP,'SYSTEM',CURRENT_TIMESTAMP);
INSERT INTO menu_bsc (menu_mgno,up_menu_mgno,menu_cl_cd,menu_nm,menu_expln,menu_url_addr,expsr_yn,popup_yn,menu_lvl,sort_seqo,sys_cl_cd,del_yn,rgtr_id,reg_dt,mdfr_id,mdfcn_dt) VALUES ('MN06064200','MN06060000','MCC0002','그룹코드 등록 팝업','그룹코드 등록 팝업입니다.','Biz_user::cd/ComCdP01','N','Y',3,14,'SCC0001','N','SYSTEM',CURRENT_TIMESTAMP,'SYSTEM',CURRENT_TIMESTAMP);
INSERT INTO menu_bsc (menu_mgno,up_menu_mgno,menu_cl_cd,menu_nm,menu_expln,menu_url_addr,expsr_yn,popup_yn,menu_lvl,sort_seqo,sys_cl_cd,del_yn,rgtr_id,reg_dt,mdfr_id,mdfcn_dt) VALUES ('MN06064300','MN06060000','MCC0002','그룹코드 수정 팝업','그룹코드 수정 팝업입니다.','Biz_user::cd/ComCdP02','N','Y',3,15,'SCC0001','N','SYSTEM',CURRENT_TIMESTAMP,'SYSTEM',CURRENT_TIMESTAMP);
INSERT INTO menu_bsc (menu_mgno,up_menu_mgno,menu_cl_cd,menu_nm,menu_expln,menu_url_addr,expsr_yn,popup_yn,menu_lvl,sort_seqo,sys_cl_cd,del_yn,rgtr_id,reg_dt,mdfr_id,mdfcn_dt) VALUES ('MN06064400','MN06060000','MCC0002','코드 등록 팝업','코드 등록 팝업입니다.','Biz_user::cd/ComCdP03','N','Y',3,16,'SCC0001','N','SYSTEM',CURRENT_TIMESTAMP,'SYSTEM',CURRENT_TIMESTAMP);
INSERT INTO menu_bsc (menu_mgno,up_menu_mgno,menu_cl_cd,menu_nm,menu_expln,menu_url_addr,expsr_yn,popup_yn,menu_lvl,sort_seqo,sys_cl_cd,del_yn,rgtr_id,reg_dt,mdfr_id,mdfcn_dt) VALUES ('MN06064500','MN06060000','MCC0002','코드 수정 팝업','코드 수정 팝업입니다.','Biz_user::cd/ComCdP04','N','Y',3,17,'SCC0001','N','SYSTEM',CURRENT_TIMESTAMP,'SYSTEM',CURRENT_TIMESTAMP);
INSERT INTO menu_bsc (menu_mgno,up_menu_mgno,menu_cl_cd,menu_nm,menu_expln,menu_url_addr,expsr_yn,popup_yn,menu_lvl,sort_seqo,sys_cl_cd,del_yn,rgtr_id,reg_dt,mdfr_id,mdfcn_dt) VALUES ('MN07090000','MN07000000','MCC0002','발효기준 년도별 협정, 약정 건수 팝업','년도별 협정, 약정 건수 팝업입니다.','Biz_stats::AgrStiplStatsP01','Y','Y',2,9,'SCC0001','N','SYSTEM',CURRENT_TIMESTAMP,'SYSTEM',CURRENT_TIMESTAMP);
INSERT INTO menu_bsc (menu_mgno,up_menu_mgno,menu_cl_cd,menu_nm,menu_expln,menu_url_addr,expsr_yn,popup_yn,menu_lvl,sort_seqo,sys_cl_cd,del_yn,rgtr_id,reg_dt,mdfr_id,mdfcn_dt) VALUES ('MN04011200','MN04010000','MCC0002','사업 방법론 검색 팝업','사업 방법론 검색 팝업','Biz_biz::aply/AprvAplyP06','N','Y',3,7,'SCC0001','N','SYSTEM',CURRENT_TIMESTAMP,'SYSTEM',CURRENT_TIMESTAMP);
INSERT INTO menu_bsc (menu_mgno,up_menu_mgno,menu_cl_cd,menu_nm,menu_expln,menu_url_addr,expsr_yn,popup_yn,menu_lvl,sort_seqo,sys_cl_cd,del_yn,rgtr_id,reg_dt,mdfr_id,mdfcn_dt) VALUES ('MN07060000','MN07000000','MCC0002','이전 및 거래 현황','이전 및 거래 현황 메뉴입니다.','Biz_stats::BfrDlngStatsM00','Y','N',2,7,'SCC0001','Y','SYSTEM',CURRENT_TIMESTAMP,'SYSTEM',CURRENT_TIMESTAMP);
INSERT INTO menu_bsc (menu_mgno,up_menu_mgno,menu_cl_cd,menu_nm,menu_expln,menu_url_addr,expsr_yn,popup_yn,menu_lvl,sort_seqo,sys_cl_cd,del_yn,rgtr_id,reg_dt,mdfr_id,mdfcn_dt) VALUES ('MN06030600','MN06030000','MCC0002','계정폐쇄신청 관리','계정폐쇄신청 관리 메뉴입니다.','Biz_user::user/AcntClsgAplyM00','Y','N',3,6,'SCC0001','N','SYSTEM',CURRENT_TIMESTAMP,'SYSTEM',CURRENT_TIMESTAMP);
INSERT INTO menu_bsc (menu_mgno,up_menu_mgno,menu_cl_cd,menu_nm,menu_expln,menu_url_addr,expsr_yn,popup_yn,menu_lvl,sort_seqo,sys_cl_cd,del_yn,rgtr_id,reg_dt,mdfr_id,mdfcn_dt) VALUES ('MN07070000','MN07000000','MCC0002','취소 현황','취소 현황 메뉴입니다.','Biz_stats::RtrcnStatsM00','Y','N',2,8,'SCC0001','Y','SYSTEM',CURRENT_TIMESTAMP,'SYSTEM',CURRENT_TIMESTAMP);
INSERT INTO menu_bsc (menu_mgno,up_menu_mgno,menu_cl_cd,menu_nm,menu_expln,menu_url_addr,expsr_yn,popup_yn,menu_lvl,sort_seqo,sys_cl_cd,del_yn,rgtr_id,reg_dt,mdfr_id,mdfcn_dt) VALUES ('MN07080000','MN07000000','MCC0002','처분 현황','처분 현황 메뉴입니다.','Biz_stats::DspsStatsM00','Y','N',2,9,'SCC0001','Y','SYSTEM',CURRENT_TIMESTAMP,'SYSTEM',CURRENT_TIMESTAMP);
INSERT INTO menu_bsc (menu_mgno,up_menu_mgno,menu_cl_cd,menu_nm,menu_expln,menu_url_addr,expsr_yn,popup_yn,menu_lvl,sort_seqo,sys_cl_cd,del_yn,rgtr_id,reg_dt,mdfr_id,mdfcn_dt) VALUES ('MN07030000','MN07000000','MCC0002','국제감축사업 현황','국제감축사업 현황 메뉴입니다.','Biz_stats::IrbStatsM00','Y','N',2,4,'SCC0001','N','SYSTEM',CURRENT_TIMESTAMP,'SYSTEM',CURRENT_TIMESTAMP);
INSERT INTO menu_bsc (menu_mgno,up_menu_mgno,menu_cl_cd,menu_nm,menu_expln,menu_url_addr,expsr_yn,popup_yn,menu_lvl,sort_seqo,sys_cl_cd,del_yn,rgtr_id,reg_dt,mdfr_id,mdfcn_dt) VALUES ('MN07100000','MN07000000','MCC0002','조항별 방법론 현황','조항별 방법론 현황 메뉴입니다.','Biz_stats::ClausMhdlgStatsM00','Y','N',2,3,'SCC0001','N','SYSTEM',CURRENT_TIMESTAMP,'SYSTEM',CURRENT_TIMESTAMP);
INSERT INTO menu_bsc (menu_mgno,up_menu_mgno,menu_cl_cd,menu_nm,menu_expln,menu_url_addr,expsr_yn,popup_yn,menu_lvl,sort_seqo,sys_cl_cd,del_yn,rgtr_id,reg_dt,mdfr_id,mdfcn_dt) VALUES ('MN04010100','MN04010000','MCC0002','사업신청','사업신청 메뉴입니다.','Biz_biz::aply/AprvAplyM00','Y','N',3,1,'SCC0001','N','SYSTEM',CURRENT_TIMESTAMP,'SYSTEM',CURRENT_TIMESTAMP);
INSERT INTO menu_bsc (menu_mgno,up_menu_mgno,menu_cl_cd,menu_nm,menu_expln,menu_url_addr,expsr_yn,popup_yn,menu_lvl,sort_seqo,sys_cl_cd,del_yn,rgtr_id,reg_dt,mdfr_id,mdfcn_dt) VALUES ('MN01040000','MN01000000','MCC0002','사업 조회 팝업','사업 조회 팝업입니다.','Biz_agrstipl::AgrStiplP02','N','Y',2,3,'SCC0001','N','SYSTEM',CURRENT_TIMESTAMP,'SYSTEM',CURRENT_TIMESTAMP);
INSERT INTO menu_bsc (menu_mgno,up_menu_mgno,menu_cl_cd,menu_nm,menu_expln,menu_url_addr,expsr_yn,popup_yn,menu_lvl,sort_seqo,sys_cl_cd,del_yn,rgtr_id,reg_dt,mdfr_id,mdfcn_dt) VALUES ('MN06062200','MN06060000','MCC0002','사업분야 등록 팝업','사업분야 등록 팝업입니다.','Biz_user::cd/BizFldInfoP01','N','Y',3,8,'SCC0001','N','SYSTEM',CURRENT_TIMESTAMP,'SYSTEM',CURRENT_TIMESTAMP);
INSERT INTO menu_bsc (menu_mgno,up_menu_mgno,menu_cl_cd,menu_nm,menu_expln,menu_url_addr,expsr_yn,popup_yn,menu_lvl,sort_seqo,sys_cl_cd,del_yn,rgtr_id,reg_dt,mdfr_id,mdfcn_dt) VALUES ('MN06062300','MN06060000','MCC0002','사업분야 수정 팝업','사업분야 수정 팝업입니다.','Biz_user::cd/BizFldInfoP02','N','Y',3,9,'SCC0001','N','SYSTEM',CURRENT_TIMESTAMP,'SYSTEM',CURRENT_TIMESTAMP);
INSERT INTO menu_bsc (menu_mgno,up_menu_mgno,menu_cl_cd,menu_nm,menu_expln,menu_url_addr,expsr_yn,popup_yn,menu_lvl,sort_seqo,sys_cl_cd,del_yn,rgtr_id,reg_dt,mdfr_id,mdfcn_dt) VALUES ('MN06062400','MN06060000','MCC0002','사업세부분야 등록 팝업','사업세부분야 등록 팝업입니다.','Biz_user::cd/BizFldInfoP03','N','Y',3,8,'SCC0001','N','SYSTEM',CURRENT_TIMESTAMP,'SYSTEM',CURRENT_TIMESTAMP);
INSERT INTO menu_bsc (menu_mgno,up_menu_mgno,menu_cl_cd,menu_nm,menu_expln,menu_url_addr,expsr_yn,popup_yn,menu_lvl,sort_seqo,sys_cl_cd,del_yn,rgtr_id,reg_dt,mdfr_id,mdfcn_dt) VALUES ('MN06062500','MN06060000','MCC0002','사업세부분야 수정 팝업','사업세부분야 수정 팝업입니다.','Biz_user::cd/BizFldInfoP04','N','Y',3,9,'SCC0001','N','SYSTEM',CURRENT_TIMESTAMP,'SYSTEM',CURRENT_TIMESTAMP);
INSERT INTO menu_bsc (menu_mgno,up_menu_mgno,menu_cl_cd,menu_nm,menu_expln,menu_url_addr,expsr_yn,popup_yn,menu_lvl,sort_seqo,sys_cl_cd,del_yn,rgtr_id,reg_dt,mdfr_id,mdfcn_dt) VALUES ('MN03070000','MN03000000','MCC0002','방법론별 사업조회','방법론별 사업조회 팝업입니다.','Biz_mhdlg::MhdlgPrcndP03','N','Y',3,7,'SCC0001','N','SYSTEM',CURRENT_TIMESTAMP,'SYSTEM',CURRENT_TIMESTAMP);
/* 126 */

/* role_bsc */
INSERT INTO role_bsc (role_id_mgno,role_nm,role_expln,user_cl_cd,sys_cl_cd,del_yn,rgtr_id,reg_dt,mdfr_id,mdfcn_dt) VALUES ('RL00000001','전체관리자','전체관리자 역할입니다.','UCC0001','SCC0001','N','SYSTEM',CURRENT_TIMESTAMP,'SYSTEM',CURRENT_TIMESTAMP);
INSERT INTO role_bsc (role_id_mgno,role_nm,role_expln,user_cl_cd,sys_cl_cd,del_yn,rgtr_id,reg_dt,mdfr_id,mdfcn_dt) VALUES ('RL00000002','관장기관','관장기관 역할입니다.','UCC0002','SCC0001','N','SYSTEM',CURRENT_TIMESTAMP,'SYSTEM',CURRENT_TIMESTAMP);
INSERT INTO role_bsc (role_id_mgno,role_nm,role_expln,user_cl_cd,sys_cl_cd,del_yn,rgtr_id,reg_dt,mdfr_id,mdfcn_dt) VALUES ('RL00000003','위탁기관','위탁기관 역할입니다.','UCC0003','SCC0001','N','SYSTEM',CURRENT_TIMESTAMP,'SYSTEM',CURRENT_TIMESTAMP);
INSERT INTO role_bsc (role_id_mgno,role_nm,role_expln,user_cl_cd,sys_cl_cd,del_yn,rgtr_id,reg_dt,mdfr_id,mdfcn_dt) VALUES ('RL00000006','외교부','외교부 역할입니다.','UCC0006','SCC0001','N','SYSTEM',CURRENT_TIMESTAMP,'SYSTEM',CURRENT_TIMESTAMP);
INSERT INTO role_bsc (role_id_mgno,role_nm,role_expln,user_cl_cd,sys_cl_cd,del_yn,rgtr_id,reg_dt,mdfr_id,mdfcn_dt) VALUES ('RL00000007','기타부처','기타부처 역할입니다.','UCC0007','SCC0001','N','SYSTEM',CURRENT_TIMESTAMP,'SYSTEM',CURRENT_TIMESTAMP);
INSERT INTO role_bsc (role_id_mgno,role_nm,role_expln,user_cl_cd,sys_cl_cd,del_yn,rgtr_id,reg_dt,mdfr_id,mdfcn_dt) VALUES ('RL00000008','비승인사용자','비승인사용자 역할입니다.','UCC0008','SCC0001','N','SYSTEM',CURRENT_TIMESTAMP,'SYSTEM',CURRENT_TIMESTAMP);
INSERT INTO role_bsc (role_id_mgno,role_nm,role_expln,user_cl_cd,sys_cl_cd,del_yn,rgtr_id,reg_dt,mdfr_id,mdfcn_dt) VALUES ('RL00000009','관장기관 사업수행자','관장기관 사업수행자 역할입니다.','UCC0002','SCC0001','N','SYSTEM',CURRENT_TIMESTAMP,'SYSTEM',CURRENT_TIMESTAMP);
INSERT INTO role_bsc (role_id_mgno,role_nm,role_expln,user_cl_cd,sys_cl_cd,del_yn,rgtr_id,reg_dt,mdfr_id,mdfcn_dt) VALUES ('RL00000010','위탁기관 사업수행자','위탁기관 사업수행자 역할입니다.','UCC0003','SCC0001','N','SYSTEM',CURRENT_TIMESTAMP,'SYSTEM',CURRENT_TIMESTAMP);
INSERT INTO role_bsc (role_id_mgno,role_nm,role_expln,user_cl_cd,sys_cl_cd,del_yn,rgtr_id,reg_dt,mdfr_id,mdfcn_dt) VALUES ('RL00000011','비승인 위탁기관','비승인 위탁기관 역할입니다.','UCC0003','SCC0001','N','SYSTEM',CURRENT_TIMESTAMP,'SYSTEM',CURRENT_TIMESTAMP);
INSERT INTO role_bsc (role_id_mgno,role_nm,role_expln,user_cl_cd,sys_cl_cd,del_yn,rgtr_id,reg_dt,mdfr_id,mdfcn_dt) VALUES ('RL00000004','사업수행자 계정관리인','사업수행자 계정관리인 역할입니다.','UCC0004','SCC0001','N','SYSTEM',CURRENT_TIMESTAMP,'SYSTEM',CURRENT_TIMESTAMP);
INSERT INTO role_bsc (role_id_mgno,role_nm,role_expln,user_cl_cd,sys_cl_cd,del_yn,rgtr_id,reg_dt,mdfr_id,mdfcn_dt) VALUES ('RL00000005','사업수행자 계정대표자','사업수행자 계정대표자 역할입니다.','UCC0005','SCC0001','N','SYSTEM',CURRENT_TIMESTAMP,'SYSTEM',CURRENT_TIMESTAMP);
/* 11 */

/* menu_role_dtl */
INSERT INTO menu_role_dtl (role_id_mgno,menu_mgno,role_menu_sn,inq_authrt_yn,reg_authrt_yn,mdfcn_authrt_yn,del_authrt_yn,excn_authrt_yn,del_yn,rgtr_id,reg_dt,mdfr_id,mdfcn_dt) VALUES ('RL00000001','MN01000000',1,'Y','N','N','N','N','N','SYSTEM',CURRENT_TIMESTAMP,'SYSTEM',CURRENT_TIMESTAMP);
INSERT INTO menu_role_dtl (role_id_mgno,menu_mgno,role_menu_sn,inq_authrt_yn,reg_authrt_yn,mdfcn_authrt_yn,del_authrt_yn,excn_authrt_yn,del_yn,rgtr_id,reg_dt,mdfr_id,mdfcn_dt) VALUES ('RL00000001','MN01010000',2,'Y','N','N','N','N','N','SYSTEM',CURRENT_TIMESTAMP,'SYSTEM',CURRENT_TIMESTAMP);
INSERT INTO menu_role_dtl (role_id_mgno,menu_mgno,role_menu_sn,inq_authrt_yn,reg_authrt_yn,mdfcn_authrt_yn,del_authrt_yn,excn_authrt_yn,del_yn,rgtr_id,reg_dt,mdfr_id,mdfcn_dt) VALUES ('RL00000001','MN01020000',3,'Y','N','N','N','N','N','SYSTEM',CURRENT_TIMESTAMP,'SYSTEM',CURRENT_TIMESTAMP);
INSERT INTO menu_role_dtl (role_id_mgno,menu_mgno,role_menu_sn,inq_authrt_yn,reg_authrt_yn,mdfcn_authrt_yn,del_authrt_yn,excn_authrt_yn,del_yn,rgtr_id,reg_dt,mdfr_id,mdfcn_dt) VALUES ('RL00000001','MN02000000',6,'Y','N','N','N','N','N','SYSTEM',CURRENT_TIMESTAMP,'SYSTEM',CURRENT_TIMESTAMP);
INSERT INTO menu_role_dtl (role_id_mgno,menu_mgno,role_menu_sn,inq_authrt_yn,reg_authrt_yn,mdfcn_authrt_yn,del_authrt_yn,excn_authrt_yn,del_yn,rgtr_id,reg_dt,mdfr_id,mdfcn_dt) VALUES ('RL00000001','MN04020500',40,'Y','N','N','N','N','N','SYSTEM',CURRENT_TIMESTAMP,'SYSTEM',CURRENT_TIMESTAMP);
INSERT INTO menu_role_dtl (role_id_mgno,menu_mgno,role_menu_sn,inq_authrt_yn,reg_authrt_yn,mdfcn_authrt_yn,del_authrt_yn,excn_authrt_yn,del_yn,rgtr_id,reg_dt,mdfr_id,mdfcn_dt) VALUES ('RL00000001','MN04020600',41,'Y','N','N','N','N','N','SYSTEM',CURRENT_TIMESTAMP,'SYSTEM',CURRENT_TIMESTAMP);
INSERT INTO menu_role_dtl (role_id_mgno,menu_mgno,role_menu_sn,inq_authrt_yn,reg_authrt_yn,mdfcn_authrt_yn,del_authrt_yn,excn_authrt_yn,del_yn,rgtr_id,reg_dt,mdfr_id,mdfcn_dt) VALUES ('RL00000001','MN04020700',42,'Y','N','N','N','N','N','SYSTEM',CURRENT_TIMESTAMP,'SYSTEM',CURRENT_TIMESTAMP);
INSERT INTO menu_role_dtl (role_id_mgno,menu_mgno,role_menu_sn,inq_authrt_yn,reg_authrt_yn,mdfcn_authrt_yn,del_authrt_yn,excn_authrt_yn,del_yn,rgtr_id,reg_dt,mdfr_id,mdfcn_dt) VALUES ('RL00000001','MN04030000',43,'Y','N','N','N','N','N','SYSTEM',CURRENT_TIMESTAMP,'SYSTEM',CURRENT_TIMESTAMP);
INSERT INTO menu_role_dtl (role_id_mgno,menu_mgno,role_menu_sn,inq_authrt_yn,reg_authrt_yn,mdfcn_authrt_yn,del_authrt_yn,excn_authrt_yn,del_yn,rgtr_id,reg_dt,mdfr_id,mdfcn_dt) VALUES ('RL00000001','MN04030100',44,'Y','N','N','N','N','N','SYSTEM',CURRENT_TIMESTAMP,'SYSTEM',CURRENT_TIMESTAMP);
INSERT INTO menu_role_dtl (role_id_mgno,menu_mgno,role_menu_sn,inq_authrt_yn,reg_authrt_yn,mdfcn_authrt_yn,del_authrt_yn,excn_authrt_yn,del_yn,rgtr_id,reg_dt,mdfr_id,mdfcn_dt) VALUES ('RL00000001','MN04030200',45,'Y','N','N','N','N','N','SYSTEM',CURRENT_TIMESTAMP,'SYSTEM',CURRENT_TIMESTAMP);
INSERT INTO menu_role_dtl (role_id_mgno,menu_mgno,role_menu_sn,inq_authrt_yn,reg_authrt_yn,mdfcn_authrt_yn,del_authrt_yn,excn_authrt_yn,del_yn,rgtr_id,reg_dt,mdfr_id,mdfcn_dt) VALUES ('RL00000001','MN05000000',46,'Y','N','N','N','N','N','SYSTEM',CURRENT_TIMESTAMP,'SYSTEM',CURRENT_TIMESTAMP);
INSERT INTO menu_role_dtl (role_id_mgno,menu_mgno,role_menu_sn,inq_authrt_yn,reg_authrt_yn,mdfcn_authrt_yn,del_authrt_yn,excn_authrt_yn,del_yn,rgtr_id,reg_dt,mdfr_id,mdfcn_dt) VALUES ('RL00000001','MN05010000',47,'Y','N','N','N','N','N','SYSTEM',CURRENT_TIMESTAMP,'SYSTEM',CURRENT_TIMESTAMP);
INSERT INTO menu_role_dtl (role_id_mgno,menu_mgno,role_menu_sn,inq_authrt_yn,reg_authrt_yn,mdfcn_authrt_yn,del_authrt_yn,excn_authrt_yn,del_yn,rgtr_id,reg_dt,mdfr_id,mdfcn_dt) VALUES ('RL00000001','MN05010100',48,'Y','N','N','N','N','N','SYSTEM',CURRENT_TIMESTAMP,'SYSTEM',CURRENT_TIMESTAMP);
INSERT INTO menu_role_dtl (role_id_mgno,menu_mgno,role_menu_sn,inq_authrt_yn,reg_authrt_yn,mdfcn_authrt_yn,del_authrt_yn,excn_authrt_yn,del_yn,rgtr_id,reg_dt,mdfr_id,mdfcn_dt) VALUES ('RL00000001','MN05010200',49,'Y','N','N','N','N','N','SYSTEM',CURRENT_TIMESTAMP,'SYSTEM',CURRENT_TIMESTAMP);
INSERT INTO menu_role_dtl (role_id_mgno,menu_mgno,role_menu_sn,inq_authrt_yn,reg_authrt_yn,mdfcn_authrt_yn,del_authrt_yn,excn_authrt_yn,del_yn,rgtr_id,reg_dt,mdfr_id,mdfcn_dt) VALUES ('RL00000001','MN05010300',50,'Y','N','N','N','N','N','SYSTEM',CURRENT_TIMESTAMP,'SYSTEM',CURRENT_TIMESTAMP);
INSERT INTO menu_role_dtl (role_id_mgno,menu_mgno,role_menu_sn,inq_authrt_yn,reg_authrt_yn,mdfcn_authrt_yn,del_authrt_yn,excn_authrt_yn,del_yn,rgtr_id,reg_dt,mdfr_id,mdfcn_dt) VALUES ('RL00000001','MN05020000',51,'Y','N','N','N','N','N','SYSTEM',CURRENT_TIMESTAMP,'SYSTEM',CURRENT_TIMESTAMP);
INSERT INTO menu_role_dtl (role_id_mgno,menu_mgno,role_menu_sn,inq_authrt_yn,reg_authrt_yn,mdfcn_authrt_yn,del_authrt_yn,excn_authrt_yn,del_yn,rgtr_id,reg_dt,mdfr_id,mdfcn_dt) VALUES ('RL00000001','MN05020100',52,'Y','N','N','N','N','N','SYSTEM',CURRENT_TIMESTAMP,'SYSTEM',CURRENT_TIMESTAMP);
INSERT INTO menu_role_dtl (role_id_mgno,menu_mgno,role_menu_sn,inq_authrt_yn,reg_authrt_yn,mdfcn_authrt_yn,del_authrt_yn,excn_authrt_yn,del_yn,rgtr_id,reg_dt,mdfr_id,mdfcn_dt) VALUES ('RL00000001','MN05020200',53,'Y','N','N','N','N','N','SYSTEM',CURRENT_TIMESTAMP,'SYSTEM',CURRENT_TIMESTAMP);
INSERT INTO menu_role_dtl (role_id_mgno,menu_mgno,role_menu_sn,inq_authrt_yn,reg_authrt_yn,mdfcn_authrt_yn,del_authrt_yn,excn_authrt_yn,del_yn,rgtr_id,reg_dt,mdfr_id,mdfcn_dt) VALUES ('RL00000001','MN05020300',54,'Y','N','N','N','N','N','SYSTEM',CURRENT_TIMESTAMP,'SYSTEM',CURRENT_TIMESTAMP);
INSERT INTO menu_role_dtl (role_id_mgno,menu_mgno,role_menu_sn,inq_authrt_yn,reg_authrt_yn,mdfcn_authrt_yn,del_authrt_yn,excn_authrt_yn,del_yn,rgtr_id,reg_dt,mdfr_id,mdfcn_dt) VALUES ('RL00000001','MN05020400',55,'Y','N','N','N','N','N','SYSTEM',CURRENT_TIMESTAMP,'SYSTEM',CURRENT_TIMESTAMP);
INSERT INTO menu_role_dtl (role_id_mgno,menu_mgno,role_menu_sn,inq_authrt_yn,reg_authrt_yn,mdfcn_authrt_yn,del_authrt_yn,excn_authrt_yn,del_yn,rgtr_id,reg_dt,mdfr_id,mdfcn_dt) VALUES ('RL00000001','MN05020500',56,'Y','N','N','N','N','N','SYSTEM',CURRENT_TIMESTAMP,'SYSTEM',CURRENT_TIMESTAMP);
INSERT INTO menu_role_dtl (role_id_mgno,menu_mgno,role_menu_sn,inq_authrt_yn,reg_authrt_yn,mdfcn_authrt_yn,del_authrt_yn,excn_authrt_yn,del_yn,rgtr_id,reg_dt,mdfr_id,mdfcn_dt) VALUES ('RL00000001','MN05030000',57,'Y','N','N','N','N','N','SYSTEM',CURRENT_TIMESTAMP,'SYSTEM',CURRENT_TIMESTAMP);
INSERT INTO menu_role_dtl (role_id_mgno,menu_mgno,role_menu_sn,inq_authrt_yn,reg_authrt_yn,mdfcn_authrt_yn,del_authrt_yn,excn_authrt_yn,del_yn,rgtr_id,reg_dt,mdfr_id,mdfcn_dt) VALUES ('RL00000001','MN05030100',58,'Y','N','N','N','N','N','SYSTEM',CURRENT_TIMESTAMP,'SYSTEM',CURRENT_TIMESTAMP);
INSERT INTO menu_role_dtl (role_id_mgno,menu_mgno,role_menu_sn,inq_authrt_yn,reg_authrt_yn,mdfcn_authrt_yn,del_authrt_yn,excn_authrt_yn,del_yn,rgtr_id,reg_dt,mdfr_id,mdfcn_dt) VALUES ('RL00000001','MN05030200',59,'Y','N','N','N','N','N','SYSTEM',CURRENT_TIMESTAMP,'SYSTEM',CURRENT_TIMESTAMP);
INSERT INTO menu_role_dtl (role_id_mgno,menu_mgno,role_menu_sn,inq_authrt_yn,reg_authrt_yn,mdfcn_authrt_yn,del_authrt_yn,excn_authrt_yn,del_yn,rgtr_id,reg_dt,mdfr_id,mdfcn_dt) VALUES ('RL00000001','MN05030300',60,'Y','N','N','N','N','N','SYSTEM',CURRENT_TIMESTAMP,'SYSTEM',CURRENT_TIMESTAMP);
INSERT INTO menu_role_dtl (role_id_mgno,menu_mgno,role_menu_sn,inq_authrt_yn,reg_authrt_yn,mdfcn_authrt_yn,del_authrt_yn,excn_authrt_yn,del_yn,rgtr_id,reg_dt,mdfr_id,mdfcn_dt) VALUES ('RL00000001','MN05030400',61,'Y','N','N','N','N','N','SYSTEM',CURRENT_TIMESTAMP,'SYSTEM',CURRENT_TIMESTAMP);
INSERT INTO menu_role_dtl (role_id_mgno,menu_mgno,role_menu_sn,inq_authrt_yn,reg_authrt_yn,mdfcn_authrt_yn,del_authrt_yn,excn_authrt_yn,del_yn,rgtr_id,reg_dt,mdfr_id,mdfcn_dt) VALUES ('RL00000001','MN05030500',62,'Y','N','N','N','N','N','SYSTEM',CURRENT_TIMESTAMP,'SYSTEM',CURRENT_TIMESTAMP);
INSERT INTO menu_role_dtl (role_id_mgno,menu_mgno,role_menu_sn,inq_authrt_yn,reg_authrt_yn,mdfcn_authrt_yn,del_authrt_yn,excn_authrt_yn,del_yn,rgtr_id,reg_dt,mdfr_id,mdfcn_dt) VALUES ('RL00000001','MN05030600',63,'Y','N','N','N','N','N','SYSTEM',CURRENT_TIMESTAMP,'SYSTEM',CURRENT_TIMESTAMP);
INSERT INTO menu_role_dtl (role_id_mgno,menu_mgno,role_menu_sn,inq_authrt_yn,reg_authrt_yn,mdfcn_authrt_yn,del_authrt_yn,excn_authrt_yn,del_yn,rgtr_id,reg_dt,mdfr_id,mdfcn_dt) VALUES ('RL00000001','MN06000000',64,'Y','N','N','N','N','N','SYSTEM',CURRENT_TIMESTAMP,'SYSTEM',CURRENT_TIMESTAMP);
INSERT INTO menu_role_dtl (role_id_mgno,menu_mgno,role_menu_sn,inq_authrt_yn,reg_authrt_yn,mdfcn_authrt_yn,del_authrt_yn,excn_authrt_yn,del_yn,rgtr_id,reg_dt,mdfr_id,mdfcn_dt) VALUES ('RL00000001','MN06010000',65,'Y','N','N','N','N','N','SYSTEM',CURRENT_TIMESTAMP,'SYSTEM',CURRENT_TIMESTAMP);
INSERT INTO menu_role_dtl (role_id_mgno,menu_mgno,role_menu_sn,inq_authrt_yn,reg_authrt_yn,mdfcn_authrt_yn,del_authrt_yn,excn_authrt_yn,del_yn,rgtr_id,reg_dt,mdfr_id,mdfcn_dt) VALUES ('RL00000001','MN06020000',66,'Y','N','N','N','N','N','SYSTEM',CURRENT_TIMESTAMP,'SYSTEM',CURRENT_TIMESTAMP);
INSERT INTO menu_role_dtl (role_id_mgno,menu_mgno,role_menu_sn,inq_authrt_yn,reg_authrt_yn,mdfcn_authrt_yn,del_authrt_yn,excn_authrt_yn,del_yn,rgtr_id,reg_dt,mdfr_id,mdfcn_dt) VALUES ('RL00000001','MN06030000',67,'Y','N','N','N','N','N','SYSTEM',CURRENT_TIMESTAMP,'SYSTEM',CURRENT_TIMESTAMP);
INSERT INTO menu_role_dtl (role_id_mgno,menu_mgno,role_menu_sn,inq_authrt_yn,reg_authrt_yn,mdfcn_authrt_yn,del_authrt_yn,excn_authrt_yn,del_yn,rgtr_id,reg_dt,mdfr_id,mdfcn_dt) VALUES ('RL00000001','MN06030100',68,'Y','N','N','N','N','N','SYSTEM',CURRENT_TIMESTAMP,'SYSTEM',CURRENT_TIMESTAMP);
INSERT INTO menu_role_dtl (role_id_mgno,menu_mgno,role_menu_sn,inq_authrt_yn,reg_authrt_yn,mdfcn_authrt_yn,del_authrt_yn,excn_authrt_yn,del_yn,rgtr_id,reg_dt,mdfr_id,mdfcn_dt) VALUES ('RL00000001','MN06030200',69,'Y','N','N','N','N','N','SYSTEM',CURRENT_TIMESTAMP,'SYSTEM',CURRENT_TIMESTAMP);
INSERT INTO menu_role_dtl (role_id_mgno,menu_mgno,role_menu_sn,inq_authrt_yn,reg_authrt_yn,mdfcn_authrt_yn,del_authrt_yn,excn_authrt_yn,del_yn,rgtr_id,reg_dt,mdfr_id,mdfcn_dt) VALUES ('RL00000001','MN06030300',70,'Y','N','N','N','N','N','SYSTEM',CURRENT_TIMESTAMP,'SYSTEM',CURRENT_TIMESTAMP);
INSERT INTO menu_role_dtl (role_id_mgno,menu_mgno,role_menu_sn,inq_authrt_yn,reg_authrt_yn,mdfcn_authrt_yn,del_authrt_yn,excn_authrt_yn,del_yn,rgtr_id,reg_dt,mdfr_id,mdfcn_dt) VALUES ('RL00000001','MN06030400',71,'Y','N','N','N','N','N','SYSTEM',CURRENT_TIMESTAMP,'SYSTEM',CURRENT_TIMESTAMP);
INSERT INTO menu_role_dtl (role_id_mgno,menu_mgno,role_menu_sn,inq_authrt_yn,reg_authrt_yn,mdfcn_authrt_yn,del_authrt_yn,excn_authrt_yn,del_yn,rgtr_id,reg_dt,mdfr_id,mdfcn_dt) VALUES ('RL00000001','MN06030500',72,'Y','N','N','N','N','N','SYSTEM',CURRENT_TIMESTAMP,'SYSTEM',CURRENT_TIMESTAMP);
INSERT INTO menu_role_dtl (role_id_mgno,menu_mgno,role_menu_sn,inq_authrt_yn,reg_authrt_yn,mdfcn_authrt_yn,del_authrt_yn,excn_authrt_yn,del_yn,rgtr_id,reg_dt,mdfr_id,mdfcn_dt) VALUES ('RL00000001','MN06030600',73,'Y','N','N','N','N','N','SYSTEM',CURRENT_TIMESTAMP,'SYSTEM',CURRENT_TIMESTAMP);
INSERT INTO menu_role_dtl (role_id_mgno,menu_mgno,role_menu_sn,inq_authrt_yn,reg_authrt_yn,mdfcn_authrt_yn,del_authrt_yn,excn_authrt_yn,del_yn,rgtr_id,reg_dt,mdfr_id,mdfcn_dt) VALUES ('RL00000001','MN06030700',74,'Y','N','N','N','N','N','SYSTEM',CURRENT_TIMESTAMP,'SYSTEM',CURRENT_TIMESTAMP);
INSERT INTO menu_role_dtl (role_id_mgno,menu_mgno,role_menu_sn,inq_authrt_yn,reg_authrt_yn,mdfcn_authrt_yn,del_authrt_yn,excn_authrt_yn,del_yn,rgtr_id,reg_dt,mdfr_id,mdfcn_dt) VALUES ('RL00000001','MN06060000',75,'Y','N','N','N','N','N','SYSTEM',CURRENT_TIMESTAMP,'SYSTEM',CURRENT_TIMESTAMP);
INSERT INTO menu_role_dtl (role_id_mgno,menu_mgno,role_menu_sn,inq_authrt_yn,reg_authrt_yn,mdfcn_authrt_yn,del_authrt_yn,excn_authrt_yn,del_yn,rgtr_id,reg_dt,mdfr_id,mdfcn_dt) VALUES ('RL00000001','MN06060100',76,'Y','N','N','N','N','N','SYSTEM',CURRENT_TIMESTAMP,'SYSTEM',CURRENT_TIMESTAMP);
INSERT INTO menu_role_dtl (role_id_mgno,menu_mgno,role_menu_sn,inq_authrt_yn,reg_authrt_yn,mdfcn_authrt_yn,del_authrt_yn,excn_authrt_yn,del_yn,rgtr_id,reg_dt,mdfr_id,mdfcn_dt) VALUES ('RL00000001','MN06060200',77,'Y','N','N','N','N','N','SYSTEM',CURRENT_TIMESTAMP,'SYSTEM',CURRENT_TIMESTAMP);
INSERT INTO menu_role_dtl (role_id_mgno,menu_mgno,role_menu_sn,inq_authrt_yn,reg_authrt_yn,mdfcn_authrt_yn,del_authrt_yn,excn_authrt_yn,del_yn,rgtr_id,reg_dt,mdfr_id,mdfcn_dt) VALUES ('RL00000001','MN06060300',78,'Y','N','N','N','N','N','SYSTEM',CURRENT_TIMESTAMP,'SYSTEM',CURRENT_TIMESTAMP);
INSERT INTO menu_role_dtl (role_id_mgno,menu_mgno,role_menu_sn,inq_authrt_yn,reg_authrt_yn,mdfcn_authrt_yn,del_authrt_yn,excn_authrt_yn,del_yn,rgtr_id,reg_dt,mdfr_id,mdfcn_dt) VALUES ('RL00000001','MN06061100',79,'Y','N','N','N','N','N','SYSTEM',CURRENT_TIMESTAMP,'SYSTEM',CURRENT_TIMESTAMP);
INSERT INTO menu_role_dtl (role_id_mgno,menu_mgno,role_menu_sn,inq_authrt_yn,reg_authrt_yn,mdfcn_authrt_yn,del_authrt_yn,excn_authrt_yn,del_yn,rgtr_id,reg_dt,mdfr_id,mdfcn_dt) VALUES ('RL00000001','MN06061200',80,'Y','N','N','N','N','N','SYSTEM',CURRENT_TIMESTAMP,'SYSTEM',CURRENT_TIMESTAMP);
INSERT INTO menu_role_dtl (role_id_mgno,menu_mgno,role_menu_sn,inq_authrt_yn,reg_authrt_yn,mdfcn_authrt_yn,del_authrt_yn,excn_authrt_yn,del_yn,rgtr_id,reg_dt,mdfr_id,mdfcn_dt) VALUES ('RL00000001','MN06061300',81,'Y','N','N','N','N','N','SYSTEM',CURRENT_TIMESTAMP,'SYSTEM',CURRENT_TIMESTAMP);
INSERT INTO menu_role_dtl (role_id_mgno,menu_mgno,role_menu_sn,inq_authrt_yn,reg_authrt_yn,mdfcn_authrt_yn,del_authrt_yn,excn_authrt_yn,del_yn,rgtr_id,reg_dt,mdfr_id,mdfcn_dt) VALUES ('RL00000001','MN06062100',82,'Y','N','N','N','N','N','SYSTEM',CURRENT_TIMESTAMP,'SYSTEM',CURRENT_TIMESTAMP);
INSERT INTO menu_role_dtl (role_id_mgno,menu_mgno,role_menu_sn,inq_authrt_yn,reg_authrt_yn,mdfcn_authrt_yn,del_authrt_yn,excn_authrt_yn,del_yn,rgtr_id,reg_dt,mdfr_id,mdfcn_dt) VALUES ('RL00000001','MN06062200',83,'Y','N','N','N','N','N','SYSTEM',CURRENT_TIMESTAMP,'SYSTEM',CURRENT_TIMESTAMP);
INSERT INTO menu_role_dtl (role_id_mgno,menu_mgno,role_menu_sn,inq_authrt_yn,reg_authrt_yn,mdfcn_authrt_yn,del_authrt_yn,excn_authrt_yn,del_yn,rgtr_id,reg_dt,mdfr_id,mdfcn_dt) VALUES ('RL00000001','MN06062300',84,'Y','N','N','N','N','N','SYSTEM',CURRENT_TIMESTAMP,'SYSTEM',CURRENT_TIMESTAMP);
INSERT INTO menu_role_dtl (role_id_mgno,menu_mgno,role_menu_sn,inq_authrt_yn,reg_authrt_yn,mdfcn_authrt_yn,del_authrt_yn,excn_authrt_yn,del_yn,rgtr_id,reg_dt,mdfr_id,mdfcn_dt) VALUES ('RL00000001','MN06062400',85,'Y','N','N','N','N','N','SYSTEM',CURRENT_TIMESTAMP,'SYSTEM',CURRENT_TIMESTAMP);
INSERT INTO menu_role_dtl (role_id_mgno,menu_mgno,role_menu_sn,inq_authrt_yn,reg_authrt_yn,mdfcn_authrt_yn,del_authrt_yn,excn_authrt_yn,del_yn,rgtr_id,reg_dt,mdfr_id,mdfcn_dt) VALUES ('RL00000001','MN06062500',86,'Y','N','N','N','N','N','SYSTEM',CURRENT_TIMESTAMP,'SYSTEM',CURRENT_TIMESTAMP);
INSERT INTO menu_role_dtl (role_id_mgno,menu_mgno,role_menu_sn,inq_authrt_yn,reg_authrt_yn,mdfcn_authrt_yn,del_authrt_yn,excn_authrt_yn,del_yn,rgtr_id,reg_dt,mdfr_id,mdfcn_dt) VALUES ('RL00000001','MN06063100',87,'Y','N','N','N','N','N','SYSTEM',CURRENT_TIMESTAMP,'SYSTEM',CURRENT_TIMESTAMP);
INSERT INTO menu_role_dtl (role_id_mgno,menu_mgno,role_menu_sn,inq_authrt_yn,reg_authrt_yn,mdfcn_authrt_yn,del_authrt_yn,excn_authrt_yn,del_yn,rgtr_id,reg_dt,mdfr_id,mdfcn_dt) VALUES ('RL00000001','MN06063200',88,'Y','N','N','N','N','N','SYSTEM',CURRENT_TIMESTAMP,'SYSTEM',CURRENT_TIMESTAMP);
INSERT INTO menu_role_dtl (role_id_mgno,menu_mgno,role_menu_sn,inq_authrt_yn,reg_authrt_yn,mdfcn_authrt_yn,del_authrt_yn,excn_authrt_yn,del_yn,rgtr_id,reg_dt,mdfr_id,mdfcn_dt) VALUES ('RL00000001','MN06063300',89,'Y','N','N','N','N','N','SYSTEM',CURRENT_TIMESTAMP,'SYSTEM',CURRENT_TIMESTAMP);
INSERT INTO menu_role_dtl (role_id_mgno,menu_mgno,role_menu_sn,inq_authrt_yn,reg_authrt_yn,mdfcn_authrt_yn,del_authrt_yn,excn_authrt_yn,del_yn,rgtr_id,reg_dt,mdfr_id,mdfcn_dt) VALUES ('RL00000001','MN06063400',90,'Y','N','N','N','N','N','SYSTEM',CURRENT_TIMESTAMP,'SYSTEM',CURRENT_TIMESTAMP);
INSERT INTO menu_role_dtl (role_id_mgno,menu_mgno,role_menu_sn,inq_authrt_yn,reg_authrt_yn,mdfcn_authrt_yn,del_authrt_yn,excn_authrt_yn,del_yn,rgtr_id,reg_dt,mdfr_id,mdfcn_dt) VALUES ('RL00000001','MN06063500',91,'Y','N','N','N','N','N','SYSTEM',CURRENT_TIMESTAMP,'SYSTEM',CURRENT_TIMESTAMP);
INSERT INTO menu_role_dtl (role_id_mgno,menu_mgno,role_menu_sn,inq_authrt_yn,reg_authrt_yn,mdfcn_authrt_yn,del_authrt_yn,excn_authrt_yn,del_yn,rgtr_id,reg_dt,mdfr_id,mdfcn_dt) VALUES ('RL00000001','MN06064100',92,'Y','N','N','N','N','N','SYSTEM',CURRENT_TIMESTAMP,'SYSTEM',CURRENT_TIMESTAMP);
INSERT INTO menu_role_dtl (role_id_mgno,menu_mgno,role_menu_sn,inq_authrt_yn,reg_authrt_yn,mdfcn_authrt_yn,del_authrt_yn,excn_authrt_yn,del_yn,rgtr_id,reg_dt,mdfr_id,mdfcn_dt) VALUES ('RL00000001','MN06064200',93,'Y','N','N','N','N','N','SYSTEM',CURRENT_TIMESTAMP,'SYSTEM',CURRENT_TIMESTAMP);
INSERT INTO menu_role_dtl (role_id_mgno,menu_mgno,role_menu_sn,inq_authrt_yn,reg_authrt_yn,mdfcn_authrt_yn,del_authrt_yn,excn_authrt_yn,del_yn,rgtr_id,reg_dt,mdfr_id,mdfcn_dt) VALUES ('RL00000001','MN06064300',94,'Y','N','N','N','N','N','SYSTEM',CURRENT_TIMESTAMP,'SYSTEM',CURRENT_TIMESTAMP);
INSERT INTO menu_role_dtl (role_id_mgno,menu_mgno,role_menu_sn,inq_authrt_yn,reg_authrt_yn,mdfcn_authrt_yn,del_authrt_yn,excn_authrt_yn,del_yn,rgtr_id,reg_dt,mdfr_id,mdfcn_dt) VALUES ('RL00000001','MN06064400',95,'Y','N','N','N','N','N','SYSTEM',CURRENT_TIMESTAMP,'SYSTEM',CURRENT_TIMESTAMP);
INSERT INTO menu_role_dtl (role_id_mgno,menu_mgno,role_menu_sn,inq_authrt_yn,reg_authrt_yn,mdfcn_authrt_yn,del_authrt_yn,excn_authrt_yn,del_yn,rgtr_id,reg_dt,mdfr_id,mdfcn_dt) VALUES ('RL00000001','MN06064500',96,'Y','N','N','N','N','N','SYSTEM',CURRENT_TIMESTAMP,'SYSTEM',CURRENT_TIMESTAMP);
INSERT INTO menu_role_dtl (role_id_mgno,menu_mgno,role_menu_sn,inq_authrt_yn,reg_authrt_yn,mdfcn_authrt_yn,del_authrt_yn,excn_authrt_yn,del_yn,rgtr_id,reg_dt,mdfr_id,mdfcn_dt) VALUES ('RL00000001','MN06070000',97,'Y','N','N','N','N','N','SYSTEM',CURRENT_TIMESTAMP,'SYSTEM',CURRENT_TIMESTAMP);
INSERT INTO menu_role_dtl (role_id_mgno,menu_mgno,role_menu_sn,inq_authrt_yn,reg_authrt_yn,mdfcn_authrt_yn,del_authrt_yn,excn_authrt_yn,del_yn,rgtr_id,reg_dt,mdfr_id,mdfcn_dt) VALUES ('RL00000001','MN06070100',98,'Y','N','N','N','N','N','SYSTEM',CURRENT_TIMESTAMP,'SYSTEM',CURRENT_TIMESTAMP);
INSERT INTO menu_role_dtl (role_id_mgno,menu_mgno,role_menu_sn,inq_authrt_yn,reg_authrt_yn,mdfcn_authrt_yn,del_authrt_yn,excn_authrt_yn,del_yn,rgtr_id,reg_dt,mdfr_id,mdfcn_dt) VALUES ('RL00000001','MN06070200',99,'Y','N','N','N','N','N','SYSTEM',CURRENT_TIMESTAMP,'SYSTEM',CURRENT_TIMESTAMP);
INSERT INTO menu_role_dtl (role_id_mgno,menu_mgno,role_menu_sn,inq_authrt_yn,reg_authrt_yn,mdfcn_authrt_yn,del_authrt_yn,excn_authrt_yn,del_yn,rgtr_id,reg_dt,mdfr_id,mdfcn_dt) VALUES ('RL00000001','MN06070300',100,'Y','N','N','N','N','N','SYSTEM',CURRENT_TIMESTAMP,'SYSTEM',CURRENT_TIMESTAMP);
INSERT INTO menu_role_dtl (role_id_mgno,menu_mgno,role_menu_sn,inq_authrt_yn,reg_authrt_yn,mdfcn_authrt_yn,del_authrt_yn,excn_authrt_yn,del_yn,rgtr_id,reg_dt,mdfr_id,mdfcn_dt) VALUES ('RL00000001','MN06070500',102,'Y','N','N','N','N','N','SYSTEM',CURRENT_TIMESTAMP,'SYSTEM',CURRENT_TIMESTAMP);
INSERT INTO menu_role_dtl (role_id_mgno,menu_mgno,role_menu_sn,inq_authrt_yn,reg_authrt_yn,mdfcn_authrt_yn,del_authrt_yn,excn_authrt_yn,del_yn,rgtr_id,reg_dt,mdfr_id,mdfcn_dt) VALUES ('RL00000001','MN06070600',103,'Y','N','N','N','N','N','SYSTEM',CURRENT_TIMESTAMP,'SYSTEM',CURRENT_TIMESTAMP);
INSERT INTO menu_role_dtl (role_id_mgno,menu_mgno,role_menu_sn,inq_authrt_yn,reg_authrt_yn,mdfcn_authrt_yn,del_authrt_yn,excn_authrt_yn,del_yn,rgtr_id,reg_dt,mdfr_id,mdfcn_dt) VALUES ('RL00000001','MN07000000',104,'Y','N','N','N','N','N','SYSTEM',CURRENT_TIMESTAMP,'SYSTEM',CURRENT_TIMESTAMP);
INSERT INTO menu_role_dtl (role_id_mgno,menu_mgno,role_menu_sn,inq_authrt_yn,reg_authrt_yn,mdfcn_authrt_yn,del_authrt_yn,excn_authrt_yn,del_yn,rgtr_id,reg_dt,mdfr_id,mdfcn_dt) VALUES ('RL00000001','MN07010000',105,'Y','N','N','N','N','N','SYSTEM',CURRENT_TIMESTAMP,'SYSTEM',CURRENT_TIMESTAMP);
INSERT INTO menu_role_dtl (role_id_mgno,menu_mgno,role_menu_sn,inq_authrt_yn,reg_authrt_yn,mdfcn_authrt_yn,del_authrt_yn,excn_authrt_yn,del_yn,rgtr_id,reg_dt,mdfr_id,mdfcn_dt) VALUES ('RL00000001','MN07020000',106,'Y','N','N','N','N','N','SYSTEM',CURRENT_TIMESTAMP,'SYSTEM',CURRENT_TIMESTAMP);
INSERT INTO menu_role_dtl (role_id_mgno,menu_mgno,role_menu_sn,inq_authrt_yn,reg_authrt_yn,mdfcn_authrt_yn,del_authrt_yn,excn_authrt_yn,del_yn,rgtr_id,reg_dt,mdfr_id,mdfcn_dt) VALUES ('RL00000001','MN07030000',107,'Y','N','N','N','N','N','SYSTEM',CURRENT_TIMESTAMP,'SYSTEM',CURRENT_TIMESTAMP);
INSERT INTO menu_role_dtl (role_id_mgno,menu_mgno,role_menu_sn,inq_authrt_yn,reg_authrt_yn,mdfcn_authrt_yn,del_authrt_yn,excn_authrt_yn,del_yn,rgtr_id,reg_dt,mdfr_id,mdfcn_dt) VALUES ('RL00000001','MN07040000',108,'Y','N','N','N','N','N','SYSTEM',CURRENT_TIMESTAMP,'SYSTEM',CURRENT_TIMESTAMP);
INSERT INTO menu_role_dtl (role_id_mgno,menu_mgno,role_menu_sn,inq_authrt_yn,reg_authrt_yn,mdfcn_authrt_yn,del_authrt_yn,excn_authrt_yn,del_yn,rgtr_id,reg_dt,mdfr_id,mdfcn_dt) VALUES ('RL00000001','MN07050000',109,'Y','N','N','N','N','N','SYSTEM',CURRENT_TIMESTAMP,'SYSTEM',CURRENT_TIMESTAMP);
INSERT INTO menu_role_dtl (role_id_mgno,menu_mgno,role_menu_sn,inq_authrt_yn,reg_authrt_yn,mdfcn_authrt_yn,del_authrt_yn,excn_authrt_yn,del_yn,rgtr_id,reg_dt,mdfr_id,mdfcn_dt) VALUES ('RL00000001','MN07060000',110,'Y','N','N','N','N','N','SYSTEM',CURRENT_TIMESTAMP,'SYSTEM',CURRENT_TIMESTAMP);
INSERT INTO menu_role_dtl (role_id_mgno,menu_mgno,role_menu_sn,inq_authrt_yn,reg_authrt_yn,mdfcn_authrt_yn,del_authrt_yn,excn_authrt_yn,del_yn,rgtr_id,reg_dt,mdfr_id,mdfcn_dt) VALUES ('RL00000001','MN07070000',111,'Y','N','N','N','N','N','SYSTEM',CURRENT_TIMESTAMP,'SYSTEM',CURRENT_TIMESTAMP);
INSERT INTO menu_role_dtl (role_id_mgno,menu_mgno,role_menu_sn,inq_authrt_yn,reg_authrt_yn,mdfcn_authrt_yn,del_authrt_yn,excn_authrt_yn,del_yn,rgtr_id,reg_dt,mdfr_id,mdfcn_dt) VALUES ('RL00000001','MN07080000',112,'Y','N','N','N','N','N','SYSTEM',CURRENT_TIMESTAMP,'SYSTEM',CURRENT_TIMESTAMP);
INSERT INTO menu_role_dtl (role_id_mgno,menu_mgno,role_menu_sn,inq_authrt_yn,reg_authrt_yn,mdfcn_authrt_yn,del_authrt_yn,excn_authrt_yn,del_yn,rgtr_id,reg_dt,mdfr_id,mdfcn_dt) VALUES ('RL00000001','MN07090000',113,'Y','N','N','N','N','N','SYSTEM',CURRENT_TIMESTAMP,'SYSTEM',CURRENT_TIMESTAMP);
INSERT INTO menu_role_dtl (role_id_mgno,menu_mgno,role_menu_sn,inq_authrt_yn,reg_authrt_yn,mdfcn_authrt_yn,del_authrt_yn,excn_authrt_yn,del_yn,rgtr_id,reg_dt,mdfr_id,mdfcn_dt) VALUES ('RL00000001','MN07100000',114,'Y','N','N','N','N','N','SYSTEM',CURRENT_TIMESTAMP,'SYSTEM',CURRENT_TIMESTAMP);
INSERT INTO menu_role_dtl (role_id_mgno,menu_mgno,role_menu_sn,inq_authrt_yn,reg_authrt_yn,mdfcn_authrt_yn,del_authrt_yn,excn_authrt_yn,del_yn,rgtr_id,reg_dt,mdfr_id,mdfcn_dt) VALUES ('RL00000001','MN08000000',115,'Y','N','N','N','N','N','SYSTEM',CURRENT_TIMESTAMP,'SYSTEM',CURRENT_TIMESTAMP);
INSERT INTO menu_role_dtl (role_id_mgno,menu_mgno,role_menu_sn,inq_authrt_yn,reg_authrt_yn,mdfcn_authrt_yn,del_authrt_yn,excn_authrt_yn,del_yn,rgtr_id,reg_dt,mdfr_id,mdfcn_dt) VALUES ('RL00000001','MN08010000',116,'Y','N','N','N','N','N','SYSTEM',CURRENT_TIMESTAMP,'SYSTEM',CURRENT_TIMESTAMP);
INSERT INTO menu_role_dtl (role_id_mgno,menu_mgno,role_menu_sn,inq_authrt_yn,reg_authrt_yn,mdfcn_authrt_yn,del_authrt_yn,excn_authrt_yn,del_yn,rgtr_id,reg_dt,mdfr_id,mdfcn_dt) VALUES ('RL00000001','MN08020000',117,'Y','N','N','N','N','N','SYSTEM',CURRENT_TIMESTAMP,'SYSTEM',CURRENT_TIMESTAMP);
INSERT INTO menu_role_dtl (role_id_mgno,menu_mgno,role_menu_sn,inq_authrt_yn,reg_authrt_yn,mdfcn_authrt_yn,del_authrt_yn,excn_authrt_yn,del_yn,rgtr_id,reg_dt,mdfr_id,mdfcn_dt) VALUES ('RL00000001','MN08060000',119,'Y','N','N','N','N','N','SYSTEM',CURRENT_TIMESTAMP,'SYSTEM',CURRENT_TIMESTAMP);
INSERT INTO menu_role_dtl (role_id_mgno,menu_mgno,role_menu_sn,inq_authrt_yn,reg_authrt_yn,mdfcn_authrt_yn,del_authrt_yn,excn_authrt_yn,del_yn,rgtr_id,reg_dt,mdfr_id,mdfcn_dt) VALUES ('RL00000001','MN99040000',123,'Y','N','N','N','N','N','SYSTEM',CURRENT_TIMESTAMP,'SYSTEM',CURRENT_TIMESTAMP);
INSERT INTO menu_role_dtl (role_id_mgno,menu_mgno,role_menu_sn,inq_authrt_yn,reg_authrt_yn,mdfcn_authrt_yn,del_authrt_yn,excn_authrt_yn,del_yn,rgtr_id,reg_dt,mdfr_id,mdfcn_dt) VALUES ('RL00000001','MN99050000',124,'Y','N','N','N','N','N','SYSTEM',CURRENT_TIMESTAMP,'SYSTEM',CURRENT_TIMESTAMP);
INSERT INTO menu_role_dtl (role_id_mgno,menu_mgno,role_menu_sn,inq_authrt_yn,reg_authrt_yn,mdfcn_authrt_yn,del_authrt_yn,excn_authrt_yn,del_yn,rgtr_id,reg_dt,mdfr_id,mdfcn_dt) VALUES ('RL00000001','MN99060000',125,'Y','N','N','N','N','N','SYSTEM',CURRENT_TIMESTAMP,'SYSTEM',CURRENT_TIMESTAMP);
INSERT INTO menu_role_dtl (role_id_mgno,menu_mgno,role_menu_sn,inq_authrt_yn,reg_authrt_yn,mdfcn_authrt_yn,del_authrt_yn,excn_authrt_yn,del_yn,rgtr_id,reg_dt,mdfr_id,mdfcn_dt) VALUES ('RL00000002','MN01000000',126,'Y','N','N','N','N','N','SYSTEM',CURRENT_TIMESTAMP,'SYSTEM',CURRENT_TIMESTAMP);
INSERT INTO menu_role_dtl (role_id_mgno,menu_mgno,role_menu_sn,inq_authrt_yn,reg_authrt_yn,mdfcn_authrt_yn,del_authrt_yn,excn_authrt_yn,del_yn,rgtr_id,reg_dt,mdfr_id,mdfcn_dt) VALUES ('RL00000002','MN01010000',127,'Y','N','N','N','N','N','SYSTEM',CURRENT_TIMESTAMP,'SYSTEM',CURRENT_TIMESTAMP);
INSERT INTO menu_role_dtl (role_id_mgno,menu_mgno,role_menu_sn,inq_authrt_yn,reg_authrt_yn,mdfcn_authrt_yn,del_authrt_yn,excn_authrt_yn,del_yn,rgtr_id,reg_dt,mdfr_id,mdfcn_dt) VALUES ('RL00000002','MN01020000',128,'Y','N','N','N','N','N','SYSTEM',CURRENT_TIMESTAMP,'SYSTEM',CURRENT_TIMESTAMP);
INSERT INTO menu_role_dtl (role_id_mgno,menu_mgno,role_menu_sn,inq_authrt_yn,reg_authrt_yn,mdfcn_authrt_yn,del_authrt_yn,excn_authrt_yn,del_yn,rgtr_id,reg_dt,mdfr_id,mdfcn_dt) VALUES ('RL00000002','MN01030000',129,'Y','N','N','N','N','N','SYSTEM',CURRENT_TIMESTAMP,'SYSTEM',CURRENT_TIMESTAMP);
INSERT INTO menu_role_dtl (role_id_mgno,menu_mgno,role_menu_sn,inq_authrt_yn,reg_authrt_yn,mdfcn_authrt_yn,del_authrt_yn,excn_authrt_yn,del_yn,rgtr_id,reg_dt,mdfr_id,mdfcn_dt) VALUES ('RL00000002','MN01040000',130,'Y','N','N','N','N','N','SYSTEM',CURRENT_TIMESTAMP,'SYSTEM',CURRENT_TIMESTAMP);
INSERT INTO menu_role_dtl (role_id_mgno,menu_mgno,role_menu_sn,inq_authrt_yn,reg_authrt_yn,mdfcn_authrt_yn,del_authrt_yn,excn_authrt_yn,del_yn,rgtr_id,reg_dt,mdfr_id,mdfcn_dt) VALUES ('RL00000002','MN02000000',131,'Y','N','N','N','N','N','SYSTEM',CURRENT_TIMESTAMP,'SYSTEM',CURRENT_TIMESTAMP);
INSERT INTO menu_role_dtl (role_id_mgno,menu_mgno,role_menu_sn,inq_authrt_yn,reg_authrt_yn,mdfcn_authrt_yn,del_authrt_yn,excn_authrt_yn,del_yn,rgtr_id,reg_dt,mdfr_id,mdfcn_dt) VALUES ('RL00000002','MN02010000',132,'Y','N','N','N','N','N','SYSTEM',CURRENT_TIMESTAMP,'SYSTEM',CURRENT_TIMESTAMP);
INSERT INTO menu_role_dtl (role_id_mgno,menu_mgno,role_menu_sn,inq_authrt_yn,reg_authrt_yn,mdfcn_authrt_yn,del_authrt_yn,excn_authrt_yn,del_yn,rgtr_id,reg_dt,mdfr_id,mdfcn_dt) VALUES ('RL00000002','MN02030000',133,'Y','N','N','N','N','N','SYSTEM',CURRENT_TIMESTAMP,'SYSTEM',CURRENT_TIMESTAMP);
INSERT INTO menu_role_dtl (role_id_mgno,menu_mgno,role_menu_sn,inq_authrt_yn,reg_authrt_yn,mdfcn_authrt_yn,del_authrt_yn,excn_authrt_yn,del_yn,rgtr_id,reg_dt,mdfr_id,mdfcn_dt) VALUES ('RL00000002','MN02050000',135,'Y','N','N','N','N','N','SYSTEM',CURRENT_TIMESTAMP,'SYSTEM',CURRENT_TIMESTAMP);
INSERT INTO menu_role_dtl (role_id_mgno,menu_mgno,role_menu_sn,inq_authrt_yn,reg_authrt_yn,mdfcn_authrt_yn,del_authrt_yn,excn_authrt_yn,del_yn,rgtr_id,reg_dt,mdfr_id,mdfcn_dt) VALUES ('RL00000002','MN02060000',136,'Y','N','N','N','N','N','SYSTEM',CURRENT_TIMESTAMP,'SYSTEM',CURRENT_TIMESTAMP);
INSERT INTO menu_role_dtl (role_id_mgno,menu_mgno,role_menu_sn,inq_authrt_yn,reg_authrt_yn,mdfcn_authrt_yn,del_authrt_yn,excn_authrt_yn,del_yn,rgtr_id,reg_dt,mdfr_id,mdfcn_dt) VALUES ('RL00000002','MN03000000',137,'Y','N','N','N','N','N','SYSTEM',CURRENT_TIMESTAMP,'SYSTEM',CURRENT_TIMESTAMP);
INSERT INTO menu_role_dtl (role_id_mgno,menu_mgno,role_menu_sn,inq_authrt_yn,reg_authrt_yn,mdfcn_authrt_yn,del_authrt_yn,excn_authrt_yn,del_yn,rgtr_id,reg_dt,mdfr_id,mdfcn_dt) VALUES ('RL00000002','MN03010000',138,'Y','N','N','N','N','N','SYSTEM',CURRENT_TIMESTAMP,'SYSTEM',CURRENT_TIMESTAMP);
INSERT INTO menu_role_dtl (role_id_mgno,menu_mgno,role_menu_sn,inq_authrt_yn,reg_authrt_yn,mdfcn_authrt_yn,del_authrt_yn,excn_authrt_yn,del_yn,rgtr_id,reg_dt,mdfr_id,mdfcn_dt) VALUES ('RL00000002','MN03020000',139,'Y','N','N','N','N','N','SYSTEM',CURRENT_TIMESTAMP,'SYSTEM',CURRENT_TIMESTAMP);
INSERT INTO menu_role_dtl (role_id_mgno,menu_mgno,role_menu_sn,inq_authrt_yn,reg_authrt_yn,mdfcn_authrt_yn,del_authrt_yn,excn_authrt_yn,del_yn,rgtr_id,reg_dt,mdfr_id,mdfcn_dt) VALUES ('RL00000002','MN03040000',141,'Y','N','N','N','N','N','SYSTEM',CURRENT_TIMESTAMP,'SYSTEM',CURRENT_TIMESTAMP);
INSERT INTO menu_role_dtl (role_id_mgno,menu_mgno,role_menu_sn,inq_authrt_yn,reg_authrt_yn,mdfcn_authrt_yn,del_authrt_yn,excn_authrt_yn,del_yn,rgtr_id,reg_dt,mdfr_id,mdfcn_dt) VALUES ('RL00000002','MN03050000',142,'Y','N','N','N','N','N','SYSTEM',CURRENT_TIMESTAMP,'SYSTEM',CURRENT_TIMESTAMP);
INSERT INTO menu_role_dtl (role_id_mgno,menu_mgno,role_menu_sn,inq_authrt_yn,reg_authrt_yn,mdfcn_authrt_yn,del_authrt_yn,excn_authrt_yn,del_yn,rgtr_id,reg_dt,mdfr_id,mdfcn_dt) VALUES ('RL00000002','MN03070000',144,'Y','N','N','N','N','N','SYSTEM',CURRENT_TIMESTAMP,'SYSTEM',CURRENT_TIMESTAMP);
INSERT INTO menu_role_dtl (role_id_mgno,menu_mgno,role_menu_sn,inq_authrt_yn,reg_authrt_yn,mdfcn_authrt_yn,del_authrt_yn,excn_authrt_yn,del_yn,rgtr_id,reg_dt,mdfr_id,mdfcn_dt) VALUES ('RL00000002','MN04000000',145,'Y','N','N','N','N','N','SYSTEM',CURRENT_TIMESTAMP,'SYSTEM',CURRENT_TIMESTAMP);
INSERT INTO menu_role_dtl (role_id_mgno,menu_mgno,role_menu_sn,inq_authrt_yn,reg_authrt_yn,mdfcn_authrt_yn,del_authrt_yn,excn_authrt_yn,del_yn,rgtr_id,reg_dt,mdfr_id,mdfcn_dt) VALUES ('RL00000002','MN04010000',146,'Y','N','N','N','N','N','SYSTEM',CURRENT_TIMESTAMP,'SYSTEM',CURRENT_TIMESTAMP);
INSERT INTO menu_role_dtl (role_id_mgno,menu_mgno,role_menu_sn,inq_authrt_yn,reg_authrt_yn,mdfcn_authrt_yn,del_authrt_yn,excn_authrt_yn,del_yn,rgtr_id,reg_dt,mdfr_id,mdfcn_dt) VALUES ('RL00000002','MN04010100',147,'Y','N','N','N','N','N','SYSTEM',CURRENT_TIMESTAMP,'SYSTEM',CURRENT_TIMESTAMP);
INSERT INTO menu_role_dtl (role_id_mgno,menu_mgno,role_menu_sn,inq_authrt_yn,reg_authrt_yn,mdfcn_authrt_yn,del_authrt_yn,excn_authrt_yn,del_yn,rgtr_id,reg_dt,mdfr_id,mdfcn_dt) VALUES ('RL00000002','MN04010200',148,'Y','N','N','N','N','N','SYSTEM',CURRENT_TIMESTAMP,'SYSTEM',CURRENT_TIMESTAMP);
INSERT INTO menu_role_dtl (role_id_mgno,menu_mgno,role_menu_sn,inq_authrt_yn,reg_authrt_yn,mdfcn_authrt_yn,del_authrt_yn,excn_authrt_yn,del_yn,rgtr_id,reg_dt,mdfr_id,mdfcn_dt) VALUES ('RL00000002','MN04010300',149,'Y','N','N','N','N','N','SYSTEM',CURRENT_TIMESTAMP,'SYSTEM',CURRENT_TIMESTAMP);
INSERT INTO menu_role_dtl (role_id_mgno,menu_mgno,role_menu_sn,inq_authrt_yn,reg_authrt_yn,mdfcn_authrt_yn,del_authrt_yn,excn_authrt_yn,del_yn,rgtr_id,reg_dt,mdfr_id,mdfcn_dt) VALUES ('RL00000002','MN04010400',150,'Y','N','N','N','N','N','SYSTEM',CURRENT_TIMESTAMP,'SYSTEM',CURRENT_TIMESTAMP);
INSERT INTO menu_role_dtl (role_id_mgno,menu_mgno,role_menu_sn,inq_authrt_yn,reg_authrt_yn,mdfcn_authrt_yn,del_authrt_yn,excn_authrt_yn,del_yn,rgtr_id,reg_dt,mdfr_id,mdfcn_dt) VALUES ('RL00000002','MN04010500',151,'Y','N','N','N','N','N','SYSTEM',CURRENT_TIMESTAMP,'SYSTEM',CURRENT_TIMESTAMP);
INSERT INTO menu_role_dtl (role_id_mgno,menu_mgno,role_menu_sn,inq_authrt_yn,reg_authrt_yn,mdfcn_authrt_yn,del_authrt_yn,excn_authrt_yn,del_yn,rgtr_id,reg_dt,mdfr_id,mdfcn_dt) VALUES ('RL00000002','MN04010900',154,'Y','N','N','N','N','N','SYSTEM',CURRENT_TIMESTAMP,'SYSTEM',CURRENT_TIMESTAMP);
INSERT INTO menu_role_dtl (role_id_mgno,menu_mgno,role_menu_sn,inq_authrt_yn,reg_authrt_yn,mdfcn_authrt_yn,del_authrt_yn,excn_authrt_yn,del_yn,rgtr_id,reg_dt,mdfr_id,mdfcn_dt) VALUES ('RL00000002','MN04020000',159,'Y','N','N','N','N','N','SYSTEM',CURRENT_TIMESTAMP,'SYSTEM',CURRENT_TIMESTAMP);
INSERT INTO menu_role_dtl (role_id_mgno,menu_mgno,role_menu_sn,inq_authrt_yn,reg_authrt_yn,mdfcn_authrt_yn,del_authrt_yn,excn_authrt_yn,del_yn,rgtr_id,reg_dt,mdfr_id,mdfcn_dt) VALUES ('RL00000002','MN04020100',160,'Y','N','N','N','N','N','SYSTEM',CURRENT_TIMESTAMP,'SYSTEM',CURRENT_TIMESTAMP);
INSERT INTO menu_role_dtl (role_id_mgno,menu_mgno,role_menu_sn,inq_authrt_yn,reg_authrt_yn,mdfcn_authrt_yn,del_authrt_yn,excn_authrt_yn,del_yn,rgtr_id,reg_dt,mdfr_id,mdfcn_dt) VALUES ('RL00000002','MN04020200',161,'Y','N','N','N','N','N','SYSTEM',CURRENT_TIMESTAMP,'SYSTEM',CURRENT_TIMESTAMP);
INSERT INTO menu_role_dtl (role_id_mgno,menu_mgno,role_menu_sn,inq_authrt_yn,reg_authrt_yn,mdfcn_authrt_yn,del_authrt_yn,excn_authrt_yn,del_yn,rgtr_id,reg_dt,mdfr_id,mdfcn_dt) VALUES ('RL00000002','MN04020300',162,'Y','N','N','N','N','N','SYSTEM',CURRENT_TIMESTAMP,'SYSTEM',CURRENT_TIMESTAMP);
INSERT INTO menu_role_dtl (role_id_mgno,menu_mgno,role_menu_sn,inq_authrt_yn,reg_authrt_yn,mdfcn_authrt_yn,del_authrt_yn,excn_authrt_yn,del_yn,rgtr_id,reg_dt,mdfr_id,mdfcn_dt) VALUES ('RL00000002','MN04020400',163,'Y','N','N','N','N','N','SYSTEM',CURRENT_TIMESTAMP,'SYSTEM',CURRENT_TIMESTAMP);
INSERT INTO menu_role_dtl (role_id_mgno,menu_mgno,role_menu_sn,inq_authrt_yn,reg_authrt_yn,mdfcn_authrt_yn,del_authrt_yn,excn_authrt_yn,del_yn,rgtr_id,reg_dt,mdfr_id,mdfcn_dt) VALUES ('RL00000002','MN04020500',164,'Y','N','N','N','N','N','SYSTEM',CURRENT_TIMESTAMP,'SYSTEM',CURRENT_TIMESTAMP);
INSERT INTO menu_role_dtl (role_id_mgno,menu_mgno,role_menu_sn,inq_authrt_yn,reg_authrt_yn,mdfcn_authrt_yn,del_authrt_yn,excn_authrt_yn,del_yn,rgtr_id,reg_dt,mdfr_id,mdfcn_dt) VALUES ('RL00000002','MN04020600',165,'Y','N','N','N','N','N','SYSTEM',CURRENT_TIMESTAMP,'SYSTEM',CURRENT_TIMESTAMP);
INSERT INTO menu_role_dtl (role_id_mgno,menu_mgno,role_menu_sn,inq_authrt_yn,reg_authrt_yn,mdfcn_authrt_yn,del_authrt_yn,excn_authrt_yn,del_yn,rgtr_id,reg_dt,mdfr_id,mdfcn_dt) VALUES ('RL00000002','MN04020700',166,'Y','N','N','N','N','N','SYSTEM',CURRENT_TIMESTAMP,'SYSTEM',CURRENT_TIMESTAMP);
INSERT INTO menu_role_dtl (role_id_mgno,menu_mgno,role_menu_sn,inq_authrt_yn,reg_authrt_yn,mdfcn_authrt_yn,del_authrt_yn,excn_authrt_yn,del_yn,rgtr_id,reg_dt,mdfr_id,mdfcn_dt) VALUES ('RL00000002','MN04030000',167,'Y','N','N','N','N','N','SYSTEM',CURRENT_TIMESTAMP,'SYSTEM',CURRENT_TIMESTAMP);
INSERT INTO menu_role_dtl (role_id_mgno,menu_mgno,role_menu_sn,inq_authrt_yn,reg_authrt_yn,mdfcn_authrt_yn,del_authrt_yn,excn_authrt_yn,del_yn,rgtr_id,reg_dt,mdfr_id,mdfcn_dt) VALUES ('RL00000002','MN04030100',168,'Y','N','N','N','N','N','SYSTEM',CURRENT_TIMESTAMP,'SYSTEM',CURRENT_TIMESTAMP);
INSERT INTO menu_role_dtl (role_id_mgno,menu_mgno,role_menu_sn,inq_authrt_yn,reg_authrt_yn,mdfcn_authrt_yn,del_authrt_yn,excn_authrt_yn,del_yn,rgtr_id,reg_dt,mdfr_id,mdfcn_dt) VALUES ('RL00000002','MN04030200',169,'Y','N','N','N','N','N','SYSTEM',CURRENT_TIMESTAMP,'SYSTEM',CURRENT_TIMESTAMP);
INSERT INTO menu_role_dtl (role_id_mgno,menu_mgno,role_menu_sn,inq_authrt_yn,reg_authrt_yn,mdfcn_authrt_yn,del_authrt_yn,excn_authrt_yn,del_yn,rgtr_id,reg_dt,mdfr_id,mdfcn_dt) VALUES ('RL00000002','MN06000000',170,'Y','N','N','N','N','N','SYSTEM',CURRENT_TIMESTAMP,'SYSTEM',CURRENT_TIMESTAMP);
INSERT INTO menu_role_dtl (role_id_mgno,menu_mgno,role_menu_sn,inq_authrt_yn,reg_authrt_yn,mdfcn_authrt_yn,del_authrt_yn,excn_authrt_yn,del_yn,rgtr_id,reg_dt,mdfr_id,mdfcn_dt) VALUES ('RL00000002','MN06010000',171,'Y','N','N','N','N','N','SYSTEM',CURRENT_TIMESTAMP,'SYSTEM',CURRENT_TIMESTAMP);
INSERT INTO menu_role_dtl (role_id_mgno,menu_mgno,role_menu_sn,inq_authrt_yn,reg_authrt_yn,mdfcn_authrt_yn,del_authrt_yn,excn_authrt_yn,del_yn,rgtr_id,reg_dt,mdfr_id,mdfcn_dt) VALUES ('RL00000002','MN06020000',172,'Y','N','N','N','N','N','SYSTEM',CURRENT_TIMESTAMP,'SYSTEM',CURRENT_TIMESTAMP);
INSERT INTO menu_role_dtl (role_id_mgno,menu_mgno,role_menu_sn,inq_authrt_yn,reg_authrt_yn,mdfcn_authrt_yn,del_authrt_yn,excn_authrt_yn,del_yn,rgtr_id,reg_dt,mdfr_id,mdfcn_dt) VALUES ('RL00000002','MN06062200',174,'Y','N','N','N','N','N','SYSTEM',CURRENT_TIMESTAMP,'SYSTEM',CURRENT_TIMESTAMP);
INSERT INTO menu_role_dtl (role_id_mgno,menu_mgno,role_menu_sn,inq_authrt_yn,reg_authrt_yn,mdfcn_authrt_yn,del_authrt_yn,excn_authrt_yn,del_yn,rgtr_id,reg_dt,mdfr_id,mdfcn_dt) VALUES ('RL00000002','MN06062300',175,'Y','N','N','N','N','N','SYSTEM',CURRENT_TIMESTAMP,'SYSTEM',CURRENT_TIMESTAMP);
INSERT INTO menu_role_dtl (role_id_mgno,menu_mgno,role_menu_sn,inq_authrt_yn,reg_authrt_yn,mdfcn_authrt_yn,del_authrt_yn,excn_authrt_yn,del_yn,rgtr_id,reg_dt,mdfr_id,mdfcn_dt) VALUES ('RL00000002','MN06062400',176,'Y','N','N','N','N','N','SYSTEM',CURRENT_TIMESTAMP,'SYSTEM',CURRENT_TIMESTAMP);
INSERT INTO menu_role_dtl (role_id_mgno,menu_mgno,role_menu_sn,inq_authrt_yn,reg_authrt_yn,mdfcn_authrt_yn,del_authrt_yn,excn_authrt_yn,del_yn,rgtr_id,reg_dt,mdfr_id,mdfcn_dt) VALUES ('RL00000002','MN06062500',177,'Y','N','N','N','N','N','SYSTEM',CURRENT_TIMESTAMP,'SYSTEM',CURRENT_TIMESTAMP);
INSERT INTO menu_role_dtl (role_id_mgno,menu_mgno,role_menu_sn,inq_authrt_yn,reg_authrt_yn,mdfcn_authrt_yn,del_authrt_yn,excn_authrt_yn,del_yn,rgtr_id,reg_dt,mdfr_id,mdfcn_dt) VALUES ('RL00000002','MN06070400',178,'Y','N','N','N','N','N','SYSTEM',CURRENT_TIMESTAMP,'SYSTEM',CURRENT_TIMESTAMP);
INSERT INTO menu_role_dtl (role_id_mgno,menu_mgno,role_menu_sn,inq_authrt_yn,reg_authrt_yn,mdfcn_authrt_yn,del_authrt_yn,excn_authrt_yn,del_yn,rgtr_id,reg_dt,mdfr_id,mdfcn_dt) VALUES ('RL00000002','MN06070500',179,'Y','N','N','N','N','N','SYSTEM',CURRENT_TIMESTAMP,'SYSTEM',CURRENT_TIMESTAMP);
INSERT INTO menu_role_dtl (role_id_mgno,menu_mgno,role_menu_sn,inq_authrt_yn,reg_authrt_yn,mdfcn_authrt_yn,del_authrt_yn,excn_authrt_yn,del_yn,rgtr_id,reg_dt,mdfr_id,mdfcn_dt) VALUES ('RL00000002','MN06070600',180,'Y','N','N','N','N','N','SYSTEM',CURRENT_TIMESTAMP,'SYSTEM',CURRENT_TIMESTAMP);
INSERT INTO menu_role_dtl (role_id_mgno,menu_mgno,role_menu_sn,inq_authrt_yn,reg_authrt_yn,mdfcn_authrt_yn,del_authrt_yn,excn_authrt_yn,del_yn,rgtr_id,reg_dt,mdfr_id,mdfcn_dt) VALUES ('RL00000002','MN07000000',181,'Y','N','N','N','N','N','SYSTEM',CURRENT_TIMESTAMP,'SYSTEM',CURRENT_TIMESTAMP);
INSERT INTO menu_role_dtl (role_id_mgno,menu_mgno,role_menu_sn,inq_authrt_yn,reg_authrt_yn,mdfcn_authrt_yn,del_authrt_yn,excn_authrt_yn,del_yn,rgtr_id,reg_dt,mdfr_id,mdfcn_dt) VALUES ('RL00000002','MN07010000',182,'Y','N','N','N','N','N','SYSTEM',CURRENT_TIMESTAMP,'SYSTEM',CURRENT_TIMESTAMP);
INSERT INTO menu_role_dtl (role_id_mgno,menu_mgno,role_menu_sn,inq_authrt_yn,reg_authrt_yn,mdfcn_authrt_yn,del_authrt_yn,excn_authrt_yn,del_yn,rgtr_id,reg_dt,mdfr_id,mdfcn_dt) VALUES ('RL00000002','MN07020000',183,'Y','N','N','N','N','N','SYSTEM',CURRENT_TIMESTAMP,'SYSTEM',CURRENT_TIMESTAMP);
INSERT INTO menu_role_dtl (role_id_mgno,menu_mgno,role_menu_sn,inq_authrt_yn,reg_authrt_yn,mdfcn_authrt_yn,del_authrt_yn,excn_authrt_yn,del_yn,rgtr_id,reg_dt,mdfr_id,mdfcn_dt) VALUES ('RL00000002','MN07030000',184,'Y','N','N','N','N','N','SYSTEM',CURRENT_TIMESTAMP,'SYSTEM',CURRENT_TIMESTAMP);
INSERT INTO menu_role_dtl (role_id_mgno,menu_mgno,role_menu_sn,inq_authrt_yn,reg_authrt_yn,mdfcn_authrt_yn,del_authrt_yn,excn_authrt_yn,del_yn,rgtr_id,reg_dt,mdfr_id,mdfcn_dt) VALUES ('RL00000002','MN07040000',185,'Y','N','N','N','N','N','SYSTEM',CURRENT_TIMESTAMP,'SYSTEM',CURRENT_TIMESTAMP);
INSERT INTO menu_role_dtl (role_id_mgno,menu_mgno,role_menu_sn,inq_authrt_yn,reg_authrt_yn,mdfcn_authrt_yn,del_authrt_yn,excn_authrt_yn,del_yn,rgtr_id,reg_dt,mdfr_id,mdfcn_dt) VALUES ('RL00000002','MN07050000',186,'Y','N','N','N','N','N','SYSTEM',CURRENT_TIMESTAMP,'SYSTEM',CURRENT_TIMESTAMP);
INSERT INTO menu_role_dtl (role_id_mgno,menu_mgno,role_menu_sn,inq_authrt_yn,reg_authrt_yn,mdfcn_authrt_yn,del_authrt_yn,excn_authrt_yn,del_yn,rgtr_id,reg_dt,mdfr_id,mdfcn_dt) VALUES ('RL00000002','MN07060000',187,'Y','N','N','N','N','N','SYSTEM',CURRENT_TIMESTAMP,'SYSTEM',CURRENT_TIMESTAMP);
INSERT INTO menu_role_dtl (role_id_mgno,menu_mgno,role_menu_sn,inq_authrt_yn,reg_authrt_yn,mdfcn_authrt_yn,del_authrt_yn,excn_authrt_yn,del_yn,rgtr_id,reg_dt,mdfr_id,mdfcn_dt) VALUES ('RL00000002','MN07070000',188,'Y','N','N','N','N','N','SYSTEM',CURRENT_TIMESTAMP,'SYSTEM',CURRENT_TIMESTAMP);
INSERT INTO menu_role_dtl (role_id_mgno,menu_mgno,role_menu_sn,inq_authrt_yn,reg_authrt_yn,mdfcn_authrt_yn,del_authrt_yn,excn_authrt_yn,del_yn,rgtr_id,reg_dt,mdfr_id,mdfcn_dt) VALUES ('RL00000002','MN07080000',189,'Y','N','N','N','N','N','SYSTEM',CURRENT_TIMESTAMP,'SYSTEM',CURRENT_TIMESTAMP);
INSERT INTO menu_role_dtl (role_id_mgno,menu_mgno,role_menu_sn,inq_authrt_yn,reg_authrt_yn,mdfcn_authrt_yn,del_authrt_yn,excn_authrt_yn,del_yn,rgtr_id,reg_dt,mdfr_id,mdfcn_dt) VALUES ('RL00000002','MN07090000',190,'Y','N','N','N','N','N','SYSTEM',CURRENT_TIMESTAMP,'SYSTEM',CURRENT_TIMESTAMP);
INSERT INTO menu_role_dtl (role_id_mgno,menu_mgno,role_menu_sn,inq_authrt_yn,reg_authrt_yn,mdfcn_authrt_yn,del_authrt_yn,excn_authrt_yn,del_yn,rgtr_id,reg_dt,mdfr_id,mdfcn_dt) VALUES ('RL00000002','MN07100000',191,'Y','N','N','N','N','N','SYSTEM',CURRENT_TIMESTAMP,'SYSTEM',CURRENT_TIMESTAMP);
INSERT INTO menu_role_dtl (role_id_mgno,menu_mgno,role_menu_sn,inq_authrt_yn,reg_authrt_yn,mdfcn_authrt_yn,del_authrt_yn,excn_authrt_yn,del_yn,rgtr_id,reg_dt,mdfr_id,mdfcn_dt) VALUES ('RL00000002','MN08000000',192,'Y','N','N','N','N','N','SYSTEM',CURRENT_TIMESTAMP,'SYSTEM',CURRENT_TIMESTAMP);
INSERT INTO menu_role_dtl (role_id_mgno,menu_mgno,role_menu_sn,inq_authrt_yn,reg_authrt_yn,mdfcn_authrt_yn,del_authrt_yn,excn_authrt_yn,del_yn,rgtr_id,reg_dt,mdfr_id,mdfcn_dt) VALUES ('RL00000002','MN08010000',193,'Y','N','N','N','N','N','SYSTEM',CURRENT_TIMESTAMP,'SYSTEM',CURRENT_TIMESTAMP);
INSERT INTO menu_role_dtl (role_id_mgno,menu_mgno,role_menu_sn,inq_authrt_yn,reg_authrt_yn,mdfcn_authrt_yn,del_authrt_yn,excn_authrt_yn,del_yn,rgtr_id,reg_dt,mdfr_id,mdfcn_dt) VALUES ('RL00000002','MN08020000',194,'Y','N','N','N','N','N','SYSTEM',CURRENT_TIMESTAMP,'SYSTEM',CURRENT_TIMESTAMP);
INSERT INTO menu_role_dtl (role_id_mgno,menu_mgno,role_menu_sn,inq_authrt_yn,reg_authrt_yn,mdfcn_authrt_yn,del_authrt_yn,excn_authrt_yn,del_yn,rgtr_id,reg_dt,mdfr_id,mdfcn_dt) VALUES ('RL00000002','MN08060000',196,'Y','N','N','N','N','N','SYSTEM',CURRENT_TIMESTAMP,'SYSTEM',CURRENT_TIMESTAMP);
INSERT INTO menu_role_dtl (role_id_mgno,menu_mgno,role_menu_sn,inq_authrt_yn,reg_authrt_yn,mdfcn_authrt_yn,del_authrt_yn,excn_authrt_yn,del_yn,rgtr_id,reg_dt,mdfr_id,mdfcn_dt) VALUES ('RL00000002','MN99020000',198,'Y','N','N','N','N','N','SYSTEM',CURRENT_TIMESTAMP,'SYSTEM',CURRENT_TIMESTAMP);
INSERT INTO menu_role_dtl (role_id_mgno,menu_mgno,role_menu_sn,inq_authrt_yn,reg_authrt_yn,mdfcn_authrt_yn,del_authrt_yn,excn_authrt_yn,del_yn,rgtr_id,reg_dt,mdfr_id,mdfcn_dt) VALUES ('RL00000002','MN99030000',199,'Y','N','N','N','N','N','SYSTEM',CURRENT_TIMESTAMP,'SYSTEM',CURRENT_TIMESTAMP);
INSERT INTO menu_role_dtl (role_id_mgno,menu_mgno,role_menu_sn,inq_authrt_yn,reg_authrt_yn,mdfcn_authrt_yn,del_authrt_yn,excn_authrt_yn,del_yn,rgtr_id,reg_dt,mdfr_id,mdfcn_dt) VALUES ('RL00000002','MN99040000',200,'Y','N','N','N','N','N','SYSTEM',CURRENT_TIMESTAMP,'SYSTEM',CURRENT_TIMESTAMP);
INSERT INTO menu_role_dtl (role_id_mgno,menu_mgno,role_menu_sn,inq_authrt_yn,reg_authrt_yn,mdfcn_authrt_yn,del_authrt_yn,excn_authrt_yn,del_yn,rgtr_id,reg_dt,mdfr_id,mdfcn_dt) VALUES ('RL00000002','MN99050000',201,'Y','N','N','N','N','N','SYSTEM',CURRENT_TIMESTAMP,'SYSTEM',CURRENT_TIMESTAMP);
INSERT INTO menu_role_dtl (role_id_mgno,menu_mgno,role_menu_sn,inq_authrt_yn,reg_authrt_yn,mdfcn_authrt_yn,del_authrt_yn,excn_authrt_yn,del_yn,rgtr_id,reg_dt,mdfr_id,mdfcn_dt) VALUES ('RL00000002','MN99060000',202,'Y','N','N','N','N','N','SYSTEM',CURRENT_TIMESTAMP,'SYSTEM',CURRENT_TIMESTAMP);
INSERT INTO menu_role_dtl (role_id_mgno,menu_mgno,role_menu_sn,inq_authrt_yn,reg_authrt_yn,mdfcn_authrt_yn,del_authrt_yn,excn_authrt_yn,del_yn,rgtr_id,reg_dt,mdfr_id,mdfcn_dt) VALUES ('RL00000003','MN01000000',203,'Y','N','N','N','N','N','SYSTEM',CURRENT_TIMESTAMP,'SYSTEM',CURRENT_TIMESTAMP);
INSERT INTO menu_role_dtl (role_id_mgno,menu_mgno,role_menu_sn,inq_authrt_yn,reg_authrt_yn,mdfcn_authrt_yn,del_authrt_yn,excn_authrt_yn,del_yn,rgtr_id,reg_dt,mdfr_id,mdfcn_dt) VALUES ('RL00000003','MN01010000',204,'Y','N','N','N','N','N','SYSTEM',CURRENT_TIMESTAMP,'SYSTEM',CURRENT_TIMESTAMP);
INSERT INTO menu_role_dtl (role_id_mgno,menu_mgno,role_menu_sn,inq_authrt_yn,reg_authrt_yn,mdfcn_authrt_yn,del_authrt_yn,excn_authrt_yn,del_yn,rgtr_id,reg_dt,mdfr_id,mdfcn_dt) VALUES ('RL00000003','MN01020000',205,'Y','N','N','N','N','N','SYSTEM',CURRENT_TIMESTAMP,'SYSTEM',CURRENT_TIMESTAMP);
INSERT INTO menu_role_dtl (role_id_mgno,menu_mgno,role_menu_sn,inq_authrt_yn,reg_authrt_yn,mdfcn_authrt_yn,del_authrt_yn,excn_authrt_yn,del_yn,rgtr_id,reg_dt,mdfr_id,mdfcn_dt) VALUES ('RL00000003','MN01030000',206,'Y','N','N','N','N','N','SYSTEM',CURRENT_TIMESTAMP,'SYSTEM',CURRENT_TIMESTAMP);
INSERT INTO menu_role_dtl (role_id_mgno,menu_mgno,role_menu_sn,inq_authrt_yn,reg_authrt_yn,mdfcn_authrt_yn,del_authrt_yn,excn_authrt_yn,del_yn,rgtr_id,reg_dt,mdfr_id,mdfcn_dt) VALUES ('RL00000003','MN01040000',207,'Y','N','N','N','N','N','SYSTEM',CURRENT_TIMESTAMP,'SYSTEM',CURRENT_TIMESTAMP);
INSERT INTO menu_role_dtl (role_id_mgno,menu_mgno,role_menu_sn,inq_authrt_yn,reg_authrt_yn,mdfcn_authrt_yn,del_authrt_yn,excn_authrt_yn,del_yn,rgtr_id,reg_dt,mdfr_id,mdfcn_dt) VALUES ('RL00000003','MN02000000',208,'Y','N','N','N','N','N','SYSTEM',CURRENT_TIMESTAMP,'SYSTEM',CURRENT_TIMESTAMP);
INSERT INTO menu_role_dtl (role_id_mgno,menu_mgno,role_menu_sn,inq_authrt_yn,reg_authrt_yn,mdfcn_authrt_yn,del_authrt_yn,excn_authrt_yn,del_yn,rgtr_id,reg_dt,mdfr_id,mdfcn_dt) VALUES ('RL00000003','MN02010000',209,'Y','N','N','N','N','N','SYSTEM',CURRENT_TIMESTAMP,'SYSTEM',CURRENT_TIMESTAMP);
INSERT INTO menu_role_dtl (role_id_mgno,menu_mgno,role_menu_sn,inq_authrt_yn,reg_authrt_yn,mdfcn_authrt_yn,del_authrt_yn,excn_authrt_yn,del_yn,rgtr_id,reg_dt,mdfr_id,mdfcn_dt) VALUES ('RL00000003','MN02030000',210,'Y','N','N','N','N','N','SYSTEM',CURRENT_TIMESTAMP,'SYSTEM',CURRENT_TIMESTAMP);
INSERT INTO menu_role_dtl (role_id_mgno,menu_mgno,role_menu_sn,inq_authrt_yn,reg_authrt_yn,mdfcn_authrt_yn,del_authrt_yn,excn_authrt_yn,del_yn,rgtr_id,reg_dt,mdfr_id,mdfcn_dt) VALUES ('RL00000003','MN02050000',212,'Y','N','N','N','N','N','SYSTEM',CURRENT_TIMESTAMP,'SYSTEM',CURRENT_TIMESTAMP);
INSERT INTO menu_role_dtl (role_id_mgno,menu_mgno,role_menu_sn,inq_authrt_yn,reg_authrt_yn,mdfcn_authrt_yn,del_authrt_yn,excn_authrt_yn,del_yn,rgtr_id,reg_dt,mdfr_id,mdfcn_dt) VALUES ('RL00000003','MN02060000',213,'Y','N','N','N','N','N','SYSTEM',CURRENT_TIMESTAMP,'SYSTEM',CURRENT_TIMESTAMP);
INSERT INTO menu_role_dtl (role_id_mgno,menu_mgno,role_menu_sn,inq_authrt_yn,reg_authrt_yn,mdfcn_authrt_yn,del_authrt_yn,excn_authrt_yn,del_yn,rgtr_id,reg_dt,mdfr_id,mdfcn_dt) VALUES ('RL00000003','MN03000000',214,'Y','N','N','N','N','N','SYSTEM',CURRENT_TIMESTAMP,'SYSTEM',CURRENT_TIMESTAMP);
INSERT INTO menu_role_dtl (role_id_mgno,menu_mgno,role_menu_sn,inq_authrt_yn,reg_authrt_yn,mdfcn_authrt_yn,del_authrt_yn,excn_authrt_yn,del_yn,rgtr_id,reg_dt,mdfr_id,mdfcn_dt) VALUES ('RL00000003','MN03010000',215,'Y','N','N','N','N','N','SYSTEM',CURRENT_TIMESTAMP,'SYSTEM',CURRENT_TIMESTAMP);
INSERT INTO menu_role_dtl (role_id_mgno,menu_mgno,role_menu_sn,inq_authrt_yn,reg_authrt_yn,mdfcn_authrt_yn,del_authrt_yn,excn_authrt_yn,del_yn,rgtr_id,reg_dt,mdfr_id,mdfcn_dt) VALUES ('RL00000003','MN03020000',216,'Y','N','N','N','N','N','SYSTEM',CURRENT_TIMESTAMP,'SYSTEM',CURRENT_TIMESTAMP);
INSERT INTO menu_role_dtl (role_id_mgno,menu_mgno,role_menu_sn,inq_authrt_yn,reg_authrt_yn,mdfcn_authrt_yn,del_authrt_yn,excn_authrt_yn,del_yn,rgtr_id,reg_dt,mdfr_id,mdfcn_dt) VALUES ('RL00000003','MN03030000',217,'Y','N','N','N','N','N','SYSTEM',CURRENT_TIMESTAMP,'SYSTEM',CURRENT_TIMESTAMP);
INSERT INTO menu_role_dtl (role_id_mgno,menu_mgno,role_menu_sn,inq_authrt_yn,reg_authrt_yn,mdfcn_authrt_yn,del_authrt_yn,excn_authrt_yn,del_yn,rgtr_id,reg_dt,mdfr_id,mdfcn_dt) VALUES ('RL00000003','MN03040000',218,'Y','N','N','N','N','N','SYSTEM',CURRENT_TIMESTAMP,'SYSTEM',CURRENT_TIMESTAMP);
INSERT INTO menu_role_dtl (role_id_mgno,menu_mgno,role_menu_sn,inq_authrt_yn,reg_authrt_yn,mdfcn_authrt_yn,del_authrt_yn,excn_authrt_yn,del_yn,rgtr_id,reg_dt,mdfr_id,mdfcn_dt) VALUES ('RL00000003','MN03050000',219,'Y','N','N','N','N','N','SYSTEM',CURRENT_TIMESTAMP,'SYSTEM',CURRENT_TIMESTAMP);
INSERT INTO menu_role_dtl (role_id_mgno,menu_mgno,role_menu_sn,inq_authrt_yn,reg_authrt_yn,mdfcn_authrt_yn,del_authrt_yn,excn_authrt_yn,del_yn,rgtr_id,reg_dt,mdfr_id,mdfcn_dt) VALUES ('RL00000003','MN03070000',221,'Y','N','N','N','N','N','SYSTEM',CURRENT_TIMESTAMP,'SYSTEM',CURRENT_TIMESTAMP);
INSERT INTO menu_role_dtl (role_id_mgno,menu_mgno,role_menu_sn,inq_authrt_yn,reg_authrt_yn,mdfcn_authrt_yn,del_authrt_yn,excn_authrt_yn,del_yn,rgtr_id,reg_dt,mdfr_id,mdfcn_dt) VALUES ('RL00000003','MN04000000',222,'Y','N','N','N','N','N','SYSTEM',CURRENT_TIMESTAMP,'SYSTEM',CURRENT_TIMESTAMP);
INSERT INTO menu_role_dtl (role_id_mgno,menu_mgno,role_menu_sn,inq_authrt_yn,reg_authrt_yn,mdfcn_authrt_yn,del_authrt_yn,excn_authrt_yn,del_yn,rgtr_id,reg_dt,mdfr_id,mdfcn_dt) VALUES ('RL00000003','MN04010000',223,'Y','N','N','N','N','N','SYSTEM',CURRENT_TIMESTAMP,'SYSTEM',CURRENT_TIMESTAMP);
INSERT INTO menu_role_dtl (role_id_mgno,menu_mgno,role_menu_sn,inq_authrt_yn,reg_authrt_yn,mdfcn_authrt_yn,del_authrt_yn,excn_authrt_yn,del_yn,rgtr_id,reg_dt,mdfr_id,mdfcn_dt) VALUES ('RL00000003','MN04010100',224,'Y','N','N','N','N','N','SYSTEM',CURRENT_TIMESTAMP,'SYSTEM',CURRENT_TIMESTAMP);
INSERT INTO menu_role_dtl (role_id_mgno,menu_mgno,role_menu_sn,inq_authrt_yn,reg_authrt_yn,mdfcn_authrt_yn,del_authrt_yn,excn_authrt_yn,del_yn,rgtr_id,reg_dt,mdfr_id,mdfcn_dt) VALUES ('RL00000003','MN04010200',225,'Y','N','N','N','N','N','SYSTEM',CURRENT_TIMESTAMP,'SYSTEM',CURRENT_TIMESTAMP);
INSERT INTO menu_role_dtl (role_id_mgno,menu_mgno,role_menu_sn,inq_authrt_yn,reg_authrt_yn,mdfcn_authrt_yn,del_authrt_yn,excn_authrt_yn,del_yn,rgtr_id,reg_dt,mdfr_id,mdfcn_dt) VALUES ('RL00000003','MN04010300',226,'Y','N','N','N','N','N','SYSTEM',CURRENT_TIMESTAMP,'SYSTEM',CURRENT_TIMESTAMP);
INSERT INTO menu_role_dtl (role_id_mgno,menu_mgno,role_menu_sn,inq_authrt_yn,reg_authrt_yn,mdfcn_authrt_yn,del_authrt_yn,excn_authrt_yn,del_yn,rgtr_id,reg_dt,mdfr_id,mdfcn_dt) VALUES ('RL00000003','MN04010400',227,'Y','N','N','N','N','N','SYSTEM',CURRENT_TIMESTAMP,'SYSTEM',CURRENT_TIMESTAMP);
INSERT INTO menu_role_dtl (role_id_mgno,menu_mgno,role_menu_sn,inq_authrt_yn,reg_authrt_yn,mdfcn_authrt_yn,del_authrt_yn,excn_authrt_yn,del_yn,rgtr_id,reg_dt,mdfr_id,mdfcn_dt) VALUES ('RL00000003','MN04010500',228,'Y','N','N','N','N','N','SYSTEM',CURRENT_TIMESTAMP,'SYSTEM',CURRENT_TIMESTAMP);
INSERT INTO menu_role_dtl (role_id_mgno,menu_mgno,role_menu_sn,inq_authrt_yn,reg_authrt_yn,mdfcn_authrt_yn,del_authrt_yn,excn_authrt_yn,del_yn,rgtr_id,reg_dt,mdfr_id,mdfcn_dt) VALUES ('RL00000003','MN04010700',229,'Y','N','N','N','N','N','SYSTEM',CURRENT_TIMESTAMP,'SYSTEM',CURRENT_TIMESTAMP);
INSERT INTO menu_role_dtl (role_id_mgno,menu_mgno,role_menu_sn,inq_authrt_yn,reg_authrt_yn,mdfcn_authrt_yn,del_authrt_yn,excn_authrt_yn,del_yn,rgtr_id,reg_dt,mdfr_id,mdfcn_dt) VALUES ('RL00000003','MN04010800',230,'Y','N','N','N','N','N','SYSTEM',CURRENT_TIMESTAMP,'SYSTEM',CURRENT_TIMESTAMP);
INSERT INTO menu_role_dtl (role_id_mgno,menu_mgno,role_menu_sn,inq_authrt_yn,reg_authrt_yn,mdfcn_authrt_yn,del_authrt_yn,excn_authrt_yn,del_yn,rgtr_id,reg_dt,mdfr_id,mdfcn_dt) VALUES ('RL00000003','MN04010900',231,'Y','N','N','N','N','N','SYSTEM',CURRENT_TIMESTAMP,'SYSTEM',CURRENT_TIMESTAMP);
INSERT INTO menu_role_dtl (role_id_mgno,menu_mgno,role_menu_sn,inq_authrt_yn,reg_authrt_yn,mdfcn_authrt_yn,del_authrt_yn,excn_authrt_yn,del_yn,rgtr_id,reg_dt,mdfr_id,mdfcn_dt) VALUES ('RL00000003','MN04020000',236,'Y','N','N','N','N','N','SYSTEM',CURRENT_TIMESTAMP,'SYSTEM',CURRENT_TIMESTAMP);
INSERT INTO menu_role_dtl (role_id_mgno,menu_mgno,role_menu_sn,inq_authrt_yn,reg_authrt_yn,mdfcn_authrt_yn,del_authrt_yn,excn_authrt_yn,del_yn,rgtr_id,reg_dt,mdfr_id,mdfcn_dt) VALUES ('RL00000003','MN04020100',237,'Y','N','N','N','N','N','SYSTEM',CURRENT_TIMESTAMP,'SYSTEM',CURRENT_TIMESTAMP);
INSERT INTO menu_role_dtl (role_id_mgno,menu_mgno,role_menu_sn,inq_authrt_yn,reg_authrt_yn,mdfcn_authrt_yn,del_authrt_yn,excn_authrt_yn,del_yn,rgtr_id,reg_dt,mdfr_id,mdfcn_dt) VALUES ('RL00000003','MN04020200',238,'Y','N','N','N','N','N','SYSTEM',CURRENT_TIMESTAMP,'SYSTEM',CURRENT_TIMESTAMP);
INSERT INTO menu_role_dtl (role_id_mgno,menu_mgno,role_menu_sn,inq_authrt_yn,reg_authrt_yn,mdfcn_authrt_yn,del_authrt_yn,excn_authrt_yn,del_yn,rgtr_id,reg_dt,mdfr_id,mdfcn_dt) VALUES ('RL00000003','MN04020300',239,'Y','N','N','N','N','N','SYSTEM',CURRENT_TIMESTAMP,'SYSTEM',CURRENT_TIMESTAMP);
INSERT INTO menu_role_dtl (role_id_mgno,menu_mgno,role_menu_sn,inq_authrt_yn,reg_authrt_yn,mdfcn_authrt_yn,del_authrt_yn,excn_authrt_yn,del_yn,rgtr_id,reg_dt,mdfr_id,mdfcn_dt) VALUES ('RL00000003','MN04020400',240,'Y','N','N','N','N','N','SYSTEM',CURRENT_TIMESTAMP,'SYSTEM',CURRENT_TIMESTAMP);
INSERT INTO menu_role_dtl (role_id_mgno,menu_mgno,role_menu_sn,inq_authrt_yn,reg_authrt_yn,mdfcn_authrt_yn,del_authrt_yn,excn_authrt_yn,del_yn,rgtr_id,reg_dt,mdfr_id,mdfcn_dt) VALUES ('RL00000003','MN04020500',241,'Y','N','N','N','N','N','SYSTEM',CURRENT_TIMESTAMP,'SYSTEM',CURRENT_TIMESTAMP);
INSERT INTO menu_role_dtl (role_id_mgno,menu_mgno,role_menu_sn,inq_authrt_yn,reg_authrt_yn,mdfcn_authrt_yn,del_authrt_yn,excn_authrt_yn,del_yn,rgtr_id,reg_dt,mdfr_id,mdfcn_dt) VALUES ('RL00000003','MN04020600',242,'Y','N','N','N','N','N','SYSTEM',CURRENT_TIMESTAMP,'SYSTEM',CURRENT_TIMESTAMP);
INSERT INTO menu_role_dtl (role_id_mgno,menu_mgno,role_menu_sn,inq_authrt_yn,reg_authrt_yn,mdfcn_authrt_yn,del_authrt_yn,excn_authrt_yn,del_yn,rgtr_id,reg_dt,mdfr_id,mdfcn_dt) VALUES ('RL00000003','MN04020700',243,'Y','N','N','N','N','N','SYSTEM',CURRENT_TIMESTAMP,'SYSTEM',CURRENT_TIMESTAMP);
INSERT INTO menu_role_dtl (role_id_mgno,menu_mgno,role_menu_sn,inq_authrt_yn,reg_authrt_yn,mdfcn_authrt_yn,del_authrt_yn,excn_authrt_yn,del_yn,rgtr_id,reg_dt,mdfr_id,mdfcn_dt) VALUES ('RL00000003','MN04030000',244,'Y','N','N','N','N','N','SYSTEM',CURRENT_TIMESTAMP,'SYSTEM',CURRENT_TIMESTAMP);
INSERT INTO menu_role_dtl (role_id_mgno,menu_mgno,role_menu_sn,inq_authrt_yn,reg_authrt_yn,mdfcn_authrt_yn,del_authrt_yn,excn_authrt_yn,del_yn,rgtr_id,reg_dt,mdfr_id,mdfcn_dt) VALUES ('RL00000003','MN04030100',245,'Y','N','N','N','N','N','SYSTEM',CURRENT_TIMESTAMP,'SYSTEM',CURRENT_TIMESTAMP);
INSERT INTO menu_role_dtl (role_id_mgno,menu_mgno,role_menu_sn,inq_authrt_yn,reg_authrt_yn,mdfcn_authrt_yn,del_authrt_yn,excn_authrt_yn,del_yn,rgtr_id,reg_dt,mdfr_id,mdfcn_dt) VALUES ('RL00000003','MN04030200',246,'Y','N','N','N','N','N','SYSTEM',CURRENT_TIMESTAMP,'SYSTEM',CURRENT_TIMESTAMP);
INSERT INTO menu_role_dtl (role_id_mgno,menu_mgno,role_menu_sn,inq_authrt_yn,reg_authrt_yn,mdfcn_authrt_yn,del_authrt_yn,excn_authrt_yn,del_yn,rgtr_id,reg_dt,mdfr_id,mdfcn_dt) VALUES ('RL00000003','MN06000000',247,'Y','N','N','N','N','N','SYSTEM',CURRENT_TIMESTAMP,'SYSTEM',CURRENT_TIMESTAMP);
INSERT INTO menu_role_dtl (role_id_mgno,menu_mgno,role_menu_sn,inq_authrt_yn,reg_authrt_yn,mdfcn_authrt_yn,del_authrt_yn,excn_authrt_yn,del_yn,rgtr_id,reg_dt,mdfr_id,mdfcn_dt) VALUES ('RL00000003','MN06010000',248,'Y','N','N','N','N','N','SYSTEM',CURRENT_TIMESTAMP,'SYSTEM',CURRENT_TIMESTAMP);
INSERT INTO menu_role_dtl (role_id_mgno,menu_mgno,role_menu_sn,inq_authrt_yn,reg_authrt_yn,mdfcn_authrt_yn,del_authrt_yn,excn_authrt_yn,del_yn,rgtr_id,reg_dt,mdfr_id,mdfcn_dt) VALUES ('RL00000003','MN06020000',249,'Y','N','N','N','N','N','SYSTEM',CURRENT_TIMESTAMP,'SYSTEM',CURRENT_TIMESTAMP);
INSERT INTO menu_role_dtl (role_id_mgno,menu_mgno,role_menu_sn,inq_authrt_yn,reg_authrt_yn,mdfcn_authrt_yn,del_authrt_yn,excn_authrt_yn,del_yn,rgtr_id,reg_dt,mdfr_id,mdfcn_dt) VALUES ('RL00000003','MN06062200',251,'Y','N','N','N','N','N','SYSTEM',CURRENT_TIMESTAMP,'SYSTEM',CURRENT_TIMESTAMP);
INSERT INTO menu_role_dtl (role_id_mgno,menu_mgno,role_menu_sn,inq_authrt_yn,reg_authrt_yn,mdfcn_authrt_yn,del_authrt_yn,excn_authrt_yn,del_yn,rgtr_id,reg_dt,mdfr_id,mdfcn_dt) VALUES ('RL00000003','MN06062300',252,'Y','N','N','N','N','N','SYSTEM',CURRENT_TIMESTAMP,'SYSTEM',CURRENT_TIMESTAMP);
INSERT INTO menu_role_dtl (role_id_mgno,menu_mgno,role_menu_sn,inq_authrt_yn,reg_authrt_yn,mdfcn_authrt_yn,del_authrt_yn,excn_authrt_yn,del_yn,rgtr_id,reg_dt,mdfr_id,mdfcn_dt) VALUES ('RL00000003','MN06062400',253,'Y','N','N','N','N','N','SYSTEM',CURRENT_TIMESTAMP,'SYSTEM',CURRENT_TIMESTAMP);
INSERT INTO menu_role_dtl (role_id_mgno,menu_mgno,role_menu_sn,inq_authrt_yn,reg_authrt_yn,mdfcn_authrt_yn,del_authrt_yn,excn_authrt_yn,del_yn,rgtr_id,reg_dt,mdfr_id,mdfcn_dt) VALUES ('RL00000003','MN06062500',254,'Y','N','N','N','N','N','SYSTEM',CURRENT_TIMESTAMP,'SYSTEM',CURRENT_TIMESTAMP);
INSERT INTO menu_role_dtl (role_id_mgno,menu_mgno,role_menu_sn,inq_authrt_yn,reg_authrt_yn,mdfcn_authrt_yn,del_authrt_yn,excn_authrt_yn,del_yn,rgtr_id,reg_dt,mdfr_id,mdfcn_dt) VALUES ('RL00000003','MN06070400',255,'Y','N','N','N','N','N','SYSTEM',CURRENT_TIMESTAMP,'SYSTEM',CURRENT_TIMESTAMP);
INSERT INTO menu_role_dtl (role_id_mgno,menu_mgno,role_menu_sn,inq_authrt_yn,reg_authrt_yn,mdfcn_authrt_yn,del_authrt_yn,excn_authrt_yn,del_yn,rgtr_id,reg_dt,mdfr_id,mdfcn_dt) VALUES ('RL00000003','MN06070500',256,'Y','N','N','N','N','N','SYSTEM',CURRENT_TIMESTAMP,'SYSTEM',CURRENT_TIMESTAMP);
INSERT INTO menu_role_dtl (role_id_mgno,menu_mgno,role_menu_sn,inq_authrt_yn,reg_authrt_yn,mdfcn_authrt_yn,del_authrt_yn,excn_authrt_yn,del_yn,rgtr_id,reg_dt,mdfr_id,mdfcn_dt) VALUES ('RL00000003','MN06070600',257,'Y','N','N','N','N','N','SYSTEM',CURRENT_TIMESTAMP,'SYSTEM',CURRENT_TIMESTAMP);
INSERT INTO menu_role_dtl (role_id_mgno,menu_mgno,role_menu_sn,inq_authrt_yn,reg_authrt_yn,mdfcn_authrt_yn,del_authrt_yn,excn_authrt_yn,del_yn,rgtr_id,reg_dt,mdfr_id,mdfcn_dt) VALUES ('RL00000003','MN07000000',258,'Y','N','N','N','N','N','SYSTEM',CURRENT_TIMESTAMP,'SYSTEM',CURRENT_TIMESTAMP);
INSERT INTO menu_role_dtl (role_id_mgno,menu_mgno,role_menu_sn,inq_authrt_yn,reg_authrt_yn,mdfcn_authrt_yn,del_authrt_yn,excn_authrt_yn,del_yn,rgtr_id,reg_dt,mdfr_id,mdfcn_dt) VALUES ('RL00000003','MN07010000',259,'Y','N','N','N','N','N','SYSTEM',CURRENT_TIMESTAMP,'SYSTEM',CURRENT_TIMESTAMP);
INSERT INTO menu_role_dtl (role_id_mgno,menu_mgno,role_menu_sn,inq_authrt_yn,reg_authrt_yn,mdfcn_authrt_yn,del_authrt_yn,excn_authrt_yn,del_yn,rgtr_id,reg_dt,mdfr_id,mdfcn_dt) VALUES ('RL00000003','MN07020000',260,'Y','N','N','N','N','N','SYSTEM',CURRENT_TIMESTAMP,'SYSTEM',CURRENT_TIMESTAMP);
INSERT INTO menu_role_dtl (role_id_mgno,menu_mgno,role_menu_sn,inq_authrt_yn,reg_authrt_yn,mdfcn_authrt_yn,del_authrt_yn,excn_authrt_yn,del_yn,rgtr_id,reg_dt,mdfr_id,mdfcn_dt) VALUES ('RL00000003','MN07030000',261,'Y','N','N','N','N','N','SYSTEM',CURRENT_TIMESTAMP,'SYSTEM',CURRENT_TIMESTAMP);
INSERT INTO menu_role_dtl (role_id_mgno,menu_mgno,role_menu_sn,inq_authrt_yn,reg_authrt_yn,mdfcn_authrt_yn,del_authrt_yn,excn_authrt_yn,del_yn,rgtr_id,reg_dt,mdfr_id,mdfcn_dt) VALUES ('RL00000003','MN07040000',262,'Y','N','N','N','N','N','SYSTEM',CURRENT_TIMESTAMP,'SYSTEM',CURRENT_TIMESTAMP);
INSERT INTO menu_role_dtl (role_id_mgno,menu_mgno,role_menu_sn,inq_authrt_yn,reg_authrt_yn,mdfcn_authrt_yn,del_authrt_yn,excn_authrt_yn,del_yn,rgtr_id,reg_dt,mdfr_id,mdfcn_dt) VALUES ('RL00000003','MN07050000',263,'Y','N','N','N','N','N','SYSTEM',CURRENT_TIMESTAMP,'SYSTEM',CURRENT_TIMESTAMP);
INSERT INTO menu_role_dtl (role_id_mgno,menu_mgno,role_menu_sn,inq_authrt_yn,reg_authrt_yn,mdfcn_authrt_yn,del_authrt_yn,excn_authrt_yn,del_yn,rgtr_id,reg_dt,mdfr_id,mdfcn_dt) VALUES ('RL00000003','MN07060000',264,'Y','N','N','N','N','N','SYSTEM',CURRENT_TIMESTAMP,'SYSTEM',CURRENT_TIMESTAMP);
INSERT INTO menu_role_dtl (role_id_mgno,menu_mgno,role_menu_sn,inq_authrt_yn,reg_authrt_yn,mdfcn_authrt_yn,del_authrt_yn,excn_authrt_yn,del_yn,rgtr_id,reg_dt,mdfr_id,mdfcn_dt) VALUES ('RL00000003','MN07070000',265,'Y','N','N','N','N','N','SYSTEM',CURRENT_TIMESTAMP,'SYSTEM',CURRENT_TIMESTAMP);
INSERT INTO menu_role_dtl (role_id_mgno,menu_mgno,role_menu_sn,inq_authrt_yn,reg_authrt_yn,mdfcn_authrt_yn,del_authrt_yn,excn_authrt_yn,del_yn,rgtr_id,reg_dt,mdfr_id,mdfcn_dt) VALUES ('RL00000003','MN07080000',266,'Y','N','N','N','N','N','SYSTEM',CURRENT_TIMESTAMP,'SYSTEM',CURRENT_TIMESTAMP);
INSERT INTO menu_role_dtl (role_id_mgno,menu_mgno,role_menu_sn,inq_authrt_yn,reg_authrt_yn,mdfcn_authrt_yn,del_authrt_yn,excn_authrt_yn,del_yn,rgtr_id,reg_dt,mdfr_id,mdfcn_dt) VALUES ('RL00000003','MN07090000',267,'Y','N','N','N','N','N','SYSTEM',CURRENT_TIMESTAMP,'SYSTEM',CURRENT_TIMESTAMP);
INSERT INTO menu_role_dtl (role_id_mgno,menu_mgno,role_menu_sn,inq_authrt_yn,reg_authrt_yn,mdfcn_authrt_yn,del_authrt_yn,excn_authrt_yn,del_yn,rgtr_id,reg_dt,mdfr_id,mdfcn_dt) VALUES ('RL00000003','MN07100000',268,'Y','N','N','N','N','N','SYSTEM',CURRENT_TIMESTAMP,'SYSTEM',CURRENT_TIMESTAMP);
INSERT INTO menu_role_dtl (role_id_mgno,menu_mgno,role_menu_sn,inq_authrt_yn,reg_authrt_yn,mdfcn_authrt_yn,del_authrt_yn,excn_authrt_yn,del_yn,rgtr_id,reg_dt,mdfr_id,mdfcn_dt) VALUES ('RL00000003','MN08000000',269,'Y','N','N','N','N','N','SYSTEM',CURRENT_TIMESTAMP,'SYSTEM',CURRENT_TIMESTAMP);
INSERT INTO menu_role_dtl (role_id_mgno,menu_mgno,role_menu_sn,inq_authrt_yn,reg_authrt_yn,mdfcn_authrt_yn,del_authrt_yn,excn_authrt_yn,del_yn,rgtr_id,reg_dt,mdfr_id,mdfcn_dt) VALUES ('RL00000003','MN08010000',270,'Y','N','N','N','N','N','SYSTEM',CURRENT_TIMESTAMP,'SYSTEM',CURRENT_TIMESTAMP);
INSERT INTO menu_role_dtl (role_id_mgno,menu_mgno,role_menu_sn,inq_authrt_yn,reg_authrt_yn,mdfcn_authrt_yn,del_authrt_yn,excn_authrt_yn,del_yn,rgtr_id,reg_dt,mdfr_id,mdfcn_dt) VALUES ('RL00000003','MN08020000',271,'Y','N','N','N','N','N','SYSTEM',CURRENT_TIMESTAMP,'SYSTEM',CURRENT_TIMESTAMP);
INSERT INTO menu_role_dtl (role_id_mgno,menu_mgno,role_menu_sn,inq_authrt_yn,reg_authrt_yn,mdfcn_authrt_yn,del_authrt_yn,excn_authrt_yn,del_yn,rgtr_id,reg_dt,mdfr_id,mdfcn_dt) VALUES ('RL00000003','MN08060000',273,'Y','N','N','N','N','N','SYSTEM',CURRENT_TIMESTAMP,'SYSTEM',CURRENT_TIMESTAMP);
INSERT INTO menu_role_dtl (role_id_mgno,menu_mgno,role_menu_sn,inq_authrt_yn,reg_authrt_yn,mdfcn_authrt_yn,del_authrt_yn,excn_authrt_yn,del_yn,rgtr_id,reg_dt,mdfr_id,mdfcn_dt) VALUES ('RL00000003','MN99010000',274,'Y','N','N','N','N','N','SYSTEM',CURRENT_TIMESTAMP,'SYSTEM',CURRENT_TIMESTAMP);
INSERT INTO menu_role_dtl (role_id_mgno,menu_mgno,role_menu_sn,inq_authrt_yn,reg_authrt_yn,mdfcn_authrt_yn,del_authrt_yn,excn_authrt_yn,del_yn,rgtr_id,reg_dt,mdfr_id,mdfcn_dt) VALUES ('RL00000003','MN99020000',275,'Y','N','N','N','N','N','SYSTEM',CURRENT_TIMESTAMP,'SYSTEM',CURRENT_TIMESTAMP);
INSERT INTO menu_role_dtl (role_id_mgno,menu_mgno,role_menu_sn,inq_authrt_yn,reg_authrt_yn,mdfcn_authrt_yn,del_authrt_yn,excn_authrt_yn,del_yn,rgtr_id,reg_dt,mdfr_id,mdfcn_dt) VALUES ('RL00000003','MN99030000',276,'Y','N','N','N','N','N','SYSTEM',CURRENT_TIMESTAMP,'SYSTEM',CURRENT_TIMESTAMP);
INSERT INTO menu_role_dtl (role_id_mgno,menu_mgno,role_menu_sn,inq_authrt_yn,reg_authrt_yn,mdfcn_authrt_yn,del_authrt_yn,excn_authrt_yn,del_yn,rgtr_id,reg_dt,mdfr_id,mdfcn_dt) VALUES ('RL00000003','MN99040000',277,'Y','N','N','N','N','N','SYSTEM',CURRENT_TIMESTAMP,'SYSTEM',CURRENT_TIMESTAMP);
INSERT INTO menu_role_dtl (role_id_mgno,menu_mgno,role_menu_sn,inq_authrt_yn,reg_authrt_yn,mdfcn_authrt_yn,del_authrt_yn,excn_authrt_yn,del_yn,rgtr_id,reg_dt,mdfr_id,mdfcn_dt) VALUES ('RL00000003','MN99050000',278,'Y','N','N','N','N','N','SYSTEM',CURRENT_TIMESTAMP,'SYSTEM',CURRENT_TIMESTAMP);
INSERT INTO menu_role_dtl (role_id_mgno,menu_mgno,role_menu_sn,inq_authrt_yn,reg_authrt_yn,mdfcn_authrt_yn,del_authrt_yn,excn_authrt_yn,del_yn,rgtr_id,reg_dt,mdfr_id,mdfcn_dt) VALUES ('RL00000003','MN99060000',279,'Y','N','N','N','N','N','SYSTEM',CURRENT_TIMESTAMP,'SYSTEM',CURRENT_TIMESTAMP);
INSERT INTO menu_role_dtl (role_id_mgno,menu_mgno,role_menu_sn,inq_authrt_yn,reg_authrt_yn,mdfcn_authrt_yn,del_authrt_yn,excn_authrt_yn,del_yn,rgtr_id,reg_dt,mdfr_id,mdfcn_dt) VALUES ('RL00000004','MN01000000',280,'Y','N','N','N','N','N','SYSTEM',CURRENT_TIMESTAMP,'SYSTEM',CURRENT_TIMESTAMP);
INSERT INTO menu_role_dtl (role_id_mgno,menu_mgno,role_menu_sn,inq_authrt_yn,reg_authrt_yn,mdfcn_authrt_yn,del_authrt_yn,excn_authrt_yn,del_yn,rgtr_id,reg_dt,mdfr_id,mdfcn_dt) VALUES ('RL00000004','MN01010000',281,'Y','N','N','N','N','N','SYSTEM',CURRENT_TIMESTAMP,'SYSTEM',CURRENT_TIMESTAMP);
INSERT INTO menu_role_dtl (role_id_mgno,menu_mgno,role_menu_sn,inq_authrt_yn,reg_authrt_yn,mdfcn_authrt_yn,del_authrt_yn,excn_authrt_yn,del_yn,rgtr_id,reg_dt,mdfr_id,mdfcn_dt) VALUES ('RL00000004','MN01030000',282,'Y','N','N','N','N','N','SYSTEM',CURRENT_TIMESTAMP,'SYSTEM',CURRENT_TIMESTAMP);
INSERT INTO menu_role_dtl (role_id_mgno,menu_mgno,role_menu_sn,inq_authrt_yn,reg_authrt_yn,mdfcn_authrt_yn,del_authrt_yn,excn_authrt_yn,del_yn,rgtr_id,reg_dt,mdfr_id,mdfcn_dt) VALUES ('RL00000004','MN01040000',283,'Y','N','N','N','N','N','SYSTEM',CURRENT_TIMESTAMP,'SYSTEM',CURRENT_TIMESTAMP);
INSERT INTO menu_role_dtl (role_id_mgno,menu_mgno,role_menu_sn,inq_authrt_yn,reg_authrt_yn,mdfcn_authrt_yn,del_authrt_yn,excn_authrt_yn,del_yn,rgtr_id,reg_dt,mdfr_id,mdfcn_dt) VALUES ('RL00000004','MN02000000',284,'Y','N','N','N','N','N','SYSTEM',CURRENT_TIMESTAMP,'SYSTEM',CURRENT_TIMESTAMP);
INSERT INTO menu_role_dtl (role_id_mgno,menu_mgno,role_menu_sn,inq_authrt_yn,reg_authrt_yn,mdfcn_authrt_yn,del_authrt_yn,excn_authrt_yn,del_yn,rgtr_id,reg_dt,mdfr_id,mdfcn_dt) VALUES ('RL00000004','MN02010000',285,'Y','N','N','N','N','N','SYSTEM',CURRENT_TIMESTAMP,'SYSTEM',CURRENT_TIMESTAMP);
INSERT INTO menu_role_dtl (role_id_mgno,menu_mgno,role_menu_sn,inq_authrt_yn,reg_authrt_yn,mdfcn_authrt_yn,del_authrt_yn,excn_authrt_yn,del_yn,rgtr_id,reg_dt,mdfr_id,mdfcn_dt) VALUES ('RL00000004','MN02040000',286,'Y','N','N','N','N','N','SYSTEM',CURRENT_TIMESTAMP,'SYSTEM',CURRENT_TIMESTAMP);
INSERT INTO menu_role_dtl (role_id_mgno,menu_mgno,role_menu_sn,inq_authrt_yn,reg_authrt_yn,mdfcn_authrt_yn,del_authrt_yn,excn_authrt_yn,del_yn,rgtr_id,reg_dt,mdfr_id,mdfcn_dt) VALUES ('RL00000004','MN02050000',287,'Y','N','N','N','N','N','SYSTEM',CURRENT_TIMESTAMP,'SYSTEM',CURRENT_TIMESTAMP);
INSERT INTO menu_role_dtl (role_id_mgno,menu_mgno,role_menu_sn,inq_authrt_yn,reg_authrt_yn,mdfcn_authrt_yn,del_authrt_yn,excn_authrt_yn,del_yn,rgtr_id,reg_dt,mdfr_id,mdfcn_dt) VALUES ('RL00000004','MN02060000',288,'Y','N','N','N','N','N','SYSTEM',CURRENT_TIMESTAMP,'SYSTEM',CURRENT_TIMESTAMP);
INSERT INTO menu_role_dtl (role_id_mgno,menu_mgno,role_menu_sn,inq_authrt_yn,reg_authrt_yn,mdfcn_authrt_yn,del_authrt_yn,excn_authrt_yn,del_yn,rgtr_id,reg_dt,mdfr_id,mdfcn_dt) VALUES ('RL00000004','MN03000000',289,'Y','N','N','N','N','N','SYSTEM',CURRENT_TIMESTAMP,'SYSTEM',CURRENT_TIMESTAMP);
INSERT INTO menu_role_dtl (role_id_mgno,menu_mgno,role_menu_sn,inq_authrt_yn,reg_authrt_yn,mdfcn_authrt_yn,del_authrt_yn,excn_authrt_yn,del_yn,rgtr_id,reg_dt,mdfr_id,mdfcn_dt) VALUES ('RL00000004','MN03010000',290,'Y','N','N','N','N','N','SYSTEM',CURRENT_TIMESTAMP,'SYSTEM',CURRENT_TIMESTAMP);
INSERT INTO menu_role_dtl (role_id_mgno,menu_mgno,role_menu_sn,inq_authrt_yn,reg_authrt_yn,mdfcn_authrt_yn,del_authrt_yn,excn_authrt_yn,del_yn,rgtr_id,reg_dt,mdfr_id,mdfcn_dt) VALUES ('RL00000004','MN03020000',291,'Y','N','N','N','N','N','SYSTEM',CURRENT_TIMESTAMP,'SYSTEM',CURRENT_TIMESTAMP);
INSERT INTO menu_role_dtl (role_id_mgno,menu_mgno,role_menu_sn,inq_authrt_yn,reg_authrt_yn,mdfcn_authrt_yn,del_authrt_yn,excn_authrt_yn,del_yn,rgtr_id,reg_dt,mdfr_id,mdfcn_dt) VALUES ('RL00000004','MN03030000',292,'Y','N','N','N','N','N','SYSTEM',CURRENT_TIMESTAMP,'SYSTEM',CURRENT_TIMESTAMP);
INSERT INTO menu_role_dtl (role_id_mgno,menu_mgno,role_menu_sn,inq_authrt_yn,reg_authrt_yn,mdfcn_authrt_yn,del_authrt_yn,excn_authrt_yn,del_yn,rgtr_id,reg_dt,mdfr_id,mdfcn_dt) VALUES ('RL00000004','MN03040000',293,'Y','N','N','N','N','N','SYSTEM',CURRENT_TIMESTAMP,'SYSTEM',CURRENT_TIMESTAMP);
INSERT INTO menu_role_dtl (role_id_mgno,menu_mgno,role_menu_sn,inq_authrt_yn,reg_authrt_yn,mdfcn_authrt_yn,del_authrt_yn,excn_authrt_yn,del_yn,rgtr_id,reg_dt,mdfr_id,mdfcn_dt) VALUES ('RL00000004','MN03050000',294,'Y','N','N','N','N','N','SYSTEM',CURRENT_TIMESTAMP,'SYSTEM',CURRENT_TIMESTAMP);
INSERT INTO menu_role_dtl (role_id_mgno,menu_mgno,role_menu_sn,inq_authrt_yn,reg_authrt_yn,mdfcn_authrt_yn,del_authrt_yn,excn_authrt_yn,del_yn,rgtr_id,reg_dt,mdfr_id,mdfcn_dt) VALUES ('RL00000004','MN03070000',296,'Y','N','N','N','N','N','SYSTEM',CURRENT_TIMESTAMP,'SYSTEM',CURRENT_TIMESTAMP);
INSERT INTO menu_role_dtl (role_id_mgno,menu_mgno,role_menu_sn,inq_authrt_yn,reg_authrt_yn,mdfcn_authrt_yn,del_authrt_yn,excn_authrt_yn,del_yn,rgtr_id,reg_dt,mdfr_id,mdfcn_dt) VALUES ('RL00000004','MN04000000',297,'Y','N','N','N','N','N','SYSTEM',CURRENT_TIMESTAMP,'SYSTEM',CURRENT_TIMESTAMP);
INSERT INTO menu_role_dtl (role_id_mgno,menu_mgno,role_menu_sn,inq_authrt_yn,reg_authrt_yn,mdfcn_authrt_yn,del_authrt_yn,excn_authrt_yn,del_yn,rgtr_id,reg_dt,mdfr_id,mdfcn_dt) VALUES ('RL00000004','MN04010000',298,'Y','N','N','N','N','N','SYSTEM',CURRENT_TIMESTAMP,'SYSTEM',CURRENT_TIMESTAMP);
INSERT INTO menu_role_dtl (role_id_mgno,menu_mgno,role_menu_sn,inq_authrt_yn,reg_authrt_yn,mdfcn_authrt_yn,del_authrt_yn,excn_authrt_yn,del_yn,rgtr_id,reg_dt,mdfr_id,mdfcn_dt) VALUES ('RL00000004','MN04010100',299,'Y','N','N','N','N','N','SYSTEM',CURRENT_TIMESTAMP,'SYSTEM',CURRENT_TIMESTAMP);
INSERT INTO menu_role_dtl (role_id_mgno,menu_mgno,role_menu_sn,inq_authrt_yn,reg_authrt_yn,mdfcn_authrt_yn,del_authrt_yn,excn_authrt_yn,del_yn,rgtr_id,reg_dt,mdfr_id,mdfcn_dt) VALUES ('RL00000004','MN04010200',300,'Y','N','N','N','N','N','SYSTEM',CURRENT_TIMESTAMP,'SYSTEM',CURRENT_TIMESTAMP);
INSERT INTO menu_role_dtl (role_id_mgno,menu_mgno,role_menu_sn,inq_authrt_yn,reg_authrt_yn,mdfcn_authrt_yn,del_authrt_yn,excn_authrt_yn,del_yn,rgtr_id,reg_dt,mdfr_id,mdfcn_dt) VALUES ('RL00000004','MN04010300',301,'Y','N','N','N','N','N','SYSTEM',CURRENT_TIMESTAMP,'SYSTEM',CURRENT_TIMESTAMP);
INSERT INTO menu_role_dtl (role_id_mgno,menu_mgno,role_menu_sn,inq_authrt_yn,reg_authrt_yn,mdfcn_authrt_yn,del_authrt_yn,excn_authrt_yn,del_yn,rgtr_id,reg_dt,mdfr_id,mdfcn_dt) VALUES ('RL00000004','MN04010400',302,'Y','N','N','N','N','N','SYSTEM',CURRENT_TIMESTAMP,'SYSTEM',CURRENT_TIMESTAMP);
INSERT INTO menu_role_dtl (role_id_mgno,menu_mgno,role_menu_sn,inq_authrt_yn,reg_authrt_yn,mdfcn_authrt_yn,del_authrt_yn,excn_authrt_yn,del_yn,rgtr_id,reg_dt,mdfr_id,mdfcn_dt) VALUES ('RL00000004','MN04010500',303,'Y','N','N','N','N','N','SYSTEM',CURRENT_TIMESTAMP,'SYSTEM',CURRENT_TIMESTAMP);
INSERT INTO menu_role_dtl (role_id_mgno,menu_mgno,role_menu_sn,inq_authrt_yn,reg_authrt_yn,mdfcn_authrt_yn,del_authrt_yn,excn_authrt_yn,del_yn,rgtr_id,reg_dt,mdfr_id,mdfcn_dt) VALUES ('RL00000004','MN04010700',304,'Y','N','N','N','N','N','SYSTEM',CURRENT_TIMESTAMP,'SYSTEM',CURRENT_TIMESTAMP);
INSERT INTO menu_role_dtl (role_id_mgno,menu_mgno,role_menu_sn,inq_authrt_yn,reg_authrt_yn,mdfcn_authrt_yn,del_authrt_yn,excn_authrt_yn,del_yn,rgtr_id,reg_dt,mdfr_id,mdfcn_dt) VALUES ('RL00000004','MN04010800',305,'Y','N','N','N','N','N','SYSTEM',CURRENT_TIMESTAMP,'SYSTEM',CURRENT_TIMESTAMP);
INSERT INTO menu_role_dtl (role_id_mgno,menu_mgno,role_menu_sn,inq_authrt_yn,reg_authrt_yn,mdfcn_authrt_yn,del_authrt_yn,excn_authrt_yn,del_yn,rgtr_id,reg_dt,mdfr_id,mdfcn_dt) VALUES ('RL00000004','MN04010900',306,'Y','N','N','N','N','N','SYSTEM',CURRENT_TIMESTAMP,'SYSTEM',CURRENT_TIMESTAMP);
INSERT INTO menu_role_dtl (role_id_mgno,menu_mgno,role_menu_sn,inq_authrt_yn,reg_authrt_yn,mdfcn_authrt_yn,del_authrt_yn,excn_authrt_yn,del_yn,rgtr_id,reg_dt,mdfr_id,mdfcn_dt) VALUES ('RL00000004','MN04011000',307,'Y','N','N','N','N','N','SYSTEM',CURRENT_TIMESTAMP,'SYSTEM',CURRENT_TIMESTAMP);
INSERT INTO menu_role_dtl (role_id_mgno,menu_mgno,role_menu_sn,inq_authrt_yn,reg_authrt_yn,mdfcn_authrt_yn,del_authrt_yn,excn_authrt_yn,del_yn,rgtr_id,reg_dt,mdfr_id,mdfcn_dt) VALUES ('RL00000004','MN04011100',308,'Y','N','N','N','N','N','SYSTEM',CURRENT_TIMESTAMP,'SYSTEM',CURRENT_TIMESTAMP);
INSERT INTO menu_role_dtl (role_id_mgno,menu_mgno,role_menu_sn,inq_authrt_yn,reg_authrt_yn,mdfcn_authrt_yn,del_authrt_yn,excn_authrt_yn,del_yn,rgtr_id,reg_dt,mdfr_id,mdfcn_dt) VALUES ('RL00000004','MN04011200',309,'Y','N','N','N','N','N','SYSTEM',CURRENT_TIMESTAMP,'SYSTEM',CURRENT_TIMESTAMP);
INSERT INTO menu_role_dtl (role_id_mgno,menu_mgno,role_menu_sn,inq_authrt_yn,reg_authrt_yn,mdfcn_authrt_yn,del_authrt_yn,excn_authrt_yn,del_yn,rgtr_id,reg_dt,mdfr_id,mdfcn_dt) VALUES ('RL00000004','MN04011300',310,'Y','N','N','N','N','N','SYSTEM',CURRENT_TIMESTAMP,'SYSTEM',CURRENT_TIMESTAMP);
INSERT INTO menu_role_dtl (role_id_mgno,menu_mgno,role_menu_sn,inq_authrt_yn,reg_authrt_yn,mdfcn_authrt_yn,del_authrt_yn,excn_authrt_yn,del_yn,rgtr_id,reg_dt,mdfr_id,mdfcn_dt) VALUES ('RL00000004','MN04020000',311,'Y','N','N','N','N','N','SYSTEM',CURRENT_TIMESTAMP,'SYSTEM',CURRENT_TIMESTAMP);
INSERT INTO menu_role_dtl (role_id_mgno,menu_mgno,role_menu_sn,inq_authrt_yn,reg_authrt_yn,mdfcn_authrt_yn,del_authrt_yn,excn_authrt_yn,del_yn,rgtr_id,reg_dt,mdfr_id,mdfcn_dt) VALUES ('RL00000004','MN04020100',312,'Y','N','N','N','N','N','SYSTEM',CURRENT_TIMESTAMP,'SYSTEM',CURRENT_TIMESTAMP);
INSERT INTO menu_role_dtl (role_id_mgno,menu_mgno,role_menu_sn,inq_authrt_yn,reg_authrt_yn,mdfcn_authrt_yn,del_authrt_yn,excn_authrt_yn,del_yn,rgtr_id,reg_dt,mdfr_id,mdfcn_dt) VALUES ('RL00000004','MN04020200',313,'Y','N','N','N','N','N','SYSTEM',CURRENT_TIMESTAMP,'SYSTEM',CURRENT_TIMESTAMP);
INSERT INTO menu_role_dtl (role_id_mgno,menu_mgno,role_menu_sn,inq_authrt_yn,reg_authrt_yn,mdfcn_authrt_yn,del_authrt_yn,excn_authrt_yn,del_yn,rgtr_id,reg_dt,mdfr_id,mdfcn_dt) VALUES ('RL00000004','MN04020300',314,'Y','N','N','N','N','N','SYSTEM',CURRENT_TIMESTAMP,'SYSTEM',CURRENT_TIMESTAMP);
INSERT INTO menu_role_dtl (role_id_mgno,menu_mgno,role_menu_sn,inq_authrt_yn,reg_authrt_yn,mdfcn_authrt_yn,del_authrt_yn,excn_authrt_yn,del_yn,rgtr_id,reg_dt,mdfr_id,mdfcn_dt) VALUES ('RL00000004','MN04020400',315,'Y','N','N','N','N','N','SYSTEM',CURRENT_TIMESTAMP,'SYSTEM',CURRENT_TIMESTAMP);
INSERT INTO menu_role_dtl (role_id_mgno,menu_mgno,role_menu_sn,inq_authrt_yn,reg_authrt_yn,mdfcn_authrt_yn,del_authrt_yn,excn_authrt_yn,del_yn,rgtr_id,reg_dt,mdfr_id,mdfcn_dt) VALUES ('RL00000004','MN04020500',316,'Y','N','N','N','N','N','SYSTEM',CURRENT_TIMESTAMP,'SYSTEM',CURRENT_TIMESTAMP);
INSERT INTO menu_role_dtl (role_id_mgno,menu_mgno,role_menu_sn,inq_authrt_yn,reg_authrt_yn,mdfcn_authrt_yn,del_authrt_yn,excn_authrt_yn,del_yn,rgtr_id,reg_dt,mdfr_id,mdfcn_dt) VALUES ('RL00000004','MN04020600',317,'Y','N','N','N','N','N','SYSTEM',CURRENT_TIMESTAMP,'SYSTEM',CURRENT_TIMESTAMP);
INSERT INTO menu_role_dtl (role_id_mgno,menu_mgno,role_menu_sn,inq_authrt_yn,reg_authrt_yn,mdfcn_authrt_yn,del_authrt_yn,excn_authrt_yn,del_yn,rgtr_id,reg_dt,mdfr_id,mdfcn_dt) VALUES ('RL00000004','MN04020700',318,'Y','N','N','N','N','N','SYSTEM',CURRENT_TIMESTAMP,'SYSTEM',CURRENT_TIMESTAMP);
INSERT INTO menu_role_dtl (role_id_mgno,menu_mgno,role_menu_sn,inq_authrt_yn,reg_authrt_yn,mdfcn_authrt_yn,del_authrt_yn,excn_authrt_yn,del_yn,rgtr_id,reg_dt,mdfr_id,mdfcn_dt) VALUES ('RL00000004','MN06000000',319,'Y','N','N','N','N','N','SYSTEM',CURRENT_TIMESTAMP,'SYSTEM',CURRENT_TIMESTAMP);
INSERT INTO menu_role_dtl (role_id_mgno,menu_mgno,role_menu_sn,inq_authrt_yn,reg_authrt_yn,mdfcn_authrt_yn,del_authrt_yn,excn_authrt_yn,del_yn,rgtr_id,reg_dt,mdfr_id,mdfcn_dt) VALUES ('RL00000004','MN06010000',320,'Y','N','N','N','N','N','SYSTEM',CURRENT_TIMESTAMP,'SYSTEM',CURRENT_TIMESTAMP);
INSERT INTO menu_role_dtl (role_id_mgno,menu_mgno,role_menu_sn,inq_authrt_yn,reg_authrt_yn,mdfcn_authrt_yn,del_authrt_yn,excn_authrt_yn,del_yn,rgtr_id,reg_dt,mdfr_id,mdfcn_dt) VALUES ('RL00000004','MN06020000',321,'Y','N','N','N','N','N','SYSTEM',CURRENT_TIMESTAMP,'SYSTEM',CURRENT_TIMESTAMP);
INSERT INTO menu_role_dtl (role_id_mgno,menu_mgno,role_menu_sn,inq_authrt_yn,reg_authrt_yn,mdfcn_authrt_yn,del_authrt_yn,excn_authrt_yn,del_yn,rgtr_id,reg_dt,mdfr_id,mdfcn_dt) VALUES ('RL00000004','MN06030000',322,'Y','N','N','N','N','N','SYSTEM',CURRENT_TIMESTAMP,'SYSTEM',CURRENT_TIMESTAMP);
INSERT INTO menu_role_dtl (role_id_mgno,menu_mgno,role_menu_sn,inq_authrt_yn,reg_authrt_yn,mdfcn_authrt_yn,del_authrt_yn,excn_authrt_yn,del_yn,rgtr_id,reg_dt,mdfr_id,mdfcn_dt) VALUES ('RL00000004','MN06030600',323,'Y','N','N','N','N','N','SYSTEM',CURRENT_TIMESTAMP,'SYSTEM',CURRENT_TIMESTAMP);
INSERT INTO menu_role_dtl (role_id_mgno,menu_mgno,role_menu_sn,inq_authrt_yn,reg_authrt_yn,mdfcn_authrt_yn,del_authrt_yn,excn_authrt_yn,del_yn,rgtr_id,reg_dt,mdfr_id,mdfcn_dt) VALUES ('RL00000004','MN06062200',324,'Y','N','N','N','N','N','SYSTEM',CURRENT_TIMESTAMP,'SYSTEM',CURRENT_TIMESTAMP);
INSERT INTO menu_role_dtl (role_id_mgno,menu_mgno,role_menu_sn,inq_authrt_yn,reg_authrt_yn,mdfcn_authrt_yn,del_authrt_yn,excn_authrt_yn,del_yn,rgtr_id,reg_dt,mdfr_id,mdfcn_dt) VALUES ('RL00000004','MN06062300',325,'Y','N','N','N','N','N','SYSTEM',CURRENT_TIMESTAMP,'SYSTEM',CURRENT_TIMESTAMP);
INSERT INTO menu_role_dtl (role_id_mgno,menu_mgno,role_menu_sn,inq_authrt_yn,reg_authrt_yn,mdfcn_authrt_yn,del_authrt_yn,excn_authrt_yn,del_yn,rgtr_id,reg_dt,mdfr_id,mdfcn_dt) VALUES ('RL00000004','MN06062400',326,'Y','N','N','N','N','N','SYSTEM',CURRENT_TIMESTAMP,'SYSTEM',CURRENT_TIMESTAMP);
INSERT INTO menu_role_dtl (role_id_mgno,menu_mgno,role_menu_sn,inq_authrt_yn,reg_authrt_yn,mdfcn_authrt_yn,del_authrt_yn,excn_authrt_yn,del_yn,rgtr_id,reg_dt,mdfr_id,mdfcn_dt) VALUES ('RL00000004','MN06062500',327,'Y','N','N','N','N','N','SYSTEM',CURRENT_TIMESTAMP,'SYSTEM',CURRENT_TIMESTAMP);
INSERT INTO menu_role_dtl (role_id_mgno,menu_mgno,role_menu_sn,inq_authrt_yn,reg_authrt_yn,mdfcn_authrt_yn,del_authrt_yn,excn_authrt_yn,del_yn,rgtr_id,reg_dt,mdfr_id,mdfcn_dt) VALUES ('RL00000004','MN06070400',328,'Y','N','N','N','N','N','SYSTEM',CURRENT_TIMESTAMP,'SYSTEM',CURRENT_TIMESTAMP);
INSERT INTO menu_role_dtl (role_id_mgno,menu_mgno,role_menu_sn,inq_authrt_yn,reg_authrt_yn,mdfcn_authrt_yn,del_authrt_yn,excn_authrt_yn,del_yn,rgtr_id,reg_dt,mdfr_id,mdfcn_dt) VALUES ('RL00000004','MN06070500',329,'Y','N','N','N','N','N','SYSTEM',CURRENT_TIMESTAMP,'SYSTEM',CURRENT_TIMESTAMP);
INSERT INTO menu_role_dtl (role_id_mgno,menu_mgno,role_menu_sn,inq_authrt_yn,reg_authrt_yn,mdfcn_authrt_yn,del_authrt_yn,excn_authrt_yn,del_yn,rgtr_id,reg_dt,mdfr_id,mdfcn_dt) VALUES ('RL00000004','MN06070600',330,'Y','N','N','N','N','N','SYSTEM',CURRENT_TIMESTAMP,'SYSTEM',CURRENT_TIMESTAMP);
INSERT INTO menu_role_dtl (role_id_mgno,menu_mgno,role_menu_sn,inq_authrt_yn,reg_authrt_yn,mdfcn_authrt_yn,del_authrt_yn,excn_authrt_yn,del_yn,rgtr_id,reg_dt,mdfr_id,mdfcn_dt) VALUES ('RL00000004','MN08000000',331,'Y','N','N','N','N','N','SYSTEM',CURRENT_TIMESTAMP,'SYSTEM',CURRENT_TIMESTAMP);
INSERT INTO menu_role_dtl (role_id_mgno,menu_mgno,role_menu_sn,inq_authrt_yn,reg_authrt_yn,mdfcn_authrt_yn,del_authrt_yn,excn_authrt_yn,del_yn,rgtr_id,reg_dt,mdfr_id,mdfcn_dt) VALUES ('RL00000004','MN08010000',332,'Y','N','N','N','N','N','SYSTEM',CURRENT_TIMESTAMP,'SYSTEM',CURRENT_TIMESTAMP);
INSERT INTO menu_role_dtl (role_id_mgno,menu_mgno,role_menu_sn,inq_authrt_yn,reg_authrt_yn,mdfcn_authrt_yn,del_authrt_yn,excn_authrt_yn,del_yn,rgtr_id,reg_dt,mdfr_id,mdfcn_dt) VALUES ('RL00000004','MN08020000',333,'Y','N','N','N','N','N','SYSTEM',CURRENT_TIMESTAMP,'SYSTEM',CURRENT_TIMESTAMP);
INSERT INTO menu_role_dtl (role_id_mgno,menu_mgno,role_menu_sn,inq_authrt_yn,reg_authrt_yn,mdfcn_authrt_yn,del_authrt_yn,excn_authrt_yn,del_yn,rgtr_id,reg_dt,mdfr_id,mdfcn_dt) VALUES ('RL00000004','MN08030000',334,'Y','N','N','N','N','N','SYSTEM',CURRENT_TIMESTAMP,'SYSTEM',CURRENT_TIMESTAMP);
INSERT INTO menu_role_dtl (role_id_mgno,menu_mgno,role_menu_sn,inq_authrt_yn,reg_authrt_yn,mdfcn_authrt_yn,del_authrt_yn,excn_authrt_yn,del_yn,rgtr_id,reg_dt,mdfr_id,mdfcn_dt) VALUES ('RL00000004','MN08060000',335,'Y','N','N','N','N','N','SYSTEM',CURRENT_TIMESTAMP,'SYSTEM',CURRENT_TIMESTAMP);
INSERT INTO menu_role_dtl (role_id_mgno,menu_mgno,role_menu_sn,inq_authrt_yn,reg_authrt_yn,mdfcn_authrt_yn,del_authrt_yn,excn_authrt_yn,del_yn,rgtr_id,reg_dt,mdfr_id,mdfcn_dt) VALUES ('RL00000004','MN99010000',336,'Y','N','N','N','N','N','SYSTEM',CURRENT_TIMESTAMP,'SYSTEM',CURRENT_TIMESTAMP);
INSERT INTO menu_role_dtl (role_id_mgno,menu_mgno,role_menu_sn,inq_authrt_yn,reg_authrt_yn,mdfcn_authrt_yn,del_authrt_yn,excn_authrt_yn,del_yn,rgtr_id,reg_dt,mdfr_id,mdfcn_dt) VALUES ('RL00000004','MN99020000',337,'Y','N','N','N','N','N','SYSTEM',CURRENT_TIMESTAMP,'SYSTEM',CURRENT_TIMESTAMP);
INSERT INTO menu_role_dtl (role_id_mgno,menu_mgno,role_menu_sn,inq_authrt_yn,reg_authrt_yn,mdfcn_authrt_yn,del_authrt_yn,excn_authrt_yn,del_yn,rgtr_id,reg_dt,mdfr_id,mdfcn_dt) VALUES ('RL00000004','MN99030000',338,'Y','N','N','N','N','N','SYSTEM',CURRENT_TIMESTAMP,'SYSTEM',CURRENT_TIMESTAMP);
INSERT INTO menu_role_dtl (role_id_mgno,menu_mgno,role_menu_sn,inq_authrt_yn,reg_authrt_yn,mdfcn_authrt_yn,del_authrt_yn,excn_authrt_yn,del_yn,rgtr_id,reg_dt,mdfr_id,mdfcn_dt) VALUES ('RL00000004','MN99040000',339,'Y','N','N','N','N','N','SYSTEM',CURRENT_TIMESTAMP,'SYSTEM',CURRENT_TIMESTAMP);
INSERT INTO menu_role_dtl (role_id_mgno,menu_mgno,role_menu_sn,inq_authrt_yn,reg_authrt_yn,mdfcn_authrt_yn,del_authrt_yn,excn_authrt_yn,del_yn,rgtr_id,reg_dt,mdfr_id,mdfcn_dt) VALUES ('RL00000004','MN99050000',340,'Y','N','N','N','N','N','SYSTEM',CURRENT_TIMESTAMP,'SYSTEM',CURRENT_TIMESTAMP);
INSERT INTO menu_role_dtl (role_id_mgno,menu_mgno,role_menu_sn,inq_authrt_yn,reg_authrt_yn,mdfcn_authrt_yn,del_authrt_yn,excn_authrt_yn,del_yn,rgtr_id,reg_dt,mdfr_id,mdfcn_dt) VALUES ('RL00000004','MN99060000',341,'Y','N','N','N','N','N','SYSTEM',CURRENT_TIMESTAMP,'SYSTEM',CURRENT_TIMESTAMP);
INSERT INTO menu_role_dtl (role_id_mgno,menu_mgno,role_menu_sn,inq_authrt_yn,reg_authrt_yn,mdfcn_authrt_yn,del_authrt_yn,excn_authrt_yn,del_yn,rgtr_id,reg_dt,mdfr_id,mdfcn_dt) VALUES ('RL00000005','MN01000000',342,'Y','N','N','N','N','N','SYSTEM',CURRENT_TIMESTAMP,'SYSTEM',CURRENT_TIMESTAMP);
INSERT INTO menu_role_dtl (role_id_mgno,menu_mgno,role_menu_sn,inq_authrt_yn,reg_authrt_yn,mdfcn_authrt_yn,del_authrt_yn,excn_authrt_yn,del_yn,rgtr_id,reg_dt,mdfr_id,mdfcn_dt) VALUES ('RL00000005','MN01010000',343,'Y','N','N','N','N','N','SYSTEM',CURRENT_TIMESTAMP,'SYSTEM',CURRENT_TIMESTAMP);
INSERT INTO menu_role_dtl (role_id_mgno,menu_mgno,role_menu_sn,inq_authrt_yn,reg_authrt_yn,mdfcn_authrt_yn,del_authrt_yn,excn_authrt_yn,del_yn,rgtr_id,reg_dt,mdfr_id,mdfcn_dt) VALUES ('RL00000005','MN01030000',344,'Y','N','N','N','N','N','SYSTEM',CURRENT_TIMESTAMP,'SYSTEM',CURRENT_TIMESTAMP);
INSERT INTO menu_role_dtl (role_id_mgno,menu_mgno,role_menu_sn,inq_authrt_yn,reg_authrt_yn,mdfcn_authrt_yn,del_authrt_yn,excn_authrt_yn,del_yn,rgtr_id,reg_dt,mdfr_id,mdfcn_dt) VALUES ('RL00000005','MN01040000',345,'Y','N','N','N','N','N','SYSTEM',CURRENT_TIMESTAMP,'SYSTEM',CURRENT_TIMESTAMP);
INSERT INTO menu_role_dtl (role_id_mgno,menu_mgno,role_menu_sn,inq_authrt_yn,reg_authrt_yn,mdfcn_authrt_yn,del_authrt_yn,excn_authrt_yn,del_yn,rgtr_id,reg_dt,mdfr_id,mdfcn_dt) VALUES ('RL00000005','MN02000000',346,'Y','N','N','N','N','N','SYSTEM',CURRENT_TIMESTAMP,'SYSTEM',CURRENT_TIMESTAMP);
INSERT INTO menu_role_dtl (role_id_mgno,menu_mgno,role_menu_sn,inq_authrt_yn,reg_authrt_yn,mdfcn_authrt_yn,del_authrt_yn,excn_authrt_yn,del_yn,rgtr_id,reg_dt,mdfr_id,mdfcn_dt) VALUES ('RL00000005','MN02010000',347,'Y','N','N','N','N','N','SYSTEM',CURRENT_TIMESTAMP,'SYSTEM',CURRENT_TIMESTAMP);
INSERT INTO menu_role_dtl (role_id_mgno,menu_mgno,role_menu_sn,inq_authrt_yn,reg_authrt_yn,mdfcn_authrt_yn,del_authrt_yn,excn_authrt_yn,del_yn,rgtr_id,reg_dt,mdfr_id,mdfcn_dt) VALUES ('RL00000005','MN02040000',348,'Y','N','N','N','N','N','SYSTEM',CURRENT_TIMESTAMP,'SYSTEM',CURRENT_TIMESTAMP);
INSERT INTO menu_role_dtl (role_id_mgno,menu_mgno,role_menu_sn,inq_authrt_yn,reg_authrt_yn,mdfcn_authrt_yn,del_authrt_yn,excn_authrt_yn,del_yn,rgtr_id,reg_dt,mdfr_id,mdfcn_dt) VALUES ('RL00000005','MN02050000',349,'Y','N','N','N','N','N','SYSTEM',CURRENT_TIMESTAMP,'SYSTEM',CURRENT_TIMESTAMP);
INSERT INTO menu_role_dtl (role_id_mgno,menu_mgno,role_menu_sn,inq_authrt_yn,reg_authrt_yn,mdfcn_authrt_yn,del_authrt_yn,excn_authrt_yn,del_yn,rgtr_id,reg_dt,mdfr_id,mdfcn_dt) VALUES ('RL00000005','MN02060000',350,'Y','N','N','N','N','N','SYSTEM',CURRENT_TIMESTAMP,'SYSTEM',CURRENT_TIMESTAMP);
INSERT INTO menu_role_dtl (role_id_mgno,menu_mgno,role_menu_sn,inq_authrt_yn,reg_authrt_yn,mdfcn_authrt_yn,del_authrt_yn,excn_authrt_yn,del_yn,rgtr_id,reg_dt,mdfr_id,mdfcn_dt) VALUES ('RL00000005','MN03000000',351,'Y','N','N','N','N','N','SYSTEM',CURRENT_TIMESTAMP,'SYSTEM',CURRENT_TIMESTAMP);
INSERT INTO menu_role_dtl (role_id_mgno,menu_mgno,role_menu_sn,inq_authrt_yn,reg_authrt_yn,mdfcn_authrt_yn,del_authrt_yn,excn_authrt_yn,del_yn,rgtr_id,reg_dt,mdfr_id,mdfcn_dt) VALUES ('RL00000005','MN03010000',352,'Y','N','N','N','N','N','SYSTEM',CURRENT_TIMESTAMP,'SYSTEM',CURRENT_TIMESTAMP);
INSERT INTO menu_role_dtl (role_id_mgno,menu_mgno,role_menu_sn,inq_authrt_yn,reg_authrt_yn,mdfcn_authrt_yn,del_authrt_yn,excn_authrt_yn,del_yn,rgtr_id,reg_dt,mdfr_id,mdfcn_dt) VALUES ('RL00000005','MN03020000',353,'Y','N','N','N','N','N','SYSTEM',CURRENT_TIMESTAMP,'SYSTEM',CURRENT_TIMESTAMP);
INSERT INTO menu_role_dtl (role_id_mgno,menu_mgno,role_menu_sn,inq_authrt_yn,reg_authrt_yn,mdfcn_authrt_yn,del_authrt_yn,excn_authrt_yn,del_yn,rgtr_id,reg_dt,mdfr_id,mdfcn_dt) VALUES ('RL00000001','MN99010000',120,'Y','N','N','N','N','N','SYSTEM',CURRENT_TIMESTAMP,'SYSTEM',CURRENT_TIMESTAMP);
INSERT INTO menu_role_dtl (role_id_mgno,menu_mgno,role_menu_sn,inq_authrt_yn,reg_authrt_yn,mdfcn_authrt_yn,del_authrt_yn,excn_authrt_yn,del_yn,rgtr_id,reg_dt,mdfr_id,mdfcn_dt) VALUES ('RL00000001','MN99020000',121,'Y','N','N','N','N','N','SYSTEM',CURRENT_TIMESTAMP,'SYSTEM',CURRENT_TIMESTAMP);
INSERT INTO menu_role_dtl (role_id_mgno,menu_mgno,role_menu_sn,inq_authrt_yn,reg_authrt_yn,mdfcn_authrt_yn,del_authrt_yn,excn_authrt_yn,del_yn,rgtr_id,reg_dt,mdfr_id,mdfcn_dt) VALUES ('RL00000001','MN99030000',122,'Y','N','N','N','N','N','SYSTEM',CURRENT_TIMESTAMP,'SYSTEM',CURRENT_TIMESTAMP);
INSERT INTO menu_role_dtl (role_id_mgno,menu_mgno,role_menu_sn,inq_authrt_yn,reg_authrt_yn,mdfcn_authrt_yn,del_authrt_yn,excn_authrt_yn,del_yn,rgtr_id,reg_dt,mdfr_id,mdfcn_dt) VALUES ('RL00000002','MN99010000',197,'Y','N','N','N','N','N','SYSTEM',CURRENT_TIMESTAMP,'SYSTEM',CURRENT_TIMESTAMP);
INSERT INTO menu_role_dtl (role_id_mgno,menu_mgno,role_menu_sn,inq_authrt_yn,reg_authrt_yn,mdfcn_authrt_yn,del_authrt_yn,excn_authrt_yn,del_yn,rgtr_id,reg_dt,mdfr_id,mdfcn_dt) VALUES ('RL00000005','MN03030000',354,'Y','N','N','N','N','N','SYSTEM',CURRENT_TIMESTAMP,'SYSTEM',CURRENT_TIMESTAMP);
INSERT INTO menu_role_dtl (role_id_mgno,menu_mgno,role_menu_sn,inq_authrt_yn,reg_authrt_yn,mdfcn_authrt_yn,del_authrt_yn,excn_authrt_yn,del_yn,rgtr_id,reg_dt,mdfr_id,mdfcn_dt) VALUES ('RL00000005','MN03040000',355,'Y','N','N','N','N','N','SYSTEM',CURRENT_TIMESTAMP,'SYSTEM',CURRENT_TIMESTAMP);
INSERT INTO menu_role_dtl (role_id_mgno,menu_mgno,role_menu_sn,inq_authrt_yn,reg_authrt_yn,mdfcn_authrt_yn,del_authrt_yn,excn_authrt_yn,del_yn,rgtr_id,reg_dt,mdfr_id,mdfcn_dt) VALUES ('RL00000005','MN03050000',356,'Y','N','N','N','N','N','SYSTEM',CURRENT_TIMESTAMP,'SYSTEM',CURRENT_TIMESTAMP);
INSERT INTO menu_role_dtl (role_id_mgno,menu_mgno,role_menu_sn,inq_authrt_yn,reg_authrt_yn,mdfcn_authrt_yn,del_authrt_yn,excn_authrt_yn,del_yn,rgtr_id,reg_dt,mdfr_id,mdfcn_dt) VALUES ('RL00000005','MN03060000',357,'Y','N','N','N','N','N','SYSTEM',CURRENT_TIMESTAMP,'SYSTEM',CURRENT_TIMESTAMP);
INSERT INTO menu_role_dtl (role_id_mgno,menu_mgno,role_menu_sn,inq_authrt_yn,reg_authrt_yn,mdfcn_authrt_yn,del_authrt_yn,excn_authrt_yn,del_yn,rgtr_id,reg_dt,mdfr_id,mdfcn_dt) VALUES ('RL00000005','MN03070000',358,'Y','N','N','N','N','N','SYSTEM',CURRENT_TIMESTAMP,'SYSTEM',CURRENT_TIMESTAMP);
INSERT INTO menu_role_dtl (role_id_mgno,menu_mgno,role_menu_sn,inq_authrt_yn,reg_authrt_yn,mdfcn_authrt_yn,del_authrt_yn,excn_authrt_yn,del_yn,rgtr_id,reg_dt,mdfr_id,mdfcn_dt) VALUES ('RL00000005','MN04000000',359,'Y','N','N','N','N','N','SYSTEM',CURRENT_TIMESTAMP,'SYSTEM',CURRENT_TIMESTAMP);
INSERT INTO menu_role_dtl (role_id_mgno,menu_mgno,role_menu_sn,inq_authrt_yn,reg_authrt_yn,mdfcn_authrt_yn,del_authrt_yn,excn_authrt_yn,del_yn,rgtr_id,reg_dt,mdfr_id,mdfcn_dt) VALUES ('RL00000005','MN04010000',360,'Y','N','N','N','N','N','SYSTEM',CURRENT_TIMESTAMP,'SYSTEM',CURRENT_TIMESTAMP);
INSERT INTO menu_role_dtl (role_id_mgno,menu_mgno,role_menu_sn,inq_authrt_yn,reg_authrt_yn,mdfcn_authrt_yn,del_authrt_yn,excn_authrt_yn,del_yn,rgtr_id,reg_dt,mdfr_id,mdfcn_dt) VALUES ('RL00000005','MN04010100',361,'Y','N','N','N','N','N','SYSTEM',CURRENT_TIMESTAMP,'SYSTEM',CURRENT_TIMESTAMP);
INSERT INTO menu_role_dtl (role_id_mgno,menu_mgno,role_menu_sn,inq_authrt_yn,reg_authrt_yn,mdfcn_authrt_yn,del_authrt_yn,excn_authrt_yn,del_yn,rgtr_id,reg_dt,mdfr_id,mdfcn_dt) VALUES ('RL00000005','MN04010200',362,'Y','N','N','N','N','N','SYSTEM',CURRENT_TIMESTAMP,'SYSTEM',CURRENT_TIMESTAMP);
INSERT INTO menu_role_dtl (role_id_mgno,menu_mgno,role_menu_sn,inq_authrt_yn,reg_authrt_yn,mdfcn_authrt_yn,del_authrt_yn,excn_authrt_yn,del_yn,rgtr_id,reg_dt,mdfr_id,mdfcn_dt) VALUES ('RL00000005','MN04010300',363,'Y','N','N','N','N','N','SYSTEM',CURRENT_TIMESTAMP,'SYSTEM',CURRENT_TIMESTAMP);
INSERT INTO menu_role_dtl (role_id_mgno,menu_mgno,role_menu_sn,inq_authrt_yn,reg_authrt_yn,mdfcn_authrt_yn,del_authrt_yn,excn_authrt_yn,del_yn,rgtr_id,reg_dt,mdfr_id,mdfcn_dt) VALUES ('RL00000005','MN04010400',364,'Y','N','N','N','N','N','SYSTEM',CURRENT_TIMESTAMP,'SYSTEM',CURRENT_TIMESTAMP);
INSERT INTO menu_role_dtl (role_id_mgno,menu_mgno,role_menu_sn,inq_authrt_yn,reg_authrt_yn,mdfcn_authrt_yn,del_authrt_yn,excn_authrt_yn,del_yn,rgtr_id,reg_dt,mdfr_id,mdfcn_dt) VALUES ('RL00000005','MN04010500',365,'Y','N','N','N','N','N','SYSTEM',CURRENT_TIMESTAMP,'SYSTEM',CURRENT_TIMESTAMP);
INSERT INTO menu_role_dtl (role_id_mgno,menu_mgno,role_menu_sn,inq_authrt_yn,reg_authrt_yn,mdfcn_authrt_yn,del_authrt_yn,excn_authrt_yn,del_yn,rgtr_id,reg_dt,mdfr_id,mdfcn_dt) VALUES ('RL00000005','MN04010700',366,'Y','N','N','N','N','N','SYSTEM',CURRENT_TIMESTAMP,'SYSTEM',CURRENT_TIMESTAMP);
INSERT INTO menu_role_dtl (role_id_mgno,menu_mgno,role_menu_sn,inq_authrt_yn,reg_authrt_yn,mdfcn_authrt_yn,del_authrt_yn,excn_authrt_yn,del_yn,rgtr_id,reg_dt,mdfr_id,mdfcn_dt) VALUES ('RL00000005','MN04010800',367,'Y','N','N','N','N','N','SYSTEM',CURRENT_TIMESTAMP,'SYSTEM',CURRENT_TIMESTAMP);
INSERT INTO menu_role_dtl (role_id_mgno,menu_mgno,role_menu_sn,inq_authrt_yn,reg_authrt_yn,mdfcn_authrt_yn,del_authrt_yn,excn_authrt_yn,del_yn,rgtr_id,reg_dt,mdfr_id,mdfcn_dt) VALUES ('RL00000005','MN04010900',368,'Y','N','N','N','N','N','SYSTEM',CURRENT_TIMESTAMP,'SYSTEM',CURRENT_TIMESTAMP);
INSERT INTO menu_role_dtl (role_id_mgno,menu_mgno,role_menu_sn,inq_authrt_yn,reg_authrt_yn,mdfcn_authrt_yn,del_authrt_yn,excn_authrt_yn,del_yn,rgtr_id,reg_dt,mdfr_id,mdfcn_dt) VALUES ('RL00000005','MN04011000',369,'Y','N','N','N','N','N','SYSTEM',CURRENT_TIMESTAMP,'SYSTEM',CURRENT_TIMESTAMP);
INSERT INTO menu_role_dtl (role_id_mgno,menu_mgno,role_menu_sn,inq_authrt_yn,reg_authrt_yn,mdfcn_authrt_yn,del_authrt_yn,excn_authrt_yn,del_yn,rgtr_id,reg_dt,mdfr_id,mdfcn_dt) VALUES ('RL00000005','MN04011100',370,'Y','N','N','N','N','N','SYSTEM',CURRENT_TIMESTAMP,'SYSTEM',CURRENT_TIMESTAMP);
INSERT INTO menu_role_dtl (role_id_mgno,menu_mgno,role_menu_sn,inq_authrt_yn,reg_authrt_yn,mdfcn_authrt_yn,del_authrt_yn,excn_authrt_yn,del_yn,rgtr_id,reg_dt,mdfr_id,mdfcn_dt) VALUES ('RL00000005','MN04011200',371,'Y','N','N','N','N','N','SYSTEM',CURRENT_TIMESTAMP,'SYSTEM',CURRENT_TIMESTAMP);
INSERT INTO menu_role_dtl (role_id_mgno,menu_mgno,role_menu_sn,inq_authrt_yn,reg_authrt_yn,mdfcn_authrt_yn,del_authrt_yn,excn_authrt_yn,del_yn,rgtr_id,reg_dt,mdfr_id,mdfcn_dt) VALUES ('RL00000005','MN04011300',372,'Y','N','N','N','N','N','SYSTEM',CURRENT_TIMESTAMP,'SYSTEM',CURRENT_TIMESTAMP);
INSERT INTO menu_role_dtl (role_id_mgno,menu_mgno,role_menu_sn,inq_authrt_yn,reg_authrt_yn,mdfcn_authrt_yn,del_authrt_yn,excn_authrt_yn,del_yn,rgtr_id,reg_dt,mdfr_id,mdfcn_dt) VALUES ('RL00000005','MN04020000',373,'Y','N','N','N','N','N','SYSTEM',CURRENT_TIMESTAMP,'SYSTEM',CURRENT_TIMESTAMP);
INSERT INTO menu_role_dtl (role_id_mgno,menu_mgno,role_menu_sn,inq_authrt_yn,reg_authrt_yn,mdfcn_authrt_yn,del_authrt_yn,excn_authrt_yn,del_yn,rgtr_id,reg_dt,mdfr_id,mdfcn_dt) VALUES ('RL00000005','MN04020100',374,'Y','N','N','N','N','N','SYSTEM',CURRENT_TIMESTAMP,'SYSTEM',CURRENT_TIMESTAMP);
INSERT INTO menu_role_dtl (role_id_mgno,menu_mgno,role_menu_sn,inq_authrt_yn,reg_authrt_yn,mdfcn_authrt_yn,del_authrt_yn,excn_authrt_yn,del_yn,rgtr_id,reg_dt,mdfr_id,mdfcn_dt) VALUES ('RL00000005','MN04020200',375,'Y','N','N','N','N','N','SYSTEM',CURRENT_TIMESTAMP,'SYSTEM',CURRENT_TIMESTAMP);
INSERT INTO menu_role_dtl (role_id_mgno,menu_mgno,role_menu_sn,inq_authrt_yn,reg_authrt_yn,mdfcn_authrt_yn,del_authrt_yn,excn_authrt_yn,del_yn,rgtr_id,reg_dt,mdfr_id,mdfcn_dt) VALUES ('RL00000005','MN04020300',376,'Y','N','N','N','N','N','SYSTEM',CURRENT_TIMESTAMP,'SYSTEM',CURRENT_TIMESTAMP);
INSERT INTO menu_role_dtl (role_id_mgno,menu_mgno,role_menu_sn,inq_authrt_yn,reg_authrt_yn,mdfcn_authrt_yn,del_authrt_yn,excn_authrt_yn,del_yn,rgtr_id,reg_dt,mdfr_id,mdfcn_dt) VALUES ('RL00000005','MN04020400',377,'Y','N','N','N','N','N','SYSTEM',CURRENT_TIMESTAMP,'SYSTEM',CURRENT_TIMESTAMP);
INSERT INTO menu_role_dtl (role_id_mgno,menu_mgno,role_menu_sn,inq_authrt_yn,reg_authrt_yn,mdfcn_authrt_yn,del_authrt_yn,excn_authrt_yn,del_yn,rgtr_id,reg_dt,mdfr_id,mdfcn_dt) VALUES ('RL00000005','MN04020500',378,'Y','N','N','N','N','N','SYSTEM',CURRENT_TIMESTAMP,'SYSTEM',CURRENT_TIMESTAMP);
INSERT INTO menu_role_dtl (role_id_mgno,menu_mgno,role_menu_sn,inq_authrt_yn,reg_authrt_yn,mdfcn_authrt_yn,del_authrt_yn,excn_authrt_yn,del_yn,rgtr_id,reg_dt,mdfr_id,mdfcn_dt) VALUES ('RL00000005','MN04020600',379,'Y','N','N','N','N','N','SYSTEM',CURRENT_TIMESTAMP,'SYSTEM',CURRENT_TIMESTAMP);
INSERT INTO menu_role_dtl (role_id_mgno,menu_mgno,role_menu_sn,inq_authrt_yn,reg_authrt_yn,mdfcn_authrt_yn,del_authrt_yn,excn_authrt_yn,del_yn,rgtr_id,reg_dt,mdfr_id,mdfcn_dt) VALUES ('RL00000005','MN04020700',380,'Y','N','N','N','N','N','SYSTEM',CURRENT_TIMESTAMP,'SYSTEM',CURRENT_TIMESTAMP);
INSERT INTO menu_role_dtl (role_id_mgno,menu_mgno,role_menu_sn,inq_authrt_yn,reg_authrt_yn,mdfcn_authrt_yn,del_authrt_yn,excn_authrt_yn,del_yn,rgtr_id,reg_dt,mdfr_id,mdfcn_dt) VALUES ('RL00000005','MN06000000',381,'Y','N','N','N','N','N','SYSTEM',CURRENT_TIMESTAMP,'SYSTEM',CURRENT_TIMESTAMP);
INSERT INTO menu_role_dtl (role_id_mgno,menu_mgno,role_menu_sn,inq_authrt_yn,reg_authrt_yn,mdfcn_authrt_yn,del_authrt_yn,excn_authrt_yn,del_yn,rgtr_id,reg_dt,mdfr_id,mdfcn_dt) VALUES ('RL00000005','MN06010000',382,'Y','N','N','N','N','N','SYSTEM',CURRENT_TIMESTAMP,'SYSTEM',CURRENT_TIMESTAMP);
INSERT INTO menu_role_dtl (role_id_mgno,menu_mgno,role_menu_sn,inq_authrt_yn,reg_authrt_yn,mdfcn_authrt_yn,del_authrt_yn,excn_authrt_yn,del_yn,rgtr_id,reg_dt,mdfr_id,mdfcn_dt) VALUES ('RL00000005','MN06020000',383,'Y','N','N','N','N','N','SYSTEM',CURRENT_TIMESTAMP,'SYSTEM',CURRENT_TIMESTAMP);
INSERT INTO menu_role_dtl (role_id_mgno,menu_mgno,role_menu_sn,inq_authrt_yn,reg_authrt_yn,mdfcn_authrt_yn,del_authrt_yn,excn_authrt_yn,del_yn,rgtr_id,reg_dt,mdfr_id,mdfcn_dt) VALUES ('RL00000005','MN06030000',384,'Y','N','N','N','N','N','SYSTEM',CURRENT_TIMESTAMP,'SYSTEM',CURRENT_TIMESTAMP);
INSERT INTO menu_role_dtl (role_id_mgno,menu_mgno,role_menu_sn,inq_authrt_yn,reg_authrt_yn,mdfcn_authrt_yn,del_authrt_yn,excn_authrt_yn,del_yn,rgtr_id,reg_dt,mdfr_id,mdfcn_dt) VALUES ('RL00000005','MN06030600',385,'Y','N','N','N','N','N','SYSTEM',CURRENT_TIMESTAMP,'SYSTEM',CURRENT_TIMESTAMP);
INSERT INTO menu_role_dtl (role_id_mgno,menu_mgno,role_menu_sn,inq_authrt_yn,reg_authrt_yn,mdfcn_authrt_yn,del_authrt_yn,excn_authrt_yn,del_yn,rgtr_id,reg_dt,mdfr_id,mdfcn_dt) VALUES ('RL00000005','MN06062200',386,'Y','N','N','N','N','N','SYSTEM',CURRENT_TIMESTAMP,'SYSTEM',CURRENT_TIMESTAMP);
INSERT INTO menu_role_dtl (role_id_mgno,menu_mgno,role_menu_sn,inq_authrt_yn,reg_authrt_yn,mdfcn_authrt_yn,del_authrt_yn,excn_authrt_yn,del_yn,rgtr_id,reg_dt,mdfr_id,mdfcn_dt) VALUES ('RL00000005','MN06062300',387,'Y','N','N','N','N','N','SYSTEM',CURRENT_TIMESTAMP,'SYSTEM',CURRENT_TIMESTAMP);
INSERT INTO menu_role_dtl (role_id_mgno,menu_mgno,role_menu_sn,inq_authrt_yn,reg_authrt_yn,mdfcn_authrt_yn,del_authrt_yn,excn_authrt_yn,del_yn,rgtr_id,reg_dt,mdfr_id,mdfcn_dt) VALUES ('RL00000005','MN06062400',388,'Y','N','N','N','N','N','SYSTEM',CURRENT_TIMESTAMP,'SYSTEM',CURRENT_TIMESTAMP);
INSERT INTO menu_role_dtl (role_id_mgno,menu_mgno,role_menu_sn,inq_authrt_yn,reg_authrt_yn,mdfcn_authrt_yn,del_authrt_yn,excn_authrt_yn,del_yn,rgtr_id,reg_dt,mdfr_id,mdfcn_dt) VALUES ('RL00000005','MN06062500',389,'Y','N','N','N','N','N','SYSTEM',CURRENT_TIMESTAMP,'SYSTEM',CURRENT_TIMESTAMP);
INSERT INTO menu_role_dtl (role_id_mgno,menu_mgno,role_menu_sn,inq_authrt_yn,reg_authrt_yn,mdfcn_authrt_yn,del_authrt_yn,excn_authrt_yn,del_yn,rgtr_id,reg_dt,mdfr_id,mdfcn_dt) VALUES ('RL00000005','MN06070400',390,'Y','N','N','N','N','N','SYSTEM',CURRENT_TIMESTAMP,'SYSTEM',CURRENT_TIMESTAMP);
INSERT INTO menu_role_dtl (role_id_mgno,menu_mgno,role_menu_sn,inq_authrt_yn,reg_authrt_yn,mdfcn_authrt_yn,del_authrt_yn,excn_authrt_yn,del_yn,rgtr_id,reg_dt,mdfr_id,mdfcn_dt) VALUES ('RL00000005','MN06070500',391,'Y','N','N','N','N','N','SYSTEM',CURRENT_TIMESTAMP,'SYSTEM',CURRENT_TIMESTAMP);
INSERT INTO menu_role_dtl (role_id_mgno,menu_mgno,role_menu_sn,inq_authrt_yn,reg_authrt_yn,mdfcn_authrt_yn,del_authrt_yn,excn_authrt_yn,del_yn,rgtr_id,reg_dt,mdfr_id,mdfcn_dt) VALUES ('RL00000005','MN06070600',392,'Y','N','N','N','N','N','SYSTEM',CURRENT_TIMESTAMP,'SYSTEM',CURRENT_TIMESTAMP);
INSERT INTO menu_role_dtl (role_id_mgno,menu_mgno,role_menu_sn,inq_authrt_yn,reg_authrt_yn,mdfcn_authrt_yn,del_authrt_yn,excn_authrt_yn,del_yn,rgtr_id,reg_dt,mdfr_id,mdfcn_dt) VALUES ('RL00000005','MN08000000',393,'Y','N','N','N','N','N','SYSTEM',CURRENT_TIMESTAMP,'SYSTEM',CURRENT_TIMESTAMP);
INSERT INTO menu_role_dtl (role_id_mgno,menu_mgno,role_menu_sn,inq_authrt_yn,reg_authrt_yn,mdfcn_authrt_yn,del_authrt_yn,excn_authrt_yn,del_yn,rgtr_id,reg_dt,mdfr_id,mdfcn_dt) VALUES ('RL00000005','MN08010000',394,'Y','N','N','N','N','N','SYSTEM',CURRENT_TIMESTAMP,'SYSTEM',CURRENT_TIMESTAMP);
INSERT INTO menu_role_dtl (role_id_mgno,menu_mgno,role_menu_sn,inq_authrt_yn,reg_authrt_yn,mdfcn_authrt_yn,del_authrt_yn,excn_authrt_yn,del_yn,rgtr_id,reg_dt,mdfr_id,mdfcn_dt) VALUES ('RL00000005','MN08020000',395,'Y','N','N','N','N','N','SYSTEM',CURRENT_TIMESTAMP,'SYSTEM',CURRENT_TIMESTAMP);
INSERT INTO menu_role_dtl (role_id_mgno,menu_mgno,role_menu_sn,inq_authrt_yn,reg_authrt_yn,mdfcn_authrt_yn,del_authrt_yn,excn_authrt_yn,del_yn,rgtr_id,reg_dt,mdfr_id,mdfcn_dt) VALUES ('RL00000005','MN08030000',396,'Y','N','N','N','N','N','SYSTEM',CURRENT_TIMESTAMP,'SYSTEM',CURRENT_TIMESTAMP);
INSERT INTO menu_role_dtl (role_id_mgno,menu_mgno,role_menu_sn,inq_authrt_yn,reg_authrt_yn,mdfcn_authrt_yn,del_authrt_yn,excn_authrt_yn,del_yn,rgtr_id,reg_dt,mdfr_id,mdfcn_dt) VALUES ('RL00000005','MN08060000',397,'Y','N','N','N','N','N','SYSTEM',CURRENT_TIMESTAMP,'SYSTEM',CURRENT_TIMESTAMP);
INSERT INTO menu_role_dtl (role_id_mgno,menu_mgno,role_menu_sn,inq_authrt_yn,reg_authrt_yn,mdfcn_authrt_yn,del_authrt_yn,excn_authrt_yn,del_yn,rgtr_id,reg_dt,mdfr_id,mdfcn_dt) VALUES ('RL00000005','MN99010000',398,'Y','N','N','N','N','N','SYSTEM',CURRENT_TIMESTAMP,'SYSTEM',CURRENT_TIMESTAMP);
INSERT INTO menu_role_dtl (role_id_mgno,menu_mgno,role_menu_sn,inq_authrt_yn,reg_authrt_yn,mdfcn_authrt_yn,del_authrt_yn,excn_authrt_yn,del_yn,rgtr_id,reg_dt,mdfr_id,mdfcn_dt) VALUES ('RL00000005','MN99020000',399,'Y','N','N','N','N','N','SYSTEM',CURRENT_TIMESTAMP,'SYSTEM',CURRENT_TIMESTAMP);
INSERT INTO menu_role_dtl (role_id_mgno,menu_mgno,role_menu_sn,inq_authrt_yn,reg_authrt_yn,mdfcn_authrt_yn,del_authrt_yn,excn_authrt_yn,del_yn,rgtr_id,reg_dt,mdfr_id,mdfcn_dt) VALUES ('RL00000005','MN99030000',400,'Y','N','N','N','N','N','SYSTEM',CURRENT_TIMESTAMP,'SYSTEM',CURRENT_TIMESTAMP);
INSERT INTO menu_role_dtl (role_id_mgno,menu_mgno,role_menu_sn,inq_authrt_yn,reg_authrt_yn,mdfcn_authrt_yn,del_authrt_yn,excn_authrt_yn,del_yn,rgtr_id,reg_dt,mdfr_id,mdfcn_dt) VALUES ('RL00000005','MN99040000',401,'Y','N','N','N','N','N','SYSTEM',CURRENT_TIMESTAMP,'SYSTEM',CURRENT_TIMESTAMP);
INSERT INTO menu_role_dtl (role_id_mgno,menu_mgno,role_menu_sn,inq_authrt_yn,reg_authrt_yn,mdfcn_authrt_yn,del_authrt_yn,excn_authrt_yn,del_yn,rgtr_id,reg_dt,mdfr_id,mdfcn_dt) VALUES ('RL00000005','MN99050000',402,'Y','N','N','N','N','N','SYSTEM',CURRENT_TIMESTAMP,'SYSTEM',CURRENT_TIMESTAMP);
INSERT INTO menu_role_dtl (role_id_mgno,menu_mgno,role_menu_sn,inq_authrt_yn,reg_authrt_yn,mdfcn_authrt_yn,del_authrt_yn,excn_authrt_yn,del_yn,rgtr_id,reg_dt,mdfr_id,mdfcn_dt) VALUES ('RL00000005','MN99060000',403,'Y','N','N','N','N','N','SYSTEM',CURRENT_TIMESTAMP,'SYSTEM',CURRENT_TIMESTAMP);
INSERT INTO menu_role_dtl (role_id_mgno,menu_mgno,role_menu_sn,inq_authrt_yn,reg_authrt_yn,mdfcn_authrt_yn,del_authrt_yn,excn_authrt_yn,del_yn,rgtr_id,reg_dt,mdfr_id,mdfcn_dt) VALUES ('RL00000006','MN01000000',404,'Y','N','N','N','N','N','SYSTEM',CURRENT_TIMESTAMP,'SYSTEM',CURRENT_TIMESTAMP);
INSERT INTO menu_role_dtl (role_id_mgno,menu_mgno,role_menu_sn,inq_authrt_yn,reg_authrt_yn,mdfcn_authrt_yn,del_authrt_yn,excn_authrt_yn,del_yn,rgtr_id,reg_dt,mdfr_id,mdfcn_dt) VALUES ('RL00000006','MN01010000',405,'Y','N','N','N','N','N','SYSTEM',CURRENT_TIMESTAMP,'SYSTEM',CURRENT_TIMESTAMP);
INSERT INTO menu_role_dtl (role_id_mgno,menu_mgno,role_menu_sn,inq_authrt_yn,reg_authrt_yn,mdfcn_authrt_yn,del_authrt_yn,excn_authrt_yn,del_yn,rgtr_id,reg_dt,mdfr_id,mdfcn_dt) VALUES ('RL00000006','MN01020000',406,'Y','N','N','N','N','N','SYSTEM',CURRENT_TIMESTAMP,'SYSTEM',CURRENT_TIMESTAMP);
INSERT INTO menu_role_dtl (role_id_mgno,menu_mgno,role_menu_sn,inq_authrt_yn,reg_authrt_yn,mdfcn_authrt_yn,del_authrt_yn,excn_authrt_yn,del_yn,rgtr_id,reg_dt,mdfr_id,mdfcn_dt) VALUES ('RL00000006','MN01030000',407,'Y','N','N','N','N','N','SYSTEM',CURRENT_TIMESTAMP,'SYSTEM',CURRENT_TIMESTAMP);
INSERT INTO menu_role_dtl (role_id_mgno,menu_mgno,role_menu_sn,inq_authrt_yn,reg_authrt_yn,mdfcn_authrt_yn,del_authrt_yn,excn_authrt_yn,del_yn,rgtr_id,reg_dt,mdfr_id,mdfcn_dt) VALUES ('RL00000006','MN01040000',408,'Y','N','N','N','N','N','SYSTEM',CURRENT_TIMESTAMP,'SYSTEM',CURRENT_TIMESTAMP);
INSERT INTO menu_role_dtl (role_id_mgno,menu_mgno,role_menu_sn,inq_authrt_yn,reg_authrt_yn,mdfcn_authrt_yn,del_authrt_yn,excn_authrt_yn,del_yn,rgtr_id,reg_dt,mdfr_id,mdfcn_dt) VALUES ('RL00000006','MN02000000',409,'Y','N','N','N','N','N','SYSTEM',CURRENT_TIMESTAMP,'SYSTEM',CURRENT_TIMESTAMP);
INSERT INTO menu_role_dtl (role_id_mgno,menu_mgno,role_menu_sn,inq_authrt_yn,reg_authrt_yn,mdfcn_authrt_yn,del_authrt_yn,excn_authrt_yn,del_yn,rgtr_id,reg_dt,mdfr_id,mdfcn_dt) VALUES ('RL00000006','MN02010000',410,'Y','N','N','N','N','N','SYSTEM',CURRENT_TIMESTAMP,'SYSTEM',CURRENT_TIMESTAMP);
INSERT INTO menu_role_dtl (role_id_mgno,menu_mgno,role_menu_sn,inq_authrt_yn,reg_authrt_yn,mdfcn_authrt_yn,del_authrt_yn,excn_authrt_yn,del_yn,rgtr_id,reg_dt,mdfr_id,mdfcn_dt) VALUES ('RL00000006','MN02030000',411,'Y','N','N','N','N','N','SYSTEM',CURRENT_TIMESTAMP,'SYSTEM',CURRENT_TIMESTAMP);
INSERT INTO menu_role_dtl (role_id_mgno,menu_mgno,role_menu_sn,inq_authrt_yn,reg_authrt_yn,mdfcn_authrt_yn,del_authrt_yn,excn_authrt_yn,del_yn,rgtr_id,reg_dt,mdfr_id,mdfcn_dt) VALUES ('RL00000006','MN02040000',412,'Y','N','N','N','N','N','SYSTEM',CURRENT_TIMESTAMP,'SYSTEM',CURRENT_TIMESTAMP);
INSERT INTO menu_role_dtl (role_id_mgno,menu_mgno,role_menu_sn,inq_authrt_yn,reg_authrt_yn,mdfcn_authrt_yn,del_authrt_yn,excn_authrt_yn,del_yn,rgtr_id,reg_dt,mdfr_id,mdfcn_dt) VALUES ('RL00000006','MN02050000',413,'Y','N','N','N','N','N','SYSTEM',CURRENT_TIMESTAMP,'SYSTEM',CURRENT_TIMESTAMP);
INSERT INTO menu_role_dtl (role_id_mgno,menu_mgno,role_menu_sn,inq_authrt_yn,reg_authrt_yn,mdfcn_authrt_yn,del_authrt_yn,excn_authrt_yn,del_yn,rgtr_id,reg_dt,mdfr_id,mdfcn_dt) VALUES ('RL00000006','MN02060000',414,'Y','N','N','N','N','N','SYSTEM',CURRENT_TIMESTAMP,'SYSTEM',CURRENT_TIMESTAMP);
INSERT INTO menu_role_dtl (role_id_mgno,menu_mgno,role_menu_sn,inq_authrt_yn,reg_authrt_yn,mdfcn_authrt_yn,del_authrt_yn,excn_authrt_yn,del_yn,rgtr_id,reg_dt,mdfr_id,mdfcn_dt) VALUES ('RL00000006','MN03000000',415,'Y','N','N','N','N','N','SYSTEM',CURRENT_TIMESTAMP,'SYSTEM',CURRENT_TIMESTAMP);
INSERT INTO menu_role_dtl (role_id_mgno,menu_mgno,role_menu_sn,inq_authrt_yn,reg_authrt_yn,mdfcn_authrt_yn,del_authrt_yn,excn_authrt_yn,del_yn,rgtr_id,reg_dt,mdfr_id,mdfcn_dt) VALUES ('RL00000006','MN03010000',416,'Y','N','N','N','N','N','SYSTEM',CURRENT_TIMESTAMP,'SYSTEM',CURRENT_TIMESTAMP);
INSERT INTO menu_role_dtl (role_id_mgno,menu_mgno,role_menu_sn,inq_authrt_yn,reg_authrt_yn,mdfcn_authrt_yn,del_authrt_yn,excn_authrt_yn,del_yn,rgtr_id,reg_dt,mdfr_id,mdfcn_dt) VALUES ('RL00000006','MN03030000',417,'Y','N','N','N','N','N','SYSTEM',CURRENT_TIMESTAMP,'SYSTEM',CURRENT_TIMESTAMP);
INSERT INTO menu_role_dtl (role_id_mgno,menu_mgno,role_menu_sn,inq_authrt_yn,reg_authrt_yn,mdfcn_authrt_yn,del_authrt_yn,excn_authrt_yn,del_yn,rgtr_id,reg_dt,mdfr_id,mdfcn_dt) VALUES ('RL00000006','MN03040000',418,'Y','N','N','N','N','N','SYSTEM',CURRENT_TIMESTAMP,'SYSTEM',CURRENT_TIMESTAMP);
INSERT INTO menu_role_dtl (role_id_mgno,menu_mgno,role_menu_sn,inq_authrt_yn,reg_authrt_yn,mdfcn_authrt_yn,del_authrt_yn,excn_authrt_yn,del_yn,rgtr_id,reg_dt,mdfr_id,mdfcn_dt) VALUES ('RL00000006','MN03050000',419,'Y','N','N','N','N','N','SYSTEM',CURRENT_TIMESTAMP,'SYSTEM',CURRENT_TIMESTAMP);
INSERT INTO menu_role_dtl (role_id_mgno,menu_mgno,role_menu_sn,inq_authrt_yn,reg_authrt_yn,mdfcn_authrt_yn,del_authrt_yn,excn_authrt_yn,del_yn,rgtr_id,reg_dt,mdfr_id,mdfcn_dt) VALUES ('RL00000006','MN03060000',420,'Y','N','N','N','N','N','SYSTEM',CURRENT_TIMESTAMP,'SYSTEM',CURRENT_TIMESTAMP);
INSERT INTO menu_role_dtl (role_id_mgno,menu_mgno,role_menu_sn,inq_authrt_yn,reg_authrt_yn,mdfcn_authrt_yn,del_authrt_yn,excn_authrt_yn,del_yn,rgtr_id,reg_dt,mdfr_id,mdfcn_dt) VALUES ('RL00000006','MN03070000',421,'Y','N','N','N','N','N','SYSTEM',CURRENT_TIMESTAMP,'SYSTEM',CURRENT_TIMESTAMP);
INSERT INTO menu_role_dtl (role_id_mgno,menu_mgno,role_menu_sn,inq_authrt_yn,reg_authrt_yn,mdfcn_authrt_yn,del_authrt_yn,excn_authrt_yn,del_yn,rgtr_id,reg_dt,mdfr_id,mdfcn_dt) VALUES ('RL00000006','MN04000000',422,'Y','N','N','N','N','N','SYSTEM',CURRENT_TIMESTAMP,'SYSTEM',CURRENT_TIMESTAMP);
INSERT INTO menu_role_dtl (role_id_mgno,menu_mgno,role_menu_sn,inq_authrt_yn,reg_authrt_yn,mdfcn_authrt_yn,del_authrt_yn,excn_authrt_yn,del_yn,rgtr_id,reg_dt,mdfr_id,mdfcn_dt) VALUES ('RL00000006','MN04010700',423,'Y','N','N','N','N','N','SYSTEM',CURRENT_TIMESTAMP,'SYSTEM',CURRENT_TIMESTAMP);
INSERT INTO menu_role_dtl (role_id_mgno,menu_mgno,role_menu_sn,inq_authrt_yn,reg_authrt_yn,mdfcn_authrt_yn,del_authrt_yn,excn_authrt_yn,del_yn,rgtr_id,reg_dt,mdfr_id,mdfcn_dt) VALUES ('RL00000006','MN04010800',424,'Y','N','N','N','N','N','SYSTEM',CURRENT_TIMESTAMP,'SYSTEM',CURRENT_TIMESTAMP);
INSERT INTO menu_role_dtl (role_id_mgno,menu_mgno,role_menu_sn,inq_authrt_yn,reg_authrt_yn,mdfcn_authrt_yn,del_authrt_yn,excn_authrt_yn,del_yn,rgtr_id,reg_dt,mdfr_id,mdfcn_dt) VALUES ('RL00000006','MN04010900',425,'Y','N','N','N','N','N','SYSTEM',CURRENT_TIMESTAMP,'SYSTEM',CURRENT_TIMESTAMP);
INSERT INTO menu_role_dtl (role_id_mgno,menu_mgno,role_menu_sn,inq_authrt_yn,reg_authrt_yn,mdfcn_authrt_yn,del_authrt_yn,excn_authrt_yn,del_yn,rgtr_id,reg_dt,mdfr_id,mdfcn_dt) VALUES ('RL00000006','MN04011000',426,'Y','N','N','N','N','N','SYSTEM',CURRENT_TIMESTAMP,'SYSTEM',CURRENT_TIMESTAMP);
INSERT INTO menu_role_dtl (role_id_mgno,menu_mgno,role_menu_sn,inq_authrt_yn,reg_authrt_yn,mdfcn_authrt_yn,del_authrt_yn,excn_authrt_yn,del_yn,rgtr_id,reg_dt,mdfr_id,mdfcn_dt) VALUES ('RL00000006','MN04011100',427,'Y','N','N','N','N','N','SYSTEM',CURRENT_TIMESTAMP,'SYSTEM',CURRENT_TIMESTAMP);
INSERT INTO menu_role_dtl (role_id_mgno,menu_mgno,role_menu_sn,inq_authrt_yn,reg_authrt_yn,mdfcn_authrt_yn,del_authrt_yn,excn_authrt_yn,del_yn,rgtr_id,reg_dt,mdfr_id,mdfcn_dt) VALUES ('RL00000006','MN04011200',428,'Y','N','N','N','N','N','SYSTEM',CURRENT_TIMESTAMP,'SYSTEM',CURRENT_TIMESTAMP);
INSERT INTO menu_role_dtl (role_id_mgno,menu_mgno,role_menu_sn,inq_authrt_yn,reg_authrt_yn,mdfcn_authrt_yn,del_authrt_yn,excn_authrt_yn,del_yn,rgtr_id,reg_dt,mdfr_id,mdfcn_dt) VALUES ('RL00000006','MN04011300',429,'Y','N','N','N','N','N','SYSTEM',CURRENT_TIMESTAMP,'SYSTEM',CURRENT_TIMESTAMP);
INSERT INTO menu_role_dtl (role_id_mgno,menu_mgno,role_menu_sn,inq_authrt_yn,reg_authrt_yn,mdfcn_authrt_yn,del_authrt_yn,excn_authrt_yn,del_yn,rgtr_id,reg_dt,mdfr_id,mdfcn_dt) VALUES ('RL00000006','MN04020000',430,'Y','N','N','N','N','N','SYSTEM',CURRENT_TIMESTAMP,'SYSTEM',CURRENT_TIMESTAMP);
INSERT INTO menu_role_dtl (role_id_mgno,menu_mgno,role_menu_sn,inq_authrt_yn,reg_authrt_yn,mdfcn_authrt_yn,del_authrt_yn,excn_authrt_yn,del_yn,rgtr_id,reg_dt,mdfr_id,mdfcn_dt) VALUES ('RL00000006','MN04020100',431,'Y','N','N','N','N','N','SYSTEM',CURRENT_TIMESTAMP,'SYSTEM',CURRENT_TIMESTAMP);
INSERT INTO menu_role_dtl (role_id_mgno,menu_mgno,role_menu_sn,inq_authrt_yn,reg_authrt_yn,mdfcn_authrt_yn,del_authrt_yn,excn_authrt_yn,del_yn,rgtr_id,reg_dt,mdfr_id,mdfcn_dt) VALUES ('RL00000006','MN04020200',432,'Y','N','N','N','N','N','SYSTEM',CURRENT_TIMESTAMP,'SYSTEM',CURRENT_TIMESTAMP);
INSERT INTO menu_role_dtl (role_id_mgno,menu_mgno,role_menu_sn,inq_authrt_yn,reg_authrt_yn,mdfcn_authrt_yn,del_authrt_yn,excn_authrt_yn,del_yn,rgtr_id,reg_dt,mdfr_id,mdfcn_dt) VALUES ('RL00000001','MN02040000',9,'Y','N','N','N','N','N','SYSTEM',CURRENT_TIMESTAMP,'SYSTEM',CURRENT_TIMESTAMP);
INSERT INTO menu_role_dtl (role_id_mgno,menu_mgno,role_menu_sn,inq_authrt_yn,reg_authrt_yn,mdfcn_authrt_yn,del_authrt_yn,excn_authrt_yn,del_yn,rgtr_id,reg_dt,mdfr_id,mdfcn_dt) VALUES ('RL00000001','MN03030000',15,'Y','N','N','N','N','N','SYSTEM',CURRENT_TIMESTAMP,'SYSTEM',CURRENT_TIMESTAMP);
INSERT INTO menu_role_dtl (role_id_mgno,menu_mgno,role_menu_sn,inq_authrt_yn,reg_authrt_yn,mdfcn_authrt_yn,del_authrt_yn,excn_authrt_yn,del_yn,rgtr_id,reg_dt,mdfr_id,mdfcn_dt) VALUES ('RL00000001','MN04010700',28,'Y','N','N','N','N','N','SYSTEM',CURRENT_TIMESTAMP,'SYSTEM',CURRENT_TIMESTAMP);
INSERT INTO menu_role_dtl (role_id_mgno,menu_mgno,role_menu_sn,inq_authrt_yn,reg_authrt_yn,mdfcn_authrt_yn,del_authrt_yn,excn_authrt_yn,del_yn,rgtr_id,reg_dt,mdfr_id,mdfcn_dt) VALUES ('RL00000001','MN04010800',29,'Y','N','N','N','N','N','SYSTEM',CURRENT_TIMESTAMP,'SYSTEM',CURRENT_TIMESTAMP);
INSERT INTO menu_role_dtl (role_id_mgno,menu_mgno,role_menu_sn,inq_authrt_yn,reg_authrt_yn,mdfcn_authrt_yn,del_authrt_yn,excn_authrt_yn,del_yn,rgtr_id,reg_dt,mdfr_id,mdfcn_dt) VALUES ('RL00000002','MN02040000',134,'Y','N','N','N','N','N','SYSTEM',CURRENT_TIMESTAMP,'SYSTEM',CURRENT_TIMESTAMP);
INSERT INTO menu_role_dtl (role_id_mgno,menu_mgno,role_menu_sn,inq_authrt_yn,reg_authrt_yn,mdfcn_authrt_yn,del_authrt_yn,excn_authrt_yn,del_yn,rgtr_id,reg_dt,mdfr_id,mdfcn_dt) VALUES ('RL00000002','MN03030000',140,'Y','N','N','N','N','N','SYSTEM',CURRENT_TIMESTAMP,'SYSTEM',CURRENT_TIMESTAMP);
INSERT INTO menu_role_dtl (role_id_mgno,menu_mgno,role_menu_sn,inq_authrt_yn,reg_authrt_yn,mdfcn_authrt_yn,del_authrt_yn,excn_authrt_yn,del_yn,rgtr_id,reg_dt,mdfr_id,mdfcn_dt) VALUES ('RL00000002','MN04010700',152,'Y','N','N','N','N','N','SYSTEM',CURRENT_TIMESTAMP,'SYSTEM',CURRENT_TIMESTAMP);
INSERT INTO menu_role_dtl (role_id_mgno,menu_mgno,role_menu_sn,inq_authrt_yn,reg_authrt_yn,mdfcn_authrt_yn,del_authrt_yn,excn_authrt_yn,del_yn,rgtr_id,reg_dt,mdfr_id,mdfcn_dt) VALUES ('RL00000002','MN04010800',153,'Y','N','N','N','N','N','SYSTEM',CURRENT_TIMESTAMP,'SYSTEM',CURRENT_TIMESTAMP);
INSERT INTO menu_role_dtl (role_id_mgno,menu_mgno,role_menu_sn,inq_authrt_yn,reg_authrt_yn,mdfcn_authrt_yn,del_authrt_yn,excn_authrt_yn,del_yn,rgtr_id,reg_dt,mdfr_id,mdfcn_dt) VALUES ('RL00000003','MN02040000',211,'Y','N','N','N','N','N','SYSTEM',CURRENT_TIMESTAMP,'SYSTEM',CURRENT_TIMESTAMP);
INSERT INTO menu_role_dtl (role_id_mgno,menu_mgno,role_menu_sn,inq_authrt_yn,reg_authrt_yn,mdfcn_authrt_yn,del_authrt_yn,excn_authrt_yn,del_yn,rgtr_id,reg_dt,mdfr_id,mdfcn_dt) VALUES ('RL00000006','MN04020300',433,'Y','N','N','N','N','N','SYSTEM',CURRENT_TIMESTAMP,'SYSTEM',CURRENT_TIMESTAMP);
INSERT INTO menu_role_dtl (role_id_mgno,menu_mgno,role_menu_sn,inq_authrt_yn,reg_authrt_yn,mdfcn_authrt_yn,del_authrt_yn,excn_authrt_yn,del_yn,rgtr_id,reg_dt,mdfr_id,mdfcn_dt) VALUES ('RL00000006','MN04020400',434,'Y','N','N','N','N','N','SYSTEM',CURRENT_TIMESTAMP,'SYSTEM',CURRENT_TIMESTAMP);
INSERT INTO menu_role_dtl (role_id_mgno,menu_mgno,role_menu_sn,inq_authrt_yn,reg_authrt_yn,mdfcn_authrt_yn,del_authrt_yn,excn_authrt_yn,del_yn,rgtr_id,reg_dt,mdfr_id,mdfcn_dt) VALUES ('RL00000006','MN04020500',435,'Y','N','N','N','N','N','SYSTEM',CURRENT_TIMESTAMP,'SYSTEM',CURRENT_TIMESTAMP);
INSERT INTO menu_role_dtl (role_id_mgno,menu_mgno,role_menu_sn,inq_authrt_yn,reg_authrt_yn,mdfcn_authrt_yn,del_authrt_yn,excn_authrt_yn,del_yn,rgtr_id,reg_dt,mdfr_id,mdfcn_dt) VALUES ('RL00000006','MN04020600',436,'Y','N','N','N','N','N','SYSTEM',CURRENT_TIMESTAMP,'SYSTEM',CURRENT_TIMESTAMP);
INSERT INTO menu_role_dtl (role_id_mgno,menu_mgno,role_menu_sn,inq_authrt_yn,reg_authrt_yn,mdfcn_authrt_yn,del_authrt_yn,excn_authrt_yn,del_yn,rgtr_id,reg_dt,mdfr_id,mdfcn_dt) VALUES ('RL00000006','MN04020700',437,'Y','N','N','N','N','N','SYSTEM',CURRENT_TIMESTAMP,'SYSTEM',CURRENT_TIMESTAMP);
INSERT INTO menu_role_dtl (role_id_mgno,menu_mgno,role_menu_sn,inq_authrt_yn,reg_authrt_yn,mdfcn_authrt_yn,del_authrt_yn,excn_authrt_yn,del_yn,rgtr_id,reg_dt,mdfr_id,mdfcn_dt) VALUES ('RL00000006','MN04030000',438,'Y','N','N','N','N','N','SYSTEM',CURRENT_TIMESTAMP,'SYSTEM',CURRENT_TIMESTAMP);
INSERT INTO menu_role_dtl (role_id_mgno,menu_mgno,role_menu_sn,inq_authrt_yn,reg_authrt_yn,mdfcn_authrt_yn,del_authrt_yn,excn_authrt_yn,del_yn,rgtr_id,reg_dt,mdfr_id,mdfcn_dt) VALUES ('RL00000006','MN04030100',439,'Y','N','N','N','N','N','SYSTEM',CURRENT_TIMESTAMP,'SYSTEM',CURRENT_TIMESTAMP);
INSERT INTO menu_role_dtl (role_id_mgno,menu_mgno,role_menu_sn,inq_authrt_yn,reg_authrt_yn,mdfcn_authrt_yn,del_authrt_yn,excn_authrt_yn,del_yn,rgtr_id,reg_dt,mdfr_id,mdfcn_dt) VALUES ('RL00000006','MN04030200',440,'Y','N','N','N','N','N','SYSTEM',CURRENT_TIMESTAMP,'SYSTEM',CURRENT_TIMESTAMP);
INSERT INTO menu_role_dtl (role_id_mgno,menu_mgno,role_menu_sn,inq_authrt_yn,reg_authrt_yn,mdfcn_authrt_yn,del_authrt_yn,excn_authrt_yn,del_yn,rgtr_id,reg_dt,mdfr_id,mdfcn_dt) VALUES ('RL00000006','MN06000000',441,'Y','N','N','N','N','N','SYSTEM',CURRENT_TIMESTAMP,'SYSTEM',CURRENT_TIMESTAMP);
INSERT INTO menu_role_dtl (role_id_mgno,menu_mgno,role_menu_sn,inq_authrt_yn,reg_authrt_yn,mdfcn_authrt_yn,del_authrt_yn,excn_authrt_yn,del_yn,rgtr_id,reg_dt,mdfr_id,mdfcn_dt) VALUES ('RL00000006','MN06010000',442,'Y','N','N','N','N','N','SYSTEM',CURRENT_TIMESTAMP,'SYSTEM',CURRENT_TIMESTAMP);
INSERT INTO menu_role_dtl (role_id_mgno,menu_mgno,role_menu_sn,inq_authrt_yn,reg_authrt_yn,mdfcn_authrt_yn,del_authrt_yn,excn_authrt_yn,del_yn,rgtr_id,reg_dt,mdfr_id,mdfcn_dt) VALUES ('RL00000006','MN06020000',443,'Y','N','N','N','N','N','SYSTEM',CURRENT_TIMESTAMP,'SYSTEM',CURRENT_TIMESTAMP);
INSERT INTO menu_role_dtl (role_id_mgno,menu_mgno,role_menu_sn,inq_authrt_yn,reg_authrt_yn,mdfcn_authrt_yn,del_authrt_yn,excn_authrt_yn,del_yn,rgtr_id,reg_dt,mdfr_id,mdfcn_dt) VALUES ('RL00000006','MN06062200',444,'Y','N','N','N','N','N','SYSTEM',CURRENT_TIMESTAMP,'SYSTEM',CURRENT_TIMESTAMP);
INSERT INTO menu_role_dtl (role_id_mgno,menu_mgno,role_menu_sn,inq_authrt_yn,reg_authrt_yn,mdfcn_authrt_yn,del_authrt_yn,excn_authrt_yn,del_yn,rgtr_id,reg_dt,mdfr_id,mdfcn_dt) VALUES ('RL00000006','MN06062300',445,'Y','N','N','N','N','N','SYSTEM',CURRENT_TIMESTAMP,'SYSTEM',CURRENT_TIMESTAMP);
INSERT INTO menu_role_dtl (role_id_mgno,menu_mgno,role_menu_sn,inq_authrt_yn,reg_authrt_yn,mdfcn_authrt_yn,del_authrt_yn,excn_authrt_yn,del_yn,rgtr_id,reg_dt,mdfr_id,mdfcn_dt) VALUES ('RL00000006','MN06062400',446,'Y','N','N','N','N','N','SYSTEM',CURRENT_TIMESTAMP,'SYSTEM',CURRENT_TIMESTAMP);
INSERT INTO menu_role_dtl (role_id_mgno,menu_mgno,role_menu_sn,inq_authrt_yn,reg_authrt_yn,mdfcn_authrt_yn,del_authrt_yn,excn_authrt_yn,del_yn,rgtr_id,reg_dt,mdfr_id,mdfcn_dt) VALUES ('RL00000006','MN06062500',447,'Y','N','N','N','N','N','SYSTEM',CURRENT_TIMESTAMP,'SYSTEM',CURRENT_TIMESTAMP);
INSERT INTO menu_role_dtl (role_id_mgno,menu_mgno,role_menu_sn,inq_authrt_yn,reg_authrt_yn,mdfcn_authrt_yn,del_authrt_yn,excn_authrt_yn,del_yn,rgtr_id,reg_dt,mdfr_id,mdfcn_dt) VALUES ('RL00000006','MN06070400',448,'Y','N','N','N','N','N','SYSTEM',CURRENT_TIMESTAMP,'SYSTEM',CURRENT_TIMESTAMP);
INSERT INTO menu_role_dtl (role_id_mgno,menu_mgno,role_menu_sn,inq_authrt_yn,reg_authrt_yn,mdfcn_authrt_yn,del_authrt_yn,excn_authrt_yn,del_yn,rgtr_id,reg_dt,mdfr_id,mdfcn_dt) VALUES ('RL00000006','MN06070500',449,'Y','N','N','N','N','N','SYSTEM',CURRENT_TIMESTAMP,'SYSTEM',CURRENT_TIMESTAMP);
INSERT INTO menu_role_dtl (role_id_mgno,menu_mgno,role_menu_sn,inq_authrt_yn,reg_authrt_yn,mdfcn_authrt_yn,del_authrt_yn,excn_authrt_yn,del_yn,rgtr_id,reg_dt,mdfr_id,mdfcn_dt) VALUES ('RL00000006','MN06070600',450,'Y','N','N','N','N','N','SYSTEM',CURRENT_TIMESTAMP,'SYSTEM',CURRENT_TIMESTAMP);
INSERT INTO menu_role_dtl (role_id_mgno,menu_mgno,role_menu_sn,inq_authrt_yn,reg_authrt_yn,mdfcn_authrt_yn,del_authrt_yn,excn_authrt_yn,del_yn,rgtr_id,reg_dt,mdfr_id,mdfcn_dt) VALUES ('RL00000006','MN07000000',451,'Y','N','N','N','N','N','SYSTEM',CURRENT_TIMESTAMP,'SYSTEM',CURRENT_TIMESTAMP);
INSERT INTO menu_role_dtl (role_id_mgno,menu_mgno,role_menu_sn,inq_authrt_yn,reg_authrt_yn,mdfcn_authrt_yn,del_authrt_yn,excn_authrt_yn,del_yn,rgtr_id,reg_dt,mdfr_id,mdfcn_dt) VALUES ('RL00000006','MN07010000',452,'Y','N','N','N','N','N','SYSTEM',CURRENT_TIMESTAMP,'SYSTEM',CURRENT_TIMESTAMP);
INSERT INTO menu_role_dtl (role_id_mgno,menu_mgno,role_menu_sn,inq_authrt_yn,reg_authrt_yn,mdfcn_authrt_yn,del_authrt_yn,excn_authrt_yn,del_yn,rgtr_id,reg_dt,mdfr_id,mdfcn_dt) VALUES ('RL00000006','MN07020000',453,'Y','N','N','N','N','N','SYSTEM',CURRENT_TIMESTAMP,'SYSTEM',CURRENT_TIMESTAMP);
INSERT INTO menu_role_dtl (role_id_mgno,menu_mgno,role_menu_sn,inq_authrt_yn,reg_authrt_yn,mdfcn_authrt_yn,del_authrt_yn,excn_authrt_yn,del_yn,rgtr_id,reg_dt,mdfr_id,mdfcn_dt) VALUES ('RL00000006','MN07030000',454,'Y','N','N','N','N','N','SYSTEM',CURRENT_TIMESTAMP,'SYSTEM',CURRENT_TIMESTAMP);
INSERT INTO menu_role_dtl (role_id_mgno,menu_mgno,role_menu_sn,inq_authrt_yn,reg_authrt_yn,mdfcn_authrt_yn,del_authrt_yn,excn_authrt_yn,del_yn,rgtr_id,reg_dt,mdfr_id,mdfcn_dt) VALUES ('RL00000006','MN07040000',455,'Y','N','N','N','N','N','SYSTEM',CURRENT_TIMESTAMP,'SYSTEM',CURRENT_TIMESTAMP);
INSERT INTO menu_role_dtl (role_id_mgno,menu_mgno,role_menu_sn,inq_authrt_yn,reg_authrt_yn,mdfcn_authrt_yn,del_authrt_yn,excn_authrt_yn,del_yn,rgtr_id,reg_dt,mdfr_id,mdfcn_dt) VALUES ('RL00000006','MN07050000',456,'Y','N','N','N','N','N','SYSTEM',CURRENT_TIMESTAMP,'SYSTEM',CURRENT_TIMESTAMP);
INSERT INTO menu_role_dtl (role_id_mgno,menu_mgno,role_menu_sn,inq_authrt_yn,reg_authrt_yn,mdfcn_authrt_yn,del_authrt_yn,excn_authrt_yn,del_yn,rgtr_id,reg_dt,mdfr_id,mdfcn_dt) VALUES ('RL00000006','MN07060000',457,'Y','N','N','N','N','N','SYSTEM',CURRENT_TIMESTAMP,'SYSTEM',CURRENT_TIMESTAMP);
INSERT INTO menu_role_dtl (role_id_mgno,menu_mgno,role_menu_sn,inq_authrt_yn,reg_authrt_yn,mdfcn_authrt_yn,del_authrt_yn,excn_authrt_yn,del_yn,rgtr_id,reg_dt,mdfr_id,mdfcn_dt) VALUES ('RL00000006','MN07070000',458,'Y','N','N','N','N','N','SYSTEM',CURRENT_TIMESTAMP,'SYSTEM',CURRENT_TIMESTAMP);
INSERT INTO menu_role_dtl (role_id_mgno,menu_mgno,role_menu_sn,inq_authrt_yn,reg_authrt_yn,mdfcn_authrt_yn,del_authrt_yn,excn_authrt_yn,del_yn,rgtr_id,reg_dt,mdfr_id,mdfcn_dt) VALUES ('RL00000006','MN07080000',459,'Y','N','N','N','N','N','SYSTEM',CURRENT_TIMESTAMP,'SYSTEM',CURRENT_TIMESTAMP);
INSERT INTO menu_role_dtl (role_id_mgno,menu_mgno,role_menu_sn,inq_authrt_yn,reg_authrt_yn,mdfcn_authrt_yn,del_authrt_yn,excn_authrt_yn,del_yn,rgtr_id,reg_dt,mdfr_id,mdfcn_dt) VALUES ('RL00000006','MN07090000',460,'Y','N','N','N','N','N','SYSTEM',CURRENT_TIMESTAMP,'SYSTEM',CURRENT_TIMESTAMP);
INSERT INTO menu_role_dtl (role_id_mgno,menu_mgno,role_menu_sn,inq_authrt_yn,reg_authrt_yn,mdfcn_authrt_yn,del_authrt_yn,excn_authrt_yn,del_yn,rgtr_id,reg_dt,mdfr_id,mdfcn_dt) VALUES ('RL00000006','MN07100000',461,'Y','N','N','N','N','N','SYSTEM',CURRENT_TIMESTAMP,'SYSTEM',CURRENT_TIMESTAMP);
INSERT INTO menu_role_dtl (role_id_mgno,menu_mgno,role_menu_sn,inq_authrt_yn,reg_authrt_yn,mdfcn_authrt_yn,del_authrt_yn,excn_authrt_yn,del_yn,rgtr_id,reg_dt,mdfr_id,mdfcn_dt) VALUES ('RL00000006','MN08030000',462,'Y','N','N','N','N','N','SYSTEM',CURRENT_TIMESTAMP,'SYSTEM',CURRENT_TIMESTAMP);
INSERT INTO menu_role_dtl (role_id_mgno,menu_mgno,role_menu_sn,inq_authrt_yn,reg_authrt_yn,mdfcn_authrt_yn,del_authrt_yn,excn_authrt_yn,del_yn,rgtr_id,reg_dt,mdfr_id,mdfcn_dt) VALUES ('RL00000006','MN08060000',463,'Y','N','N','N','N','N','SYSTEM',CURRENT_TIMESTAMP,'SYSTEM',CURRENT_TIMESTAMP);
INSERT INTO menu_role_dtl (role_id_mgno,menu_mgno,role_menu_sn,inq_authrt_yn,reg_authrt_yn,mdfcn_authrt_yn,del_authrt_yn,excn_authrt_yn,del_yn,rgtr_id,reg_dt,mdfr_id,mdfcn_dt) VALUES ('RL00000006','MN99010000',464,'Y','N','N','N','N','N','SYSTEM',CURRENT_TIMESTAMP,'SYSTEM',CURRENT_TIMESTAMP);
INSERT INTO menu_role_dtl (role_id_mgno,menu_mgno,role_menu_sn,inq_authrt_yn,reg_authrt_yn,mdfcn_authrt_yn,del_authrt_yn,excn_authrt_yn,del_yn,rgtr_id,reg_dt,mdfr_id,mdfcn_dt) VALUES ('RL00000006','MN99020000',465,'Y','N','N','N','N','N','SYSTEM',CURRENT_TIMESTAMP,'SYSTEM',CURRENT_TIMESTAMP);
INSERT INTO menu_role_dtl (role_id_mgno,menu_mgno,role_menu_sn,inq_authrt_yn,reg_authrt_yn,mdfcn_authrt_yn,del_authrt_yn,excn_authrt_yn,del_yn,rgtr_id,reg_dt,mdfr_id,mdfcn_dt) VALUES ('RL00000006','MN99030000',466,'Y','N','N','N','N','N','SYSTEM',CURRENT_TIMESTAMP,'SYSTEM',CURRENT_TIMESTAMP);
INSERT INTO menu_role_dtl (role_id_mgno,menu_mgno,role_menu_sn,inq_authrt_yn,reg_authrt_yn,mdfcn_authrt_yn,del_authrt_yn,excn_authrt_yn,del_yn,rgtr_id,reg_dt,mdfr_id,mdfcn_dt) VALUES ('RL00000006','MN99040000',467,'Y','N','N','N','N','N','SYSTEM',CURRENT_TIMESTAMP,'SYSTEM',CURRENT_TIMESTAMP);
INSERT INTO menu_role_dtl (role_id_mgno,menu_mgno,role_menu_sn,inq_authrt_yn,reg_authrt_yn,mdfcn_authrt_yn,del_authrt_yn,excn_authrt_yn,del_yn,rgtr_id,reg_dt,mdfr_id,mdfcn_dt) VALUES ('RL00000006','MN99050000',468,'Y','N','N','N','N','N','SYSTEM',CURRENT_TIMESTAMP,'SYSTEM',CURRENT_TIMESTAMP);
INSERT INTO menu_role_dtl (role_id_mgno,menu_mgno,role_menu_sn,inq_authrt_yn,reg_authrt_yn,mdfcn_authrt_yn,del_authrt_yn,excn_authrt_yn,del_yn,rgtr_id,reg_dt,mdfr_id,mdfcn_dt) VALUES ('RL00000006','MN99060000',469,'Y','N','N','N','N','N','SYSTEM',CURRENT_TIMESTAMP,'SYSTEM',CURRENT_TIMESTAMP);
INSERT INTO menu_role_dtl (role_id_mgno,menu_mgno,role_menu_sn,inq_authrt_yn,reg_authrt_yn,mdfcn_authrt_yn,del_authrt_yn,excn_authrt_yn,del_yn,rgtr_id,reg_dt,mdfr_id,mdfcn_dt) VALUES ('RL00000007','MN01000000',470,'Y','N','N','N','N','N','SYSTEM',CURRENT_TIMESTAMP,'SYSTEM',CURRENT_TIMESTAMP);
INSERT INTO menu_role_dtl (role_id_mgno,menu_mgno,role_menu_sn,inq_authrt_yn,reg_authrt_yn,mdfcn_authrt_yn,del_authrt_yn,excn_authrt_yn,del_yn,rgtr_id,reg_dt,mdfr_id,mdfcn_dt) VALUES ('RL00000007','MN01010000',471,'Y','N','N','N','N','N','SYSTEM',CURRENT_TIMESTAMP,'SYSTEM',CURRENT_TIMESTAMP);
INSERT INTO menu_role_dtl (role_id_mgno,menu_mgno,role_menu_sn,inq_authrt_yn,reg_authrt_yn,mdfcn_authrt_yn,del_authrt_yn,excn_authrt_yn,del_yn,rgtr_id,reg_dt,mdfr_id,mdfcn_dt) VALUES ('RL00000007','MN01030000',472,'Y','N','N','N','N','N','SYSTEM',CURRENT_TIMESTAMP,'SYSTEM',CURRENT_TIMESTAMP);
INSERT INTO menu_role_dtl (role_id_mgno,menu_mgno,role_menu_sn,inq_authrt_yn,reg_authrt_yn,mdfcn_authrt_yn,del_authrt_yn,excn_authrt_yn,del_yn,rgtr_id,reg_dt,mdfr_id,mdfcn_dt) VALUES ('RL00000007','MN01040000',473,'Y','N','N','N','N','N','SYSTEM',CURRENT_TIMESTAMP,'SYSTEM',CURRENT_TIMESTAMP);
INSERT INTO menu_role_dtl (role_id_mgno,menu_mgno,role_menu_sn,inq_authrt_yn,reg_authrt_yn,mdfcn_authrt_yn,del_authrt_yn,excn_authrt_yn,del_yn,rgtr_id,reg_dt,mdfr_id,mdfcn_dt) VALUES ('RL00000007','MN02000000',474,'Y','N','N','N','N','N','SYSTEM',CURRENT_TIMESTAMP,'SYSTEM',CURRENT_TIMESTAMP);
INSERT INTO menu_role_dtl (role_id_mgno,menu_mgno,role_menu_sn,inq_authrt_yn,reg_authrt_yn,mdfcn_authrt_yn,del_authrt_yn,excn_authrt_yn,del_yn,rgtr_id,reg_dt,mdfr_id,mdfcn_dt) VALUES ('RL00000007','MN02010000',475,'Y','N','N','N','N','N','SYSTEM',CURRENT_TIMESTAMP,'SYSTEM',CURRENT_TIMESTAMP);
INSERT INTO menu_role_dtl (role_id_mgno,menu_mgno,role_menu_sn,inq_authrt_yn,reg_authrt_yn,mdfcn_authrt_yn,del_authrt_yn,excn_authrt_yn,del_yn,rgtr_id,reg_dt,mdfr_id,mdfcn_dt) VALUES ('RL00000007','MN02040000',476,'Y','N','N','N','N','N','SYSTEM',CURRENT_TIMESTAMP,'SYSTEM',CURRENT_TIMESTAMP);
INSERT INTO menu_role_dtl (role_id_mgno,menu_mgno,role_menu_sn,inq_authrt_yn,reg_authrt_yn,mdfcn_authrt_yn,del_authrt_yn,excn_authrt_yn,del_yn,rgtr_id,reg_dt,mdfr_id,mdfcn_dt) VALUES ('RL00000007','MN02050000',477,'Y','N','N','N','N','N','SYSTEM',CURRENT_TIMESTAMP,'SYSTEM',CURRENT_TIMESTAMP);
INSERT INTO menu_role_dtl (role_id_mgno,menu_mgno,role_menu_sn,inq_authrt_yn,reg_authrt_yn,mdfcn_authrt_yn,del_authrt_yn,excn_authrt_yn,del_yn,rgtr_id,reg_dt,mdfr_id,mdfcn_dt) VALUES ('RL00000007','MN02060000',478,'Y','N','N','N','N','N','SYSTEM',CURRENT_TIMESTAMP,'SYSTEM',CURRENT_TIMESTAMP);
INSERT INTO menu_role_dtl (role_id_mgno,menu_mgno,role_menu_sn,inq_authrt_yn,reg_authrt_yn,mdfcn_authrt_yn,del_authrt_yn,excn_authrt_yn,del_yn,rgtr_id,reg_dt,mdfr_id,mdfcn_dt) VALUES ('RL00000007','MN03000000',479,'Y','N','N','N','N','N','SYSTEM',CURRENT_TIMESTAMP,'SYSTEM',CURRENT_TIMESTAMP);
INSERT INTO menu_role_dtl (role_id_mgno,menu_mgno,role_menu_sn,inq_authrt_yn,reg_authrt_yn,mdfcn_authrt_yn,del_authrt_yn,excn_authrt_yn,del_yn,rgtr_id,reg_dt,mdfr_id,mdfcn_dt) VALUES ('RL00000007','MN03010000',480,'Y','N','N','N','N','N','SYSTEM',CURRENT_TIMESTAMP,'SYSTEM',CURRENT_TIMESTAMP);
INSERT INTO menu_role_dtl (role_id_mgno,menu_mgno,role_menu_sn,inq_authrt_yn,reg_authrt_yn,mdfcn_authrt_yn,del_authrt_yn,excn_authrt_yn,del_yn,rgtr_id,reg_dt,mdfr_id,mdfcn_dt) VALUES ('RL00000007','MN03030000',481,'Y','N','N','N','N','N','SYSTEM',CURRENT_TIMESTAMP,'SYSTEM',CURRENT_TIMESTAMP);
INSERT INTO menu_role_dtl (role_id_mgno,menu_mgno,role_menu_sn,inq_authrt_yn,reg_authrt_yn,mdfcn_authrt_yn,del_authrt_yn,excn_authrt_yn,del_yn,rgtr_id,reg_dt,mdfr_id,mdfcn_dt) VALUES ('RL00000007','MN03040000',482,'Y','N','N','N','N','N','SYSTEM',CURRENT_TIMESTAMP,'SYSTEM',CURRENT_TIMESTAMP);
INSERT INTO menu_role_dtl (role_id_mgno,menu_mgno,role_menu_sn,inq_authrt_yn,reg_authrt_yn,mdfcn_authrt_yn,del_authrt_yn,excn_authrt_yn,del_yn,rgtr_id,reg_dt,mdfr_id,mdfcn_dt) VALUES ('RL00000007','MN03050000',483,'Y','N','N','N','N','N','SYSTEM',CURRENT_TIMESTAMP,'SYSTEM',CURRENT_TIMESTAMP);
INSERT INTO menu_role_dtl (role_id_mgno,menu_mgno,role_menu_sn,inq_authrt_yn,reg_authrt_yn,mdfcn_authrt_yn,del_authrt_yn,excn_authrt_yn,del_yn,rgtr_id,reg_dt,mdfr_id,mdfcn_dt) VALUES ('RL00000007','MN03060000',484,'Y','N','N','N','N','N','SYSTEM',CURRENT_TIMESTAMP,'SYSTEM',CURRENT_TIMESTAMP);
INSERT INTO menu_role_dtl (role_id_mgno,menu_mgno,role_menu_sn,inq_authrt_yn,reg_authrt_yn,mdfcn_authrt_yn,del_authrt_yn,excn_authrt_yn,del_yn,rgtr_id,reg_dt,mdfr_id,mdfcn_dt) VALUES ('RL00000007','MN03070000',485,'Y','N','N','N','N','N','SYSTEM',CURRENT_TIMESTAMP,'SYSTEM',CURRENT_TIMESTAMP);
INSERT INTO menu_role_dtl (role_id_mgno,menu_mgno,role_menu_sn,inq_authrt_yn,reg_authrt_yn,mdfcn_authrt_yn,del_authrt_yn,excn_authrt_yn,del_yn,rgtr_id,reg_dt,mdfr_id,mdfcn_dt) VALUES ('RL00000007','MN04000000',486,'Y','N','N','N','N','N','SYSTEM',CURRENT_TIMESTAMP,'SYSTEM',CURRENT_TIMESTAMP);
INSERT INTO menu_role_dtl (role_id_mgno,menu_mgno,role_menu_sn,inq_authrt_yn,reg_authrt_yn,mdfcn_authrt_yn,del_authrt_yn,excn_authrt_yn,del_yn,rgtr_id,reg_dt,mdfr_id,mdfcn_dt) VALUES ('RL00000007','MN04010700',487,'Y','N','N','N','N','N','SYSTEM',CURRENT_TIMESTAMP,'SYSTEM',CURRENT_TIMESTAMP);
INSERT INTO menu_role_dtl (role_id_mgno,menu_mgno,role_menu_sn,inq_authrt_yn,reg_authrt_yn,mdfcn_authrt_yn,del_authrt_yn,excn_authrt_yn,del_yn,rgtr_id,reg_dt,mdfr_id,mdfcn_dt) VALUES ('RL00000007','MN04010800',488,'Y','N','N','N','N','N','SYSTEM',CURRENT_TIMESTAMP,'SYSTEM',CURRENT_TIMESTAMP);
INSERT INTO menu_role_dtl (role_id_mgno,menu_mgno,role_menu_sn,inq_authrt_yn,reg_authrt_yn,mdfcn_authrt_yn,del_authrt_yn,excn_authrt_yn,del_yn,rgtr_id,reg_dt,mdfr_id,mdfcn_dt) VALUES ('RL00000007','MN04010900',489,'Y','N','N','N','N','N','SYSTEM',CURRENT_TIMESTAMP,'SYSTEM',CURRENT_TIMESTAMP);
INSERT INTO menu_role_dtl (role_id_mgno,menu_mgno,role_menu_sn,inq_authrt_yn,reg_authrt_yn,mdfcn_authrt_yn,del_authrt_yn,excn_authrt_yn,del_yn,rgtr_id,reg_dt,mdfr_id,mdfcn_dt) VALUES ('RL00000007','MN04011000',490,'Y','N','N','N','N','N','SYSTEM',CURRENT_TIMESTAMP,'SYSTEM',CURRENT_TIMESTAMP);
INSERT INTO menu_role_dtl (role_id_mgno,menu_mgno,role_menu_sn,inq_authrt_yn,reg_authrt_yn,mdfcn_authrt_yn,del_authrt_yn,excn_authrt_yn,del_yn,rgtr_id,reg_dt,mdfr_id,mdfcn_dt) VALUES ('RL00000007','MN04011100',491,'Y','N','N','N','N','N','SYSTEM',CURRENT_TIMESTAMP,'SYSTEM',CURRENT_TIMESTAMP);
INSERT INTO menu_role_dtl (role_id_mgno,menu_mgno,role_menu_sn,inq_authrt_yn,reg_authrt_yn,mdfcn_authrt_yn,del_authrt_yn,excn_authrt_yn,del_yn,rgtr_id,reg_dt,mdfr_id,mdfcn_dt) VALUES ('RL00000007','MN04011200',492,'Y','N','N','N','N','N','SYSTEM',CURRENT_TIMESTAMP,'SYSTEM',CURRENT_TIMESTAMP);
INSERT INTO menu_role_dtl (role_id_mgno,menu_mgno,role_menu_sn,inq_authrt_yn,reg_authrt_yn,mdfcn_authrt_yn,del_authrt_yn,excn_authrt_yn,del_yn,rgtr_id,reg_dt,mdfr_id,mdfcn_dt) VALUES ('RL00000007','MN04011300',493,'Y','N','N','N','N','N','SYSTEM',CURRENT_TIMESTAMP,'SYSTEM',CURRENT_TIMESTAMP);
INSERT INTO menu_role_dtl (role_id_mgno,menu_mgno,role_menu_sn,inq_authrt_yn,reg_authrt_yn,mdfcn_authrt_yn,del_authrt_yn,excn_authrt_yn,del_yn,rgtr_id,reg_dt,mdfr_id,mdfcn_dt) VALUES ('RL00000007','MN04020000',494,'Y','N','N','N','N','N','SYSTEM',CURRENT_TIMESTAMP,'SYSTEM',CURRENT_TIMESTAMP);
INSERT INTO menu_role_dtl (role_id_mgno,menu_mgno,role_menu_sn,inq_authrt_yn,reg_authrt_yn,mdfcn_authrt_yn,del_authrt_yn,excn_authrt_yn,del_yn,rgtr_id,reg_dt,mdfr_id,mdfcn_dt) VALUES ('RL00000007','MN04020100',495,'Y','N','N','N','N','N','SYSTEM',CURRENT_TIMESTAMP,'SYSTEM',CURRENT_TIMESTAMP);
INSERT INTO menu_role_dtl (role_id_mgno,menu_mgno,role_menu_sn,inq_authrt_yn,reg_authrt_yn,mdfcn_authrt_yn,del_authrt_yn,excn_authrt_yn,del_yn,rgtr_id,reg_dt,mdfr_id,mdfcn_dt) VALUES ('RL00000007','MN04020200',496,'Y','N','N','N','N','N','SYSTEM',CURRENT_TIMESTAMP,'SYSTEM',CURRENT_TIMESTAMP);
INSERT INTO menu_role_dtl (role_id_mgno,menu_mgno,role_menu_sn,inq_authrt_yn,reg_authrt_yn,mdfcn_authrt_yn,del_authrt_yn,excn_authrt_yn,del_yn,rgtr_id,reg_dt,mdfr_id,mdfcn_dt) VALUES ('RL00000007','MN04020300',497,'Y','N','N','N','N','N','SYSTEM',CURRENT_TIMESTAMP,'SYSTEM',CURRENT_TIMESTAMP);
INSERT INTO menu_role_dtl (role_id_mgno,menu_mgno,role_menu_sn,inq_authrt_yn,reg_authrt_yn,mdfcn_authrt_yn,del_authrt_yn,excn_authrt_yn,del_yn,rgtr_id,reg_dt,mdfr_id,mdfcn_dt) VALUES ('RL00000007','MN04020400',498,'Y','N','N','N','N','N','SYSTEM',CURRENT_TIMESTAMP,'SYSTEM',CURRENT_TIMESTAMP);
INSERT INTO menu_role_dtl (role_id_mgno,menu_mgno,role_menu_sn,inq_authrt_yn,reg_authrt_yn,mdfcn_authrt_yn,del_authrt_yn,excn_authrt_yn,del_yn,rgtr_id,reg_dt,mdfr_id,mdfcn_dt) VALUES ('RL00000007','MN04020500',499,'Y','N','N','N','N','N','SYSTEM',CURRENT_TIMESTAMP,'SYSTEM',CURRENT_TIMESTAMP);
INSERT INTO menu_role_dtl (role_id_mgno,menu_mgno,role_menu_sn,inq_authrt_yn,reg_authrt_yn,mdfcn_authrt_yn,del_authrt_yn,excn_authrt_yn,del_yn,rgtr_id,reg_dt,mdfr_id,mdfcn_dt) VALUES ('RL00000007','MN04020600',500,'Y','N','N','N','N','N','SYSTEM',CURRENT_TIMESTAMP,'SYSTEM',CURRENT_TIMESTAMP);
INSERT INTO menu_role_dtl (role_id_mgno,menu_mgno,role_menu_sn,inq_authrt_yn,reg_authrt_yn,mdfcn_authrt_yn,del_authrt_yn,excn_authrt_yn,del_yn,rgtr_id,reg_dt,mdfr_id,mdfcn_dt) VALUES ('RL00000007','MN04020700',501,'Y','N','N','N','N','N','SYSTEM',CURRENT_TIMESTAMP,'SYSTEM',CURRENT_TIMESTAMP);
INSERT INTO menu_role_dtl (role_id_mgno,menu_mgno,role_menu_sn,inq_authrt_yn,reg_authrt_yn,mdfcn_authrt_yn,del_authrt_yn,excn_authrt_yn,del_yn,rgtr_id,reg_dt,mdfr_id,mdfcn_dt) VALUES ('RL00000007','MN04030000',502,'Y','N','N','N','N','N','SYSTEM',CURRENT_TIMESTAMP,'SYSTEM',CURRENT_TIMESTAMP);
INSERT INTO menu_role_dtl (role_id_mgno,menu_mgno,role_menu_sn,inq_authrt_yn,reg_authrt_yn,mdfcn_authrt_yn,del_authrt_yn,excn_authrt_yn,del_yn,rgtr_id,reg_dt,mdfr_id,mdfcn_dt) VALUES ('RL00000001','MN03040000',16,'Y','N','N','N','N','N','SYSTEM',CURRENT_TIMESTAMP,'SYSTEM',CURRENT_TIMESTAMP);
INSERT INTO menu_role_dtl (role_id_mgno,menu_mgno,role_menu_sn,inq_authrt_yn,reg_authrt_yn,mdfcn_authrt_yn,del_authrt_yn,excn_authrt_yn,del_yn,rgtr_id,reg_dt,mdfr_id,mdfcn_dt) VALUES ('RL00000001','MN03050000',17,'Y','N','N','N','N','N','SYSTEM',CURRENT_TIMESTAMP,'SYSTEM',CURRENT_TIMESTAMP);
INSERT INTO menu_role_dtl (role_id_mgno,menu_mgno,role_menu_sn,inq_authrt_yn,reg_authrt_yn,mdfcn_authrt_yn,del_authrt_yn,excn_authrt_yn,del_yn,rgtr_id,reg_dt,mdfr_id,mdfcn_dt) VALUES ('RL00000001','MN04010900',30,'Y','N','N','N','N','N','SYSTEM',CURRENT_TIMESTAMP,'SYSTEM',CURRENT_TIMESTAMP);
INSERT INTO menu_role_dtl (role_id_mgno,menu_mgno,role_menu_sn,inq_authrt_yn,reg_authrt_yn,mdfcn_authrt_yn,del_authrt_yn,excn_authrt_yn,del_yn,rgtr_id,reg_dt,mdfr_id,mdfcn_dt) VALUES ('RL00000001','MN06070400',101,'Y','N','N','N','N','N','SYSTEM',CURRENT_TIMESTAMP,'SYSTEM',CURRENT_TIMESTAMP);
INSERT INTO menu_role_dtl (role_id_mgno,menu_mgno,role_menu_sn,inq_authrt_yn,reg_authrt_yn,mdfcn_authrt_yn,del_authrt_yn,excn_authrt_yn,del_yn,rgtr_id,reg_dt,mdfr_id,mdfcn_dt) VALUES ('RL00000007','MN04030100',503,'Y','N','N','N','N','N','SYSTEM',CURRENT_TIMESTAMP,'SYSTEM',CURRENT_TIMESTAMP);
INSERT INTO menu_role_dtl (role_id_mgno,menu_mgno,role_menu_sn,inq_authrt_yn,reg_authrt_yn,mdfcn_authrt_yn,del_authrt_yn,excn_authrt_yn,del_yn,rgtr_id,reg_dt,mdfr_id,mdfcn_dt) VALUES ('RL00000007','MN04030200',504,'Y','N','N','N','N','N','SYSTEM',CURRENT_TIMESTAMP,'SYSTEM',CURRENT_TIMESTAMP);
INSERT INTO menu_role_dtl (role_id_mgno,menu_mgno,role_menu_sn,inq_authrt_yn,reg_authrt_yn,mdfcn_authrt_yn,del_authrt_yn,excn_authrt_yn,del_yn,rgtr_id,reg_dt,mdfr_id,mdfcn_dt) VALUES ('RL00000007','MN06000000',505,'Y','N','N','N','N','N','SYSTEM',CURRENT_TIMESTAMP,'SYSTEM',CURRENT_TIMESTAMP);
INSERT INTO menu_role_dtl (role_id_mgno,menu_mgno,role_menu_sn,inq_authrt_yn,reg_authrt_yn,mdfcn_authrt_yn,del_authrt_yn,excn_authrt_yn,del_yn,rgtr_id,reg_dt,mdfr_id,mdfcn_dt) VALUES ('RL00000007','MN06010000',506,'Y','N','N','N','N','N','SYSTEM',CURRENT_TIMESTAMP,'SYSTEM',CURRENT_TIMESTAMP);
INSERT INTO menu_role_dtl (role_id_mgno,menu_mgno,role_menu_sn,inq_authrt_yn,reg_authrt_yn,mdfcn_authrt_yn,del_authrt_yn,excn_authrt_yn,del_yn,rgtr_id,reg_dt,mdfr_id,mdfcn_dt) VALUES ('RL00000007','MN06020000',507,'Y','N','N','N','N','N','SYSTEM',CURRENT_TIMESTAMP,'SYSTEM',CURRENT_TIMESTAMP);
INSERT INTO menu_role_dtl (role_id_mgno,menu_mgno,role_menu_sn,inq_authrt_yn,reg_authrt_yn,mdfcn_authrt_yn,del_authrt_yn,excn_authrt_yn,del_yn,rgtr_id,reg_dt,mdfr_id,mdfcn_dt) VALUES ('RL00000007','MN06062200',508,'Y','N','N','N','N','N','SYSTEM',CURRENT_TIMESTAMP,'SYSTEM',CURRENT_TIMESTAMP);
INSERT INTO menu_role_dtl (role_id_mgno,menu_mgno,role_menu_sn,inq_authrt_yn,reg_authrt_yn,mdfcn_authrt_yn,del_authrt_yn,excn_authrt_yn,del_yn,rgtr_id,reg_dt,mdfr_id,mdfcn_dt) VALUES ('RL00000007','MN06062300',509,'Y','N','N','N','N','N','SYSTEM',CURRENT_TIMESTAMP,'SYSTEM',CURRENT_TIMESTAMP);
INSERT INTO menu_role_dtl (role_id_mgno,menu_mgno,role_menu_sn,inq_authrt_yn,reg_authrt_yn,mdfcn_authrt_yn,del_authrt_yn,excn_authrt_yn,del_yn,rgtr_id,reg_dt,mdfr_id,mdfcn_dt) VALUES ('RL00000007','MN06062400',510,'Y','N','N','N','N','N','SYSTEM',CURRENT_TIMESTAMP,'SYSTEM',CURRENT_TIMESTAMP);
INSERT INTO menu_role_dtl (role_id_mgno,menu_mgno,role_menu_sn,inq_authrt_yn,reg_authrt_yn,mdfcn_authrt_yn,del_authrt_yn,excn_authrt_yn,del_yn,rgtr_id,reg_dt,mdfr_id,mdfcn_dt) VALUES ('RL00000007','MN06062500',511,'Y','N','N','N','N','N','SYSTEM',CURRENT_TIMESTAMP,'SYSTEM',CURRENT_TIMESTAMP);
INSERT INTO menu_role_dtl (role_id_mgno,menu_mgno,role_menu_sn,inq_authrt_yn,reg_authrt_yn,mdfcn_authrt_yn,del_authrt_yn,excn_authrt_yn,del_yn,rgtr_id,reg_dt,mdfr_id,mdfcn_dt) VALUES ('RL00000007','MN06070400',512,'Y','N','N','N','N','N','SYSTEM',CURRENT_TIMESTAMP,'SYSTEM',CURRENT_TIMESTAMP);
INSERT INTO menu_role_dtl (role_id_mgno,menu_mgno,role_menu_sn,inq_authrt_yn,reg_authrt_yn,mdfcn_authrt_yn,del_authrt_yn,excn_authrt_yn,del_yn,rgtr_id,reg_dt,mdfr_id,mdfcn_dt) VALUES ('RL00000007','MN06070500',513,'Y','N','N','N','N','N','SYSTEM',CURRENT_TIMESTAMP,'SYSTEM',CURRENT_TIMESTAMP);
INSERT INTO menu_role_dtl (role_id_mgno,menu_mgno,role_menu_sn,inq_authrt_yn,reg_authrt_yn,mdfcn_authrt_yn,del_authrt_yn,excn_authrt_yn,del_yn,rgtr_id,reg_dt,mdfr_id,mdfcn_dt) VALUES ('RL00000007','MN06070600',514,'Y','N','N','N','N','N','SYSTEM',CURRENT_TIMESTAMP,'SYSTEM',CURRENT_TIMESTAMP);
INSERT INTO menu_role_dtl (role_id_mgno,menu_mgno,role_menu_sn,inq_authrt_yn,reg_authrt_yn,mdfcn_authrt_yn,del_authrt_yn,excn_authrt_yn,del_yn,rgtr_id,reg_dt,mdfr_id,mdfcn_dt) VALUES ('RL00000007','MN07000000',515,'Y','N','N','N','N','N','SYSTEM',CURRENT_TIMESTAMP,'SYSTEM',CURRENT_TIMESTAMP);
INSERT INTO menu_role_dtl (role_id_mgno,menu_mgno,role_menu_sn,inq_authrt_yn,reg_authrt_yn,mdfcn_authrt_yn,del_authrt_yn,excn_authrt_yn,del_yn,rgtr_id,reg_dt,mdfr_id,mdfcn_dt) VALUES ('RL00000007','MN07010000',516,'Y','N','N','N','N','N','SYSTEM',CURRENT_TIMESTAMP,'SYSTEM',CURRENT_TIMESTAMP);
INSERT INTO menu_role_dtl (role_id_mgno,menu_mgno,role_menu_sn,inq_authrt_yn,reg_authrt_yn,mdfcn_authrt_yn,del_authrt_yn,excn_authrt_yn,del_yn,rgtr_id,reg_dt,mdfr_id,mdfcn_dt) VALUES ('RL00000007','MN07020000',517,'Y','N','N','N','N','N','SYSTEM',CURRENT_TIMESTAMP,'SYSTEM',CURRENT_TIMESTAMP);
INSERT INTO menu_role_dtl (role_id_mgno,menu_mgno,role_menu_sn,inq_authrt_yn,reg_authrt_yn,mdfcn_authrt_yn,del_authrt_yn,excn_authrt_yn,del_yn,rgtr_id,reg_dt,mdfr_id,mdfcn_dt) VALUES ('RL00000007','MN07030000',518,'Y','N','N','N','N','N','SYSTEM',CURRENT_TIMESTAMP,'SYSTEM',CURRENT_TIMESTAMP);
INSERT INTO menu_role_dtl (role_id_mgno,menu_mgno,role_menu_sn,inq_authrt_yn,reg_authrt_yn,mdfcn_authrt_yn,del_authrt_yn,excn_authrt_yn,del_yn,rgtr_id,reg_dt,mdfr_id,mdfcn_dt) VALUES ('RL00000007','MN07040000',519,'Y','N','N','N','N','N','SYSTEM',CURRENT_TIMESTAMP,'SYSTEM',CURRENT_TIMESTAMP);
INSERT INTO menu_role_dtl (role_id_mgno,menu_mgno,role_menu_sn,inq_authrt_yn,reg_authrt_yn,mdfcn_authrt_yn,del_authrt_yn,excn_authrt_yn,del_yn,rgtr_id,reg_dt,mdfr_id,mdfcn_dt) VALUES ('RL00000007','MN07050000',520,'Y','N','N','N','N','N','SYSTEM',CURRENT_TIMESTAMP,'SYSTEM',CURRENT_TIMESTAMP);
INSERT INTO menu_role_dtl (role_id_mgno,menu_mgno,role_menu_sn,inq_authrt_yn,reg_authrt_yn,mdfcn_authrt_yn,del_authrt_yn,excn_authrt_yn,del_yn,rgtr_id,reg_dt,mdfr_id,mdfcn_dt) VALUES ('RL00000007','MN07060000',521,'Y','N','N','N','N','N','SYSTEM',CURRENT_TIMESTAMP,'SYSTEM',CURRENT_TIMESTAMP);
INSERT INTO menu_role_dtl (role_id_mgno,menu_mgno,role_menu_sn,inq_authrt_yn,reg_authrt_yn,mdfcn_authrt_yn,del_authrt_yn,excn_authrt_yn,del_yn,rgtr_id,reg_dt,mdfr_id,mdfcn_dt) VALUES ('RL00000007','MN07070000',522,'Y','N','N','N','N','N','SYSTEM',CURRENT_TIMESTAMP,'SYSTEM',CURRENT_TIMESTAMP);
INSERT INTO menu_role_dtl (role_id_mgno,menu_mgno,role_menu_sn,inq_authrt_yn,reg_authrt_yn,mdfcn_authrt_yn,del_authrt_yn,excn_authrt_yn,del_yn,rgtr_id,reg_dt,mdfr_id,mdfcn_dt) VALUES ('RL00000007','MN07080000',523,'Y','N','N','N','N','N','SYSTEM',CURRENT_TIMESTAMP,'SYSTEM',CURRENT_TIMESTAMP);
INSERT INTO menu_role_dtl (role_id_mgno,menu_mgno,role_menu_sn,inq_authrt_yn,reg_authrt_yn,mdfcn_authrt_yn,del_authrt_yn,excn_authrt_yn,del_yn,rgtr_id,reg_dt,mdfr_id,mdfcn_dt) VALUES ('RL00000007','MN07090000',524,'Y','N','N','N','N','N','SYSTEM',CURRENT_TIMESTAMP,'SYSTEM',CURRENT_TIMESTAMP);
INSERT INTO menu_role_dtl (role_id_mgno,menu_mgno,role_menu_sn,inq_authrt_yn,reg_authrt_yn,mdfcn_authrt_yn,del_authrt_yn,excn_authrt_yn,del_yn,rgtr_id,reg_dt,mdfr_id,mdfcn_dt) VALUES ('RL00000007','MN07100000',525,'Y','N','N','N','N','N','SYSTEM',CURRENT_TIMESTAMP,'SYSTEM',CURRENT_TIMESTAMP);
INSERT INTO menu_role_dtl (role_id_mgno,menu_mgno,role_menu_sn,inq_authrt_yn,reg_authrt_yn,mdfcn_authrt_yn,del_authrt_yn,excn_authrt_yn,del_yn,rgtr_id,reg_dt,mdfr_id,mdfcn_dt) VALUES ('RL00000007','MN08030000',526,'Y','N','N','N','N','N','SYSTEM',CURRENT_TIMESTAMP,'SYSTEM',CURRENT_TIMESTAMP);
INSERT INTO menu_role_dtl (role_id_mgno,menu_mgno,role_menu_sn,inq_authrt_yn,reg_authrt_yn,mdfcn_authrt_yn,del_authrt_yn,excn_authrt_yn,del_yn,rgtr_id,reg_dt,mdfr_id,mdfcn_dt) VALUES ('RL00000007','MN08060000',527,'Y','N','N','N','N','N','SYSTEM',CURRENT_TIMESTAMP,'SYSTEM',CURRENT_TIMESTAMP);
INSERT INTO menu_role_dtl (role_id_mgno,menu_mgno,role_menu_sn,inq_authrt_yn,reg_authrt_yn,mdfcn_authrt_yn,del_authrt_yn,excn_authrt_yn,del_yn,rgtr_id,reg_dt,mdfr_id,mdfcn_dt) VALUES ('RL00000007','MN99010000',528,'Y','N','N','N','N','N','SYSTEM',CURRENT_TIMESTAMP,'SYSTEM',CURRENT_TIMESTAMP);
INSERT INTO menu_role_dtl (role_id_mgno,menu_mgno,role_menu_sn,inq_authrt_yn,reg_authrt_yn,mdfcn_authrt_yn,del_authrt_yn,excn_authrt_yn,del_yn,rgtr_id,reg_dt,mdfr_id,mdfcn_dt) VALUES ('RL00000007','MN99020000',529,'Y','N','N','N','N','N','SYSTEM',CURRENT_TIMESTAMP,'SYSTEM',CURRENT_TIMESTAMP);
INSERT INTO menu_role_dtl (role_id_mgno,menu_mgno,role_menu_sn,inq_authrt_yn,reg_authrt_yn,mdfcn_authrt_yn,del_authrt_yn,excn_authrt_yn,del_yn,rgtr_id,reg_dt,mdfr_id,mdfcn_dt) VALUES ('RL00000007','MN99030000',530,'Y','N','N','N','N','N','SYSTEM',CURRENT_TIMESTAMP,'SYSTEM',CURRENT_TIMESTAMP);
INSERT INTO menu_role_dtl (role_id_mgno,menu_mgno,role_menu_sn,inq_authrt_yn,reg_authrt_yn,mdfcn_authrt_yn,del_authrt_yn,excn_authrt_yn,del_yn,rgtr_id,reg_dt,mdfr_id,mdfcn_dt) VALUES ('RL00000007','MN99040000',531,'Y','N','N','N','N','N','SYSTEM',CURRENT_TIMESTAMP,'SYSTEM',CURRENT_TIMESTAMP);
INSERT INTO menu_role_dtl (role_id_mgno,menu_mgno,role_menu_sn,inq_authrt_yn,reg_authrt_yn,mdfcn_authrt_yn,del_authrt_yn,excn_authrt_yn,del_yn,rgtr_id,reg_dt,mdfr_id,mdfcn_dt) VALUES ('RL00000007','MN99050000',532,'Y','N','N','N','N','N','SYSTEM',CURRENT_TIMESTAMP,'SYSTEM',CURRENT_TIMESTAMP);
INSERT INTO menu_role_dtl (role_id_mgno,menu_mgno,role_menu_sn,inq_authrt_yn,reg_authrt_yn,mdfcn_authrt_yn,del_authrt_yn,excn_authrt_yn,del_yn,rgtr_id,reg_dt,mdfr_id,mdfcn_dt) VALUES ('RL00000007','MN99060000',533,'Y','N','N','N','N','N','SYSTEM',CURRENT_TIMESTAMP,'SYSTEM',CURRENT_TIMESTAMP);
INSERT INTO menu_role_dtl (role_id_mgno,menu_mgno,role_menu_sn,inq_authrt_yn,reg_authrt_yn,mdfcn_authrt_yn,del_authrt_yn,excn_authrt_yn,del_yn,rgtr_id,reg_dt,mdfr_id,mdfcn_dt) VALUES ('RL00000008','MN01030000',534,'Y','N','N','N','N','N','SYSTEM',CURRENT_TIMESTAMP,'SYSTEM',CURRENT_TIMESTAMP);
INSERT INTO menu_role_dtl (role_id_mgno,menu_mgno,role_menu_sn,inq_authrt_yn,reg_authrt_yn,mdfcn_authrt_yn,del_authrt_yn,excn_authrt_yn,del_yn,rgtr_id,reg_dt,mdfr_id,mdfcn_dt) VALUES ('RL00000008','MN01040000',535,'Y','N','N','N','N','N','SYSTEM',CURRENT_TIMESTAMP,'SYSTEM',CURRENT_TIMESTAMP);
INSERT INTO menu_role_dtl (role_id_mgno,menu_mgno,role_menu_sn,inq_authrt_yn,reg_authrt_yn,mdfcn_authrt_yn,del_authrt_yn,excn_authrt_yn,del_yn,rgtr_id,reg_dt,mdfr_id,mdfcn_dt) VALUES ('RL00000008','MN02040000',536,'Y','N','N','N','N','N','SYSTEM',CURRENT_TIMESTAMP,'SYSTEM',CURRENT_TIMESTAMP);
INSERT INTO menu_role_dtl (role_id_mgno,menu_mgno,role_menu_sn,inq_authrt_yn,reg_authrt_yn,mdfcn_authrt_yn,del_authrt_yn,excn_authrt_yn,del_yn,rgtr_id,reg_dt,mdfr_id,mdfcn_dt) VALUES ('RL00000008','MN02050000',537,'Y','N','N','N','N','N','SYSTEM',CURRENT_TIMESTAMP,'SYSTEM',CURRENT_TIMESTAMP);
INSERT INTO menu_role_dtl (role_id_mgno,menu_mgno,role_menu_sn,inq_authrt_yn,reg_authrt_yn,mdfcn_authrt_yn,del_authrt_yn,excn_authrt_yn,del_yn,rgtr_id,reg_dt,mdfr_id,mdfcn_dt) VALUES ('RL00000008','MN02060000',538,'Y','N','N','N','N','N','SYSTEM',CURRENT_TIMESTAMP,'SYSTEM',CURRENT_TIMESTAMP);
INSERT INTO menu_role_dtl (role_id_mgno,menu_mgno,role_menu_sn,inq_authrt_yn,reg_authrt_yn,mdfcn_authrt_yn,del_authrt_yn,excn_authrt_yn,del_yn,rgtr_id,reg_dt,mdfr_id,mdfcn_dt) VALUES ('RL00000008','MN03030000',539,'Y','N','N','N','N','N','SYSTEM',CURRENT_TIMESTAMP,'SYSTEM',CURRENT_TIMESTAMP);
INSERT INTO menu_role_dtl (role_id_mgno,menu_mgno,role_menu_sn,inq_authrt_yn,reg_authrt_yn,mdfcn_authrt_yn,del_authrt_yn,excn_authrt_yn,del_yn,rgtr_id,reg_dt,mdfr_id,mdfcn_dt) VALUES ('RL00000008','MN03040000',540,'Y','N','N','N','N','N','SYSTEM',CURRENT_TIMESTAMP,'SYSTEM',CURRENT_TIMESTAMP);
INSERT INTO menu_role_dtl (role_id_mgno,menu_mgno,role_menu_sn,inq_authrt_yn,reg_authrt_yn,mdfcn_authrt_yn,del_authrt_yn,excn_authrt_yn,del_yn,rgtr_id,reg_dt,mdfr_id,mdfcn_dt) VALUES ('RL00000008','MN03050000',541,'Y','N','N','N','N','N','SYSTEM',CURRENT_TIMESTAMP,'SYSTEM',CURRENT_TIMESTAMP);
INSERT INTO menu_role_dtl (role_id_mgno,menu_mgno,role_menu_sn,inq_authrt_yn,reg_authrt_yn,mdfcn_authrt_yn,del_authrt_yn,excn_authrt_yn,del_yn,rgtr_id,reg_dt,mdfr_id,mdfcn_dt) VALUES ('RL00000008','MN03060000',542,'Y','N','N','N','N','N','SYSTEM',CURRENT_TIMESTAMP,'SYSTEM',CURRENT_TIMESTAMP);
INSERT INTO menu_role_dtl (role_id_mgno,menu_mgno,role_menu_sn,inq_authrt_yn,reg_authrt_yn,mdfcn_authrt_yn,del_authrt_yn,excn_authrt_yn,del_yn,rgtr_id,reg_dt,mdfr_id,mdfcn_dt) VALUES ('RL00000008','MN03070000',543,'Y','N','N','N','N','N','SYSTEM',CURRENT_TIMESTAMP,'SYSTEM',CURRENT_TIMESTAMP);
INSERT INTO menu_role_dtl (role_id_mgno,menu_mgno,role_menu_sn,inq_authrt_yn,reg_authrt_yn,mdfcn_authrt_yn,del_authrt_yn,excn_authrt_yn,del_yn,rgtr_id,reg_dt,mdfr_id,mdfcn_dt) VALUES ('RL00000008','MN04010700',544,'Y','N','N','N','N','N','SYSTEM',CURRENT_TIMESTAMP,'SYSTEM',CURRENT_TIMESTAMP);
INSERT INTO menu_role_dtl (role_id_mgno,menu_mgno,role_menu_sn,inq_authrt_yn,reg_authrt_yn,mdfcn_authrt_yn,del_authrt_yn,excn_authrt_yn,del_yn,rgtr_id,reg_dt,mdfr_id,mdfcn_dt) VALUES ('RL00000008','MN04010800',545,'Y','N','N','N','N','N','SYSTEM',CURRENT_TIMESTAMP,'SYSTEM',CURRENT_TIMESTAMP);
INSERT INTO menu_role_dtl (role_id_mgno,menu_mgno,role_menu_sn,inq_authrt_yn,reg_authrt_yn,mdfcn_authrt_yn,del_authrt_yn,excn_authrt_yn,del_yn,rgtr_id,reg_dt,mdfr_id,mdfcn_dt) VALUES ('RL00000008','MN04010900',546,'Y','N','N','N','N','N','SYSTEM',CURRENT_TIMESTAMP,'SYSTEM',CURRENT_TIMESTAMP);
INSERT INTO menu_role_dtl (role_id_mgno,menu_mgno,role_menu_sn,inq_authrt_yn,reg_authrt_yn,mdfcn_authrt_yn,del_authrt_yn,excn_authrt_yn,del_yn,rgtr_id,reg_dt,mdfr_id,mdfcn_dt) VALUES ('RL00000008','MN04011000',547,'Y','N','N','N','N','N','SYSTEM',CURRENT_TIMESTAMP,'SYSTEM',CURRENT_TIMESTAMP);
INSERT INTO menu_role_dtl (role_id_mgno,menu_mgno,role_menu_sn,inq_authrt_yn,reg_authrt_yn,mdfcn_authrt_yn,del_authrt_yn,excn_authrt_yn,del_yn,rgtr_id,reg_dt,mdfr_id,mdfcn_dt) VALUES ('RL00000008','MN04011100',548,'Y','N','N','N','N','N','SYSTEM',CURRENT_TIMESTAMP,'SYSTEM',CURRENT_TIMESTAMP);
INSERT INTO menu_role_dtl (role_id_mgno,menu_mgno,role_menu_sn,inq_authrt_yn,reg_authrt_yn,mdfcn_authrt_yn,del_authrt_yn,excn_authrt_yn,del_yn,rgtr_id,reg_dt,mdfr_id,mdfcn_dt) VALUES ('RL00000008','MN04011200',549,'Y','N','N','N','N','N','SYSTEM',CURRENT_TIMESTAMP,'SYSTEM',CURRENT_TIMESTAMP);
INSERT INTO menu_role_dtl (role_id_mgno,menu_mgno,role_menu_sn,inq_authrt_yn,reg_authrt_yn,mdfcn_authrt_yn,del_authrt_yn,excn_authrt_yn,del_yn,rgtr_id,reg_dt,mdfr_id,mdfcn_dt) VALUES ('RL00000008','MN04011300',550,'Y','N','N','N','N','N','SYSTEM',CURRENT_TIMESTAMP,'SYSTEM',CURRENT_TIMESTAMP);
INSERT INTO menu_role_dtl (role_id_mgno,menu_mgno,role_menu_sn,inq_authrt_yn,reg_authrt_yn,mdfcn_authrt_yn,del_authrt_yn,excn_authrt_yn,del_yn,rgtr_id,reg_dt,mdfr_id,mdfcn_dt) VALUES ('RL00000008','MN06000000',551,'Y','N','N','N','N','N','SYSTEM',CURRENT_TIMESTAMP,'SYSTEM',CURRENT_TIMESTAMP);
INSERT INTO menu_role_dtl (role_id_mgno,menu_mgno,role_menu_sn,inq_authrt_yn,reg_authrt_yn,mdfcn_authrt_yn,del_authrt_yn,excn_authrt_yn,del_yn,rgtr_id,reg_dt,mdfr_id,mdfcn_dt) VALUES ('RL00000008','MN06010000',552,'Y','N','N','N','N','N','SYSTEM',CURRENT_TIMESTAMP,'SYSTEM',CURRENT_TIMESTAMP);
INSERT INTO menu_role_dtl (role_id_mgno,menu_mgno,role_menu_sn,inq_authrt_yn,reg_authrt_yn,mdfcn_authrt_yn,del_authrt_yn,excn_authrt_yn,del_yn,rgtr_id,reg_dt,mdfr_id,mdfcn_dt) VALUES ('RL00000008','MN06062200',553,'Y','N','N','N','N','N','SYSTEM',CURRENT_TIMESTAMP,'SYSTEM',CURRENT_TIMESTAMP);
INSERT INTO menu_role_dtl (role_id_mgno,menu_mgno,role_menu_sn,inq_authrt_yn,reg_authrt_yn,mdfcn_authrt_yn,del_authrt_yn,excn_authrt_yn,del_yn,rgtr_id,reg_dt,mdfr_id,mdfcn_dt) VALUES ('RL00000008','MN06062300',554,'Y','N','N','N','N','N','SYSTEM',CURRENT_TIMESTAMP,'SYSTEM',CURRENT_TIMESTAMP);
INSERT INTO menu_role_dtl (role_id_mgno,menu_mgno,role_menu_sn,inq_authrt_yn,reg_authrt_yn,mdfcn_authrt_yn,del_authrt_yn,excn_authrt_yn,del_yn,rgtr_id,reg_dt,mdfr_id,mdfcn_dt) VALUES ('RL00000008','MN06062400',555,'Y','N','N','N','N','N','SYSTEM',CURRENT_TIMESTAMP,'SYSTEM',CURRENT_TIMESTAMP);
INSERT INTO menu_role_dtl (role_id_mgno,menu_mgno,role_menu_sn,inq_authrt_yn,reg_authrt_yn,mdfcn_authrt_yn,del_authrt_yn,excn_authrt_yn,del_yn,rgtr_id,reg_dt,mdfr_id,mdfcn_dt) VALUES ('RL00000008','MN06062500',556,'Y','N','N','N','N','N','SYSTEM',CURRENT_TIMESTAMP,'SYSTEM',CURRENT_TIMESTAMP);
INSERT INTO menu_role_dtl (role_id_mgno,menu_mgno,role_menu_sn,inq_authrt_yn,reg_authrt_yn,mdfcn_authrt_yn,del_authrt_yn,excn_authrt_yn,del_yn,rgtr_id,reg_dt,mdfr_id,mdfcn_dt) VALUES ('RL00000008','MN06070400',557,'Y','N','N','N','N','N','SYSTEM',CURRENT_TIMESTAMP,'SYSTEM',CURRENT_TIMESTAMP);
INSERT INTO menu_role_dtl (role_id_mgno,menu_mgno,role_menu_sn,inq_authrt_yn,reg_authrt_yn,mdfcn_authrt_yn,del_authrt_yn,excn_authrt_yn,del_yn,rgtr_id,reg_dt,mdfr_id,mdfcn_dt) VALUES ('RL00000008','MN06070500',558,'Y','N','N','N','N','N','SYSTEM',CURRENT_TIMESTAMP,'SYSTEM',CURRENT_TIMESTAMP);
INSERT INTO menu_role_dtl (role_id_mgno,menu_mgno,role_menu_sn,inq_authrt_yn,reg_authrt_yn,mdfcn_authrt_yn,del_authrt_yn,excn_authrt_yn,del_yn,rgtr_id,reg_dt,mdfr_id,mdfcn_dt) VALUES ('RL00000008','MN06070600',559,'Y','N','N','N','N','N','SYSTEM',CURRENT_TIMESTAMP,'SYSTEM',CURRENT_TIMESTAMP);
INSERT INTO menu_role_dtl (role_id_mgno,menu_mgno,role_menu_sn,inq_authrt_yn,reg_authrt_yn,mdfcn_authrt_yn,del_authrt_yn,excn_authrt_yn,del_yn,rgtr_id,reg_dt,mdfr_id,mdfcn_dt) VALUES ('RL00000008','MN08030000',560,'Y','N','N','N','N','N','SYSTEM',CURRENT_TIMESTAMP,'SYSTEM',CURRENT_TIMESTAMP);
INSERT INTO menu_role_dtl (role_id_mgno,menu_mgno,role_menu_sn,inq_authrt_yn,reg_authrt_yn,mdfcn_authrt_yn,del_authrt_yn,excn_authrt_yn,del_yn,rgtr_id,reg_dt,mdfr_id,mdfcn_dt) VALUES ('RL00000008','MN99020000',561,'Y','N','N','N','N','N','SYSTEM',CURRENT_TIMESTAMP,'SYSTEM',CURRENT_TIMESTAMP);
INSERT INTO menu_role_dtl (role_id_mgno,menu_mgno,role_menu_sn,inq_authrt_yn,reg_authrt_yn,mdfcn_authrt_yn,del_authrt_yn,excn_authrt_yn,del_yn,rgtr_id,reg_dt,mdfr_id,mdfcn_dt) VALUES ('RL00000008','MN99030000',562,'Y','N','N','N','N','N','SYSTEM',CURRENT_TIMESTAMP,'SYSTEM',CURRENT_TIMESTAMP);
INSERT INTO menu_role_dtl (role_id_mgno,menu_mgno,role_menu_sn,inq_authrt_yn,reg_authrt_yn,mdfcn_authrt_yn,del_authrt_yn,excn_authrt_yn,del_yn,rgtr_id,reg_dt,mdfr_id,mdfcn_dt) VALUES ('RL00000008','MN99040000',563,'Y','N','N','N','N','N','SYSTEM',CURRENT_TIMESTAMP,'SYSTEM',CURRENT_TIMESTAMP);
INSERT INTO menu_role_dtl (role_id_mgno,menu_mgno,role_menu_sn,inq_authrt_yn,reg_authrt_yn,mdfcn_authrt_yn,del_authrt_yn,excn_authrt_yn,del_yn,rgtr_id,reg_dt,mdfr_id,mdfcn_dt) VALUES ('RL00000008','MN99050000',564,'Y','N','N','N','N','N','SYSTEM',CURRENT_TIMESTAMP,'SYSTEM',CURRENT_TIMESTAMP);
INSERT INTO menu_role_dtl (role_id_mgno,menu_mgno,role_menu_sn,inq_authrt_yn,reg_authrt_yn,mdfcn_authrt_yn,del_authrt_yn,excn_authrt_yn,del_yn,rgtr_id,reg_dt,mdfr_id,mdfcn_dt) VALUES ('RL00000008','MN99060000',565,'Y','N','N','N','N','N','SYSTEM',CURRENT_TIMESTAMP,'SYSTEM',CURRENT_TIMESTAMP);
INSERT INTO menu_role_dtl (role_id_mgno,menu_mgno,role_menu_sn,inq_authrt_yn,reg_authrt_yn,mdfcn_authrt_yn,del_authrt_yn,excn_authrt_yn,del_yn,rgtr_id,reg_dt,mdfr_id,mdfcn_dt) VALUES ('RL00000009','MN01000000',566,'Y','N','N','N','N','N','SYSTEM',CURRENT_TIMESTAMP,'SYSTEM',CURRENT_TIMESTAMP);
INSERT INTO menu_role_dtl (role_id_mgno,menu_mgno,role_menu_sn,inq_authrt_yn,reg_authrt_yn,mdfcn_authrt_yn,del_authrt_yn,excn_authrt_yn,del_yn,rgtr_id,reg_dt,mdfr_id,mdfcn_dt) VALUES ('RL00000009','MN01010000',567,'Y','N','N','N','N','N','SYSTEM',CURRENT_TIMESTAMP,'SYSTEM',CURRENT_TIMESTAMP);
INSERT INTO menu_role_dtl (role_id_mgno,menu_mgno,role_menu_sn,inq_authrt_yn,reg_authrt_yn,mdfcn_authrt_yn,del_authrt_yn,excn_authrt_yn,del_yn,rgtr_id,reg_dt,mdfr_id,mdfcn_dt) VALUES ('RL00000009','MN01030000',568,'Y','N','N','N','N','N','SYSTEM',CURRENT_TIMESTAMP,'SYSTEM',CURRENT_TIMESTAMP);
INSERT INTO menu_role_dtl (role_id_mgno,menu_mgno,role_menu_sn,inq_authrt_yn,reg_authrt_yn,mdfcn_authrt_yn,del_authrt_yn,excn_authrt_yn,del_yn,rgtr_id,reg_dt,mdfr_id,mdfcn_dt) VALUES ('RL00000009','MN01040000',569,'Y','N','N','N','N','N','SYSTEM',CURRENT_TIMESTAMP,'SYSTEM',CURRENT_TIMESTAMP);
INSERT INTO menu_role_dtl (role_id_mgno,menu_mgno,role_menu_sn,inq_authrt_yn,reg_authrt_yn,mdfcn_authrt_yn,del_authrt_yn,excn_authrt_yn,del_yn,rgtr_id,reg_dt,mdfr_id,mdfcn_dt) VALUES ('RL00000009','MN02000000',570,'Y','N','N','N','N','N','SYSTEM',CURRENT_TIMESTAMP,'SYSTEM',CURRENT_TIMESTAMP);
INSERT INTO menu_role_dtl (role_id_mgno,menu_mgno,role_menu_sn,inq_authrt_yn,reg_authrt_yn,mdfcn_authrt_yn,del_authrt_yn,excn_authrt_yn,del_yn,rgtr_id,reg_dt,mdfr_id,mdfcn_dt) VALUES ('RL00000009','MN02010000',571,'Y','N','N','N','N','N','SYSTEM',CURRENT_TIMESTAMP,'SYSTEM',CURRENT_TIMESTAMP);
INSERT INTO menu_role_dtl (role_id_mgno,menu_mgno,role_menu_sn,inq_authrt_yn,reg_authrt_yn,mdfcn_authrt_yn,del_authrt_yn,excn_authrt_yn,del_yn,rgtr_id,reg_dt,mdfr_id,mdfcn_dt) VALUES ('RL00000009','MN02040000',572,'Y','N','N','N','N','N','SYSTEM',CURRENT_TIMESTAMP,'SYSTEM',CURRENT_TIMESTAMP);
INSERT INTO menu_role_dtl (role_id_mgno,menu_mgno,role_menu_sn,inq_authrt_yn,reg_authrt_yn,mdfcn_authrt_yn,del_authrt_yn,excn_authrt_yn,del_yn,rgtr_id,reg_dt,mdfr_id,mdfcn_dt) VALUES ('RL00000009','MN02060000',573,'Y','N','N','N','N','N','SYSTEM',CURRENT_TIMESTAMP,'SYSTEM',CURRENT_TIMESTAMP);
INSERT INTO menu_role_dtl (role_id_mgno,menu_mgno,role_menu_sn,inq_authrt_yn,reg_authrt_yn,mdfcn_authrt_yn,del_authrt_yn,excn_authrt_yn,del_yn,rgtr_id,reg_dt,mdfr_id,mdfcn_dt) VALUES ('RL00000009','MN03000000',574,'Y','N','N','N','N','N','SYSTEM',CURRENT_TIMESTAMP,'SYSTEM',CURRENT_TIMESTAMP);
INSERT INTO menu_role_dtl (role_id_mgno,menu_mgno,role_menu_sn,inq_authrt_yn,reg_authrt_yn,mdfcn_authrt_yn,del_authrt_yn,excn_authrt_yn,del_yn,rgtr_id,reg_dt,mdfr_id,mdfcn_dt) VALUES ('RL00000009','MN03010000',575,'Y','N','N','N','N','N','SYSTEM',CURRENT_TIMESTAMP,'SYSTEM',CURRENT_TIMESTAMP);
INSERT INTO menu_role_dtl (role_id_mgno,menu_mgno,role_menu_sn,inq_authrt_yn,reg_authrt_yn,mdfcn_authrt_yn,del_authrt_yn,excn_authrt_yn,del_yn,rgtr_id,reg_dt,mdfr_id,mdfcn_dt) VALUES ('RL00000009','MN03020000',576,'Y','N','N','N','N','N','SYSTEM',CURRENT_TIMESTAMP,'SYSTEM',CURRENT_TIMESTAMP);
INSERT INTO menu_role_dtl (role_id_mgno,menu_mgno,role_menu_sn,inq_authrt_yn,reg_authrt_yn,mdfcn_authrt_yn,del_authrt_yn,excn_authrt_yn,del_yn,rgtr_id,reg_dt,mdfr_id,mdfcn_dt) VALUES ('RL00000009','MN03030000',577,'Y','N','N','N','N','N','SYSTEM',CURRENT_TIMESTAMP,'SYSTEM',CURRENT_TIMESTAMP);
INSERT INTO menu_role_dtl (role_id_mgno,menu_mgno,role_menu_sn,inq_authrt_yn,reg_authrt_yn,mdfcn_authrt_yn,del_authrt_yn,excn_authrt_yn,del_yn,rgtr_id,reg_dt,mdfr_id,mdfcn_dt) VALUES ('RL00000009','MN03040000',578,'Y','N','N','N','N','N','SYSTEM',CURRENT_TIMESTAMP,'SYSTEM',CURRENT_TIMESTAMP);
INSERT INTO menu_role_dtl (role_id_mgno,menu_mgno,role_menu_sn,inq_authrt_yn,reg_authrt_yn,mdfcn_authrt_yn,del_authrt_yn,excn_authrt_yn,del_yn,rgtr_id,reg_dt,mdfr_id,mdfcn_dt) VALUES ('RL00000009','MN03050000',579,'Y','N','N','N','N','N','SYSTEM',CURRENT_TIMESTAMP,'SYSTEM',CURRENT_TIMESTAMP);
INSERT INTO menu_role_dtl (role_id_mgno,menu_mgno,role_menu_sn,inq_authrt_yn,reg_authrt_yn,mdfcn_authrt_yn,del_authrt_yn,excn_authrt_yn,del_yn,rgtr_id,reg_dt,mdfr_id,mdfcn_dt) VALUES ('RL00000009','MN03060000',580,'Y','N','N','N','N','N','SYSTEM',CURRENT_TIMESTAMP,'SYSTEM',CURRENT_TIMESTAMP);
INSERT INTO menu_role_dtl (role_id_mgno,menu_mgno,role_menu_sn,inq_authrt_yn,reg_authrt_yn,mdfcn_authrt_yn,del_authrt_yn,excn_authrt_yn,del_yn,rgtr_id,reg_dt,mdfr_id,mdfcn_dt) VALUES ('RL00000009','MN03070000',581,'Y','N','N','N','N','N','SYSTEM',CURRENT_TIMESTAMP,'SYSTEM',CURRENT_TIMESTAMP);
INSERT INTO menu_role_dtl (role_id_mgno,menu_mgno,role_menu_sn,inq_authrt_yn,reg_authrt_yn,mdfcn_authrt_yn,del_authrt_yn,excn_authrt_yn,del_yn,rgtr_id,reg_dt,mdfr_id,mdfcn_dt) VALUES ('RL00000009','MN04000000',582,'Y','N','N','N','N','N','SYSTEM',CURRENT_TIMESTAMP,'SYSTEM',CURRENT_TIMESTAMP);
INSERT INTO menu_role_dtl (role_id_mgno,menu_mgno,role_menu_sn,inq_authrt_yn,reg_authrt_yn,mdfcn_authrt_yn,del_authrt_yn,excn_authrt_yn,del_yn,rgtr_id,reg_dt,mdfr_id,mdfcn_dt) VALUES ('RL00000001','MN03060000',18,'Y','N','N','N','N','N','SYSTEM',CURRENT_TIMESTAMP,'SYSTEM',CURRENT_TIMESTAMP);
INSERT INTO menu_role_dtl (role_id_mgno,menu_mgno,role_menu_sn,inq_authrt_yn,reg_authrt_yn,mdfcn_authrt_yn,del_authrt_yn,excn_authrt_yn,del_yn,rgtr_id,reg_dt,mdfr_id,mdfcn_dt) VALUES ('RL00000001','MN04011000',31,'Y','N','N','N','N','N','SYSTEM',CURRENT_TIMESTAMP,'SYSTEM',CURRENT_TIMESTAMP);
INSERT INTO menu_role_dtl (role_id_mgno,menu_mgno,role_menu_sn,inq_authrt_yn,reg_authrt_yn,mdfcn_authrt_yn,del_authrt_yn,excn_authrt_yn,del_yn,rgtr_id,reg_dt,mdfr_id,mdfcn_dt) VALUES ('RL00000001','MN04011100',32,'Y','N','N','N','N','N','SYSTEM',CURRENT_TIMESTAMP,'SYSTEM',CURRENT_TIMESTAMP);
INSERT INTO menu_role_dtl (role_id_mgno,menu_mgno,role_menu_sn,inq_authrt_yn,reg_authrt_yn,mdfcn_authrt_yn,del_authrt_yn,excn_authrt_yn,del_yn,rgtr_id,reg_dt,mdfr_id,mdfcn_dt) VALUES ('RL00000001','MN04011200',33,'Y','N','N','N','N','N','SYSTEM',CURRENT_TIMESTAMP,'SYSTEM',CURRENT_TIMESTAMP);
INSERT INTO menu_role_dtl (role_id_mgno,menu_mgno,role_menu_sn,inq_authrt_yn,reg_authrt_yn,mdfcn_authrt_yn,del_authrt_yn,excn_authrt_yn,del_yn,rgtr_id,reg_dt,mdfr_id,mdfcn_dt) VALUES ('RL00000001','MN04011300',34,'Y','N','N','N','N','N','SYSTEM',CURRENT_TIMESTAMP,'SYSTEM',CURRENT_TIMESTAMP);
INSERT INTO menu_role_dtl (role_id_mgno,menu_mgno,role_menu_sn,inq_authrt_yn,reg_authrt_yn,mdfcn_authrt_yn,del_authrt_yn,excn_authrt_yn,del_yn,rgtr_id,reg_dt,mdfr_id,mdfcn_dt) VALUES ('RL00000001','MN08030000',118,'Y','N','N','N','N','N','SYSTEM',CURRENT_TIMESTAMP,'SYSTEM',CURRENT_TIMESTAMP);
INSERT INTO menu_role_dtl (role_id_mgno,menu_mgno,role_menu_sn,inq_authrt_yn,reg_authrt_yn,mdfcn_authrt_yn,del_authrt_yn,excn_authrt_yn,del_yn,rgtr_id,reg_dt,mdfr_id,mdfcn_dt) VALUES ('RL00000002','MN03060000',143,'Y','N','N','N','N','N','SYSTEM',CURRENT_TIMESTAMP,'SYSTEM',CURRENT_TIMESTAMP);
INSERT INTO menu_role_dtl (role_id_mgno,menu_mgno,role_menu_sn,inq_authrt_yn,reg_authrt_yn,mdfcn_authrt_yn,del_authrt_yn,excn_authrt_yn,del_yn,rgtr_id,reg_dt,mdfr_id,mdfcn_dt) VALUES ('RL00000002','MN04011000',155,'Y','N','N','N','N','N','SYSTEM',CURRENT_TIMESTAMP,'SYSTEM',CURRENT_TIMESTAMP);
INSERT INTO menu_role_dtl (role_id_mgno,menu_mgno,role_menu_sn,inq_authrt_yn,reg_authrt_yn,mdfcn_authrt_yn,del_authrt_yn,excn_authrt_yn,del_yn,rgtr_id,reg_dt,mdfr_id,mdfcn_dt) VALUES ('RL00000002','MN04011100',156,'Y','N','N','N','N','N','SYSTEM',CURRENT_TIMESTAMP,'SYSTEM',CURRENT_TIMESTAMP);
INSERT INTO menu_role_dtl (role_id_mgno,menu_mgno,role_menu_sn,inq_authrt_yn,reg_authrt_yn,mdfcn_authrt_yn,del_authrt_yn,excn_authrt_yn,del_yn,rgtr_id,reg_dt,mdfr_id,mdfcn_dt) VALUES ('RL00000002','MN04011200',157,'Y','N','N','N','N','N','SYSTEM',CURRENT_TIMESTAMP,'SYSTEM',CURRENT_TIMESTAMP);
INSERT INTO menu_role_dtl (role_id_mgno,menu_mgno,role_menu_sn,inq_authrt_yn,reg_authrt_yn,mdfcn_authrt_yn,del_authrt_yn,excn_authrt_yn,del_yn,rgtr_id,reg_dt,mdfr_id,mdfcn_dt) VALUES ('RL00000002','MN04011300',158,'Y','N','N','N','N','N','SYSTEM',CURRENT_TIMESTAMP,'SYSTEM',CURRENT_TIMESTAMP);
INSERT INTO menu_role_dtl (role_id_mgno,menu_mgno,role_menu_sn,inq_authrt_yn,reg_authrt_yn,mdfcn_authrt_yn,del_authrt_yn,excn_authrt_yn,del_yn,rgtr_id,reg_dt,mdfr_id,mdfcn_dt) VALUES ('RL00000002','MN08030000',195,'Y','N','N','N','N','N','SYSTEM',CURRENT_TIMESTAMP,'SYSTEM',CURRENT_TIMESTAMP);
INSERT INTO menu_role_dtl (role_id_mgno,menu_mgno,role_menu_sn,inq_authrt_yn,reg_authrt_yn,mdfcn_authrt_yn,del_authrt_yn,excn_authrt_yn,del_yn,rgtr_id,reg_dt,mdfr_id,mdfcn_dt) VALUES ('RL00000003','MN03060000',220,'Y','N','N','N','N','N','SYSTEM',CURRENT_TIMESTAMP,'SYSTEM',CURRENT_TIMESTAMP);
INSERT INTO menu_role_dtl (role_id_mgno,menu_mgno,role_menu_sn,inq_authrt_yn,reg_authrt_yn,mdfcn_authrt_yn,del_authrt_yn,excn_authrt_yn,del_yn,rgtr_id,reg_dt,mdfr_id,mdfcn_dt) VALUES ('RL00000003','MN04011000',232,'Y','N','N','N','N','N','SYSTEM',CURRENT_TIMESTAMP,'SYSTEM',CURRENT_TIMESTAMP);
INSERT INTO menu_role_dtl (role_id_mgno,menu_mgno,role_menu_sn,inq_authrt_yn,reg_authrt_yn,mdfcn_authrt_yn,del_authrt_yn,excn_authrt_yn,del_yn,rgtr_id,reg_dt,mdfr_id,mdfcn_dt) VALUES ('RL00000003','MN04011100',233,'Y','N','N','N','N','N','SYSTEM',CURRENT_TIMESTAMP,'SYSTEM',CURRENT_TIMESTAMP);
INSERT INTO menu_role_dtl (role_id_mgno,menu_mgno,role_menu_sn,inq_authrt_yn,reg_authrt_yn,mdfcn_authrt_yn,del_authrt_yn,excn_authrt_yn,del_yn,rgtr_id,reg_dt,mdfr_id,mdfcn_dt) VALUES ('RL00000003','MN04011200',234,'Y','N','N','N','N','N','SYSTEM',CURRENT_TIMESTAMP,'SYSTEM',CURRENT_TIMESTAMP);
INSERT INTO menu_role_dtl (role_id_mgno,menu_mgno,role_menu_sn,inq_authrt_yn,reg_authrt_yn,mdfcn_authrt_yn,del_authrt_yn,excn_authrt_yn,del_yn,rgtr_id,reg_dt,mdfr_id,mdfcn_dt) VALUES ('RL00000003','MN04011300',235,'Y','N','N','N','N','N','SYSTEM',CURRENT_TIMESTAMP,'SYSTEM',CURRENT_TIMESTAMP);
INSERT INTO menu_role_dtl (role_id_mgno,menu_mgno,role_menu_sn,inq_authrt_yn,reg_authrt_yn,mdfcn_authrt_yn,del_authrt_yn,excn_authrt_yn,del_yn,rgtr_id,reg_dt,mdfr_id,mdfcn_dt) VALUES ('RL00000003','MN08030000',272,'Y','N','N','N','N','N','SYSTEM',CURRENT_TIMESTAMP,'SYSTEM',CURRENT_TIMESTAMP);
INSERT INTO menu_role_dtl (role_id_mgno,menu_mgno,role_menu_sn,inq_authrt_yn,reg_authrt_yn,mdfcn_authrt_yn,del_authrt_yn,excn_authrt_yn,del_yn,rgtr_id,reg_dt,mdfr_id,mdfcn_dt) VALUES ('RL00000004','MN03060000',295,'Y','N','N','N','N','N','SYSTEM',CURRENT_TIMESTAMP,'SYSTEM',CURRENT_TIMESTAMP);
INSERT INTO menu_role_dtl (role_id_mgno,menu_mgno,role_menu_sn,inq_authrt_yn,reg_authrt_yn,mdfcn_authrt_yn,del_authrt_yn,excn_authrt_yn,del_yn,rgtr_id,reg_dt,mdfr_id,mdfcn_dt) VALUES ('RL00000009','MN04010000',583,'Y','N','N','N','N','N','SYSTEM',CURRENT_TIMESTAMP,'SYSTEM',CURRENT_TIMESTAMP);
INSERT INTO menu_role_dtl (role_id_mgno,menu_mgno,role_menu_sn,inq_authrt_yn,reg_authrt_yn,mdfcn_authrt_yn,del_authrt_yn,excn_authrt_yn,del_yn,rgtr_id,reg_dt,mdfr_id,mdfcn_dt) VALUES ('RL00000009','MN04010100',584,'Y','N','N','N','N','N','SYSTEM',CURRENT_TIMESTAMP,'SYSTEM',CURRENT_TIMESTAMP);
INSERT INTO menu_role_dtl (role_id_mgno,menu_mgno,role_menu_sn,inq_authrt_yn,reg_authrt_yn,mdfcn_authrt_yn,del_authrt_yn,excn_authrt_yn,del_yn,rgtr_id,reg_dt,mdfr_id,mdfcn_dt) VALUES ('RL00000009','MN04010200',585,'Y','N','N','N','N','N','SYSTEM',CURRENT_TIMESTAMP,'SYSTEM',CURRENT_TIMESTAMP);
INSERT INTO menu_role_dtl (role_id_mgno,menu_mgno,role_menu_sn,inq_authrt_yn,reg_authrt_yn,mdfcn_authrt_yn,del_authrt_yn,excn_authrt_yn,del_yn,rgtr_id,reg_dt,mdfr_id,mdfcn_dt) VALUES ('RL00000009','MN04010300',586,'Y','N','N','N','N','N','SYSTEM',CURRENT_TIMESTAMP,'SYSTEM',CURRENT_TIMESTAMP);
INSERT INTO menu_role_dtl (role_id_mgno,menu_mgno,role_menu_sn,inq_authrt_yn,reg_authrt_yn,mdfcn_authrt_yn,del_authrt_yn,excn_authrt_yn,del_yn,rgtr_id,reg_dt,mdfr_id,mdfcn_dt) VALUES ('RL00000009','MN04010400',587,'Y','N','N','N','N','N','SYSTEM',CURRENT_TIMESTAMP,'SYSTEM',CURRENT_TIMESTAMP);
INSERT INTO menu_role_dtl (role_id_mgno,menu_mgno,role_menu_sn,inq_authrt_yn,reg_authrt_yn,mdfcn_authrt_yn,del_authrt_yn,excn_authrt_yn,del_yn,rgtr_id,reg_dt,mdfr_id,mdfcn_dt) VALUES ('RL00000009','MN04010500',588,'Y','N','N','N','N','N','SYSTEM',CURRENT_TIMESTAMP,'SYSTEM',CURRENT_TIMESTAMP);
INSERT INTO menu_role_dtl (role_id_mgno,menu_mgno,role_menu_sn,inq_authrt_yn,reg_authrt_yn,mdfcn_authrt_yn,del_authrt_yn,excn_authrt_yn,del_yn,rgtr_id,reg_dt,mdfr_id,mdfcn_dt) VALUES ('RL00000009','MN04010700',589,'Y','N','N','N','N','N','SYSTEM',CURRENT_TIMESTAMP,'SYSTEM',CURRENT_TIMESTAMP);
INSERT INTO menu_role_dtl (role_id_mgno,menu_mgno,role_menu_sn,inq_authrt_yn,reg_authrt_yn,mdfcn_authrt_yn,del_authrt_yn,excn_authrt_yn,del_yn,rgtr_id,reg_dt,mdfr_id,mdfcn_dt) VALUES ('RL00000009','MN04010800',590,'Y','N','N','N','N','N','SYSTEM',CURRENT_TIMESTAMP,'SYSTEM',CURRENT_TIMESTAMP);
INSERT INTO menu_role_dtl (role_id_mgno,menu_mgno,role_menu_sn,inq_authrt_yn,reg_authrt_yn,mdfcn_authrt_yn,del_authrt_yn,excn_authrt_yn,del_yn,rgtr_id,reg_dt,mdfr_id,mdfcn_dt) VALUES ('RL00000009','MN04010900',591,'Y','N','N','N','N','N','SYSTEM',CURRENT_TIMESTAMP,'SYSTEM',CURRENT_TIMESTAMP);
INSERT INTO menu_role_dtl (role_id_mgno,menu_mgno,role_menu_sn,inq_authrt_yn,reg_authrt_yn,mdfcn_authrt_yn,del_authrt_yn,excn_authrt_yn,del_yn,rgtr_id,reg_dt,mdfr_id,mdfcn_dt) VALUES ('RL00000009','MN04011000',592,'Y','N','N','N','N','N','SYSTEM',CURRENT_TIMESTAMP,'SYSTEM',CURRENT_TIMESTAMP);
INSERT INTO menu_role_dtl (role_id_mgno,menu_mgno,role_menu_sn,inq_authrt_yn,reg_authrt_yn,mdfcn_authrt_yn,del_authrt_yn,excn_authrt_yn,del_yn,rgtr_id,reg_dt,mdfr_id,mdfcn_dt) VALUES ('RL00000009','MN04011100',593,'Y','N','N','N','N','N','SYSTEM',CURRENT_TIMESTAMP,'SYSTEM',CURRENT_TIMESTAMP);
INSERT INTO menu_role_dtl (role_id_mgno,menu_mgno,role_menu_sn,inq_authrt_yn,reg_authrt_yn,mdfcn_authrt_yn,del_authrt_yn,excn_authrt_yn,del_yn,rgtr_id,reg_dt,mdfr_id,mdfcn_dt) VALUES ('RL00000009','MN04011200',594,'Y','N','N','N','N','N','SYSTEM',CURRENT_TIMESTAMP,'SYSTEM',CURRENT_TIMESTAMP);
INSERT INTO menu_role_dtl (role_id_mgno,menu_mgno,role_menu_sn,inq_authrt_yn,reg_authrt_yn,mdfcn_authrt_yn,del_authrt_yn,excn_authrt_yn,del_yn,rgtr_id,reg_dt,mdfr_id,mdfcn_dt) VALUES ('RL00000009','MN04011300',595,'Y','N','N','N','N','N','SYSTEM',CURRENT_TIMESTAMP,'SYSTEM',CURRENT_TIMESTAMP);
INSERT INTO menu_role_dtl (role_id_mgno,menu_mgno,role_menu_sn,inq_authrt_yn,reg_authrt_yn,mdfcn_authrt_yn,del_authrt_yn,excn_authrt_yn,del_yn,rgtr_id,reg_dt,mdfr_id,mdfcn_dt) VALUES ('RL00000009','MN04020000',596,'Y','N','N','N','N','N','SYSTEM',CURRENT_TIMESTAMP,'SYSTEM',CURRENT_TIMESTAMP);
INSERT INTO menu_role_dtl (role_id_mgno,menu_mgno,role_menu_sn,inq_authrt_yn,reg_authrt_yn,mdfcn_authrt_yn,del_authrt_yn,excn_authrt_yn,del_yn,rgtr_id,reg_dt,mdfr_id,mdfcn_dt) VALUES ('RL00000009','MN04020100',597,'Y','N','N','N','N','N','SYSTEM',CURRENT_TIMESTAMP,'SYSTEM',CURRENT_TIMESTAMP);
INSERT INTO menu_role_dtl (role_id_mgno,menu_mgno,role_menu_sn,inq_authrt_yn,reg_authrt_yn,mdfcn_authrt_yn,del_authrt_yn,excn_authrt_yn,del_yn,rgtr_id,reg_dt,mdfr_id,mdfcn_dt) VALUES ('RL00000009','MN04020200',598,'Y','N','N','N','N','N','SYSTEM',CURRENT_TIMESTAMP,'SYSTEM',CURRENT_TIMESTAMP);
INSERT INTO menu_role_dtl (role_id_mgno,menu_mgno,role_menu_sn,inq_authrt_yn,reg_authrt_yn,mdfcn_authrt_yn,del_authrt_yn,excn_authrt_yn,del_yn,rgtr_id,reg_dt,mdfr_id,mdfcn_dt) VALUES ('RL00000009','MN04020300',599,'Y','N','N','N','N','N','SYSTEM',CURRENT_TIMESTAMP,'SYSTEM',CURRENT_TIMESTAMP);
INSERT INTO menu_role_dtl (role_id_mgno,menu_mgno,role_menu_sn,inq_authrt_yn,reg_authrt_yn,mdfcn_authrt_yn,del_authrt_yn,excn_authrt_yn,del_yn,rgtr_id,reg_dt,mdfr_id,mdfcn_dt) VALUES ('RL00000009','MN04020400',600,'Y','N','N','N','N','N','SYSTEM',CURRENT_TIMESTAMP,'SYSTEM',CURRENT_TIMESTAMP);
INSERT INTO menu_role_dtl (role_id_mgno,menu_mgno,role_menu_sn,inq_authrt_yn,reg_authrt_yn,mdfcn_authrt_yn,del_authrt_yn,excn_authrt_yn,del_yn,rgtr_id,reg_dt,mdfr_id,mdfcn_dt) VALUES ('RL00000009','MN04020500',601,'Y','N','N','N','N','N','SYSTEM',CURRENT_TIMESTAMP,'SYSTEM',CURRENT_TIMESTAMP);
INSERT INTO menu_role_dtl (role_id_mgno,menu_mgno,role_menu_sn,inq_authrt_yn,reg_authrt_yn,mdfcn_authrt_yn,del_authrt_yn,excn_authrt_yn,del_yn,rgtr_id,reg_dt,mdfr_id,mdfcn_dt) VALUES ('RL00000009','MN04020600',602,'Y','N','N','N','N','N','SYSTEM',CURRENT_TIMESTAMP,'SYSTEM',CURRENT_TIMESTAMP);
INSERT INTO menu_role_dtl (role_id_mgno,menu_mgno,role_menu_sn,inq_authrt_yn,reg_authrt_yn,mdfcn_authrt_yn,del_authrt_yn,excn_authrt_yn,del_yn,rgtr_id,reg_dt,mdfr_id,mdfcn_dt) VALUES ('RL00000009','MN04020700',603,'Y','N','N','N','N','N','SYSTEM',CURRENT_TIMESTAMP,'SYSTEM',CURRENT_TIMESTAMP);
INSERT INTO menu_role_dtl (role_id_mgno,menu_mgno,role_menu_sn,inq_authrt_yn,reg_authrt_yn,mdfcn_authrt_yn,del_authrt_yn,excn_authrt_yn,del_yn,rgtr_id,reg_dt,mdfr_id,mdfcn_dt) VALUES ('RL00000009','MN06000000',604,'Y','N','N','N','N','N','SYSTEM',CURRENT_TIMESTAMP,'SYSTEM',CURRENT_TIMESTAMP);
INSERT INTO menu_role_dtl (role_id_mgno,menu_mgno,role_menu_sn,inq_authrt_yn,reg_authrt_yn,mdfcn_authrt_yn,del_authrt_yn,excn_authrt_yn,del_yn,rgtr_id,reg_dt,mdfr_id,mdfcn_dt) VALUES ('RL00000009','MN06062200',606,'Y','N','N','N','N','N','SYSTEM',CURRENT_TIMESTAMP,'SYSTEM',CURRENT_TIMESTAMP);
INSERT INTO menu_role_dtl (role_id_mgno,menu_mgno,role_menu_sn,inq_authrt_yn,reg_authrt_yn,mdfcn_authrt_yn,del_authrt_yn,excn_authrt_yn,del_yn,rgtr_id,reg_dt,mdfr_id,mdfcn_dt) VALUES ('RL00000009','MN06062300',607,'Y','N','N','N','N','N','SYSTEM',CURRENT_TIMESTAMP,'SYSTEM',CURRENT_TIMESTAMP);
INSERT INTO menu_role_dtl (role_id_mgno,menu_mgno,role_menu_sn,inq_authrt_yn,reg_authrt_yn,mdfcn_authrt_yn,del_authrt_yn,excn_authrt_yn,del_yn,rgtr_id,reg_dt,mdfr_id,mdfcn_dt) VALUES ('RL00000009','MN06062400',608,'Y','N','N','N','N','N','SYSTEM',CURRENT_TIMESTAMP,'SYSTEM',CURRENT_TIMESTAMP);
INSERT INTO menu_role_dtl (role_id_mgno,menu_mgno,role_menu_sn,inq_authrt_yn,reg_authrt_yn,mdfcn_authrt_yn,del_authrt_yn,excn_authrt_yn,del_yn,rgtr_id,reg_dt,mdfr_id,mdfcn_dt) VALUES ('RL00000009','MN06062500',609,'Y','N','N','N','N','N','SYSTEM',CURRENT_TIMESTAMP,'SYSTEM',CURRENT_TIMESTAMP);
INSERT INTO menu_role_dtl (role_id_mgno,menu_mgno,role_menu_sn,inq_authrt_yn,reg_authrt_yn,mdfcn_authrt_yn,del_authrt_yn,excn_authrt_yn,del_yn,rgtr_id,reg_dt,mdfr_id,mdfcn_dt) VALUES ('RL00000009','MN06070400',610,'Y','N','N','N','N','N','SYSTEM',CURRENT_TIMESTAMP,'SYSTEM',CURRENT_TIMESTAMP);
INSERT INTO menu_role_dtl (role_id_mgno,menu_mgno,role_menu_sn,inq_authrt_yn,reg_authrt_yn,mdfcn_authrt_yn,del_authrt_yn,excn_authrt_yn,del_yn,rgtr_id,reg_dt,mdfr_id,mdfcn_dt) VALUES ('RL00000009','MN06070500',611,'Y','N','N','N','N','N','SYSTEM',CURRENT_TIMESTAMP,'SYSTEM',CURRENT_TIMESTAMP);
INSERT INTO menu_role_dtl (role_id_mgno,menu_mgno,role_menu_sn,inq_authrt_yn,reg_authrt_yn,mdfcn_authrt_yn,del_authrt_yn,excn_authrt_yn,del_yn,rgtr_id,reg_dt,mdfr_id,mdfcn_dt) VALUES ('RL00000009','MN06070600',612,'Y','N','N','N','N','N','SYSTEM',CURRENT_TIMESTAMP,'SYSTEM',CURRENT_TIMESTAMP);
INSERT INTO menu_role_dtl (role_id_mgno,menu_mgno,role_menu_sn,inq_authrt_yn,reg_authrt_yn,mdfcn_authrt_yn,del_authrt_yn,excn_authrt_yn,del_yn,rgtr_id,reg_dt,mdfr_id,mdfcn_dt) VALUES ('RL00000009','MN08000000',613,'Y','N','N','N','N','N','SYSTEM',CURRENT_TIMESTAMP,'SYSTEM',CURRENT_TIMESTAMP);
INSERT INTO menu_role_dtl (role_id_mgno,menu_mgno,role_menu_sn,inq_authrt_yn,reg_authrt_yn,mdfcn_authrt_yn,del_authrt_yn,excn_authrt_yn,del_yn,rgtr_id,reg_dt,mdfr_id,mdfcn_dt) VALUES ('RL00000009','MN08010000',614,'Y','N','N','N','N','N','SYSTEM',CURRENT_TIMESTAMP,'SYSTEM',CURRENT_TIMESTAMP);
INSERT INTO menu_role_dtl (role_id_mgno,menu_mgno,role_menu_sn,inq_authrt_yn,reg_authrt_yn,mdfcn_authrt_yn,del_authrt_yn,excn_authrt_yn,del_yn,rgtr_id,reg_dt,mdfr_id,mdfcn_dt) VALUES ('RL00000009','MN08020000',615,'Y','N','N','N','N','N','SYSTEM',CURRENT_TIMESTAMP,'SYSTEM',CURRENT_TIMESTAMP);
INSERT INTO menu_role_dtl (role_id_mgno,menu_mgno,role_menu_sn,inq_authrt_yn,reg_authrt_yn,mdfcn_authrt_yn,del_authrt_yn,excn_authrt_yn,del_yn,rgtr_id,reg_dt,mdfr_id,mdfcn_dt) VALUES ('RL00000009','MN08030000',616,'Y','N','N','N','N','N','SYSTEM',CURRENT_TIMESTAMP,'SYSTEM',CURRENT_TIMESTAMP);
INSERT INTO menu_role_dtl (role_id_mgno,menu_mgno,role_menu_sn,inq_authrt_yn,reg_authrt_yn,mdfcn_authrt_yn,del_authrt_yn,excn_authrt_yn,del_yn,rgtr_id,reg_dt,mdfr_id,mdfcn_dt) VALUES ('RL00000009','MN08060000',617,'Y','N','N','N','N','N','SYSTEM',CURRENT_TIMESTAMP,'SYSTEM',CURRENT_TIMESTAMP);
INSERT INTO menu_role_dtl (role_id_mgno,menu_mgno,role_menu_sn,inq_authrt_yn,reg_authrt_yn,mdfcn_authrt_yn,del_authrt_yn,excn_authrt_yn,del_yn,rgtr_id,reg_dt,mdfr_id,mdfcn_dt) VALUES ('RL00000009','MN99010000',618,'Y','N','N','N','N','N','SYSTEM',CURRENT_TIMESTAMP,'SYSTEM',CURRENT_TIMESTAMP);
INSERT INTO menu_role_dtl (role_id_mgno,menu_mgno,role_menu_sn,inq_authrt_yn,reg_authrt_yn,mdfcn_authrt_yn,del_authrt_yn,excn_authrt_yn,del_yn,rgtr_id,reg_dt,mdfr_id,mdfcn_dt) VALUES ('RL00000009','MN99020000',619,'Y','N','N','N','N','N','SYSTEM',CURRENT_TIMESTAMP,'SYSTEM',CURRENT_TIMESTAMP);
INSERT INTO menu_role_dtl (role_id_mgno,menu_mgno,role_menu_sn,inq_authrt_yn,reg_authrt_yn,mdfcn_authrt_yn,del_authrt_yn,excn_authrt_yn,del_yn,rgtr_id,reg_dt,mdfr_id,mdfcn_dt) VALUES ('RL00000009','MN99030000',620,'Y','N','N','N','N','N','SYSTEM',CURRENT_TIMESTAMP,'SYSTEM',CURRENT_TIMESTAMP);
INSERT INTO menu_role_dtl (role_id_mgno,menu_mgno,role_menu_sn,inq_authrt_yn,reg_authrt_yn,mdfcn_authrt_yn,del_authrt_yn,excn_authrt_yn,del_yn,rgtr_id,reg_dt,mdfr_id,mdfcn_dt) VALUES ('RL00000009','MN99040000',621,'Y','N','N','N','N','N','SYSTEM',CURRENT_TIMESTAMP,'SYSTEM',CURRENT_TIMESTAMP);
INSERT INTO menu_role_dtl (role_id_mgno,menu_mgno,role_menu_sn,inq_authrt_yn,reg_authrt_yn,mdfcn_authrt_yn,del_authrt_yn,excn_authrt_yn,del_yn,rgtr_id,reg_dt,mdfr_id,mdfcn_dt) VALUES ('RL00000009','MN99050000',622,'Y','N','N','N','N','N','SYSTEM',CURRENT_TIMESTAMP,'SYSTEM',CURRENT_TIMESTAMP);
INSERT INTO menu_role_dtl (role_id_mgno,menu_mgno,role_menu_sn,inq_authrt_yn,reg_authrt_yn,mdfcn_authrt_yn,del_authrt_yn,excn_authrt_yn,del_yn,rgtr_id,reg_dt,mdfr_id,mdfcn_dt) VALUES ('RL00000009','MN99060000',623,'Y','N','N','N','N','N','SYSTEM',CURRENT_TIMESTAMP,'SYSTEM',CURRENT_TIMESTAMP);
INSERT INTO menu_role_dtl (role_id_mgno,menu_mgno,role_menu_sn,inq_authrt_yn,reg_authrt_yn,mdfcn_authrt_yn,del_authrt_yn,excn_authrt_yn,del_yn,rgtr_id,reg_dt,mdfr_id,mdfcn_dt) VALUES ('RL00000010','MN01000000',624,'Y','N','N','N','N','N','SYSTEM',CURRENT_TIMESTAMP,'SYSTEM',CURRENT_TIMESTAMP);
INSERT INTO menu_role_dtl (role_id_mgno,menu_mgno,role_menu_sn,inq_authrt_yn,reg_authrt_yn,mdfcn_authrt_yn,del_authrt_yn,excn_authrt_yn,del_yn,rgtr_id,reg_dt,mdfr_id,mdfcn_dt) VALUES ('RL00000010','MN01010000',625,'Y','N','N','N','N','N','SYSTEM',CURRENT_TIMESTAMP,'SYSTEM',CURRENT_TIMESTAMP);
INSERT INTO menu_role_dtl (role_id_mgno,menu_mgno,role_menu_sn,inq_authrt_yn,reg_authrt_yn,mdfcn_authrt_yn,del_authrt_yn,excn_authrt_yn,del_yn,rgtr_id,reg_dt,mdfr_id,mdfcn_dt) VALUES ('RL00000010','MN01030000',626,'Y','N','N','N','N','N','SYSTEM',CURRENT_TIMESTAMP,'SYSTEM',CURRENT_TIMESTAMP);
INSERT INTO menu_role_dtl (role_id_mgno,menu_mgno,role_menu_sn,inq_authrt_yn,reg_authrt_yn,mdfcn_authrt_yn,del_authrt_yn,excn_authrt_yn,del_yn,rgtr_id,reg_dt,mdfr_id,mdfcn_dt) VALUES ('RL00000010','MN01040000',627,'Y','N','N','N','N','N','SYSTEM',CURRENT_TIMESTAMP,'SYSTEM',CURRENT_TIMESTAMP);
INSERT INTO menu_role_dtl (role_id_mgno,menu_mgno,role_menu_sn,inq_authrt_yn,reg_authrt_yn,mdfcn_authrt_yn,del_authrt_yn,excn_authrt_yn,del_yn,rgtr_id,reg_dt,mdfr_id,mdfcn_dt) VALUES ('RL00000010','MN02000000',628,'Y','N','N','N','N','N','SYSTEM',CURRENT_TIMESTAMP,'SYSTEM',CURRENT_TIMESTAMP);
INSERT INTO menu_role_dtl (role_id_mgno,menu_mgno,role_menu_sn,inq_authrt_yn,reg_authrt_yn,mdfcn_authrt_yn,del_authrt_yn,excn_authrt_yn,del_yn,rgtr_id,reg_dt,mdfr_id,mdfcn_dt) VALUES ('RL00000010','MN02010000',629,'Y','N','N','N','N','N','SYSTEM',CURRENT_TIMESTAMP,'SYSTEM',CURRENT_TIMESTAMP);
INSERT INTO menu_role_dtl (role_id_mgno,menu_mgno,role_menu_sn,inq_authrt_yn,reg_authrt_yn,mdfcn_authrt_yn,del_authrt_yn,excn_authrt_yn,del_yn,rgtr_id,reg_dt,mdfr_id,mdfcn_dt) VALUES ('RL00000010','MN02040000',630,'Y','N','N','N','N','N','SYSTEM',CURRENT_TIMESTAMP,'SYSTEM',CURRENT_TIMESTAMP);
INSERT INTO menu_role_dtl (role_id_mgno,menu_mgno,role_menu_sn,inq_authrt_yn,reg_authrt_yn,mdfcn_authrt_yn,del_authrt_yn,excn_authrt_yn,del_yn,rgtr_id,reg_dt,mdfr_id,mdfcn_dt) VALUES ('RL00000001','MN01030000',4,'Y','N','N','N','N','N','SYSTEM',CURRENT_TIMESTAMP,'SYSTEM',CURRENT_TIMESTAMP);
INSERT INTO menu_role_dtl (role_id_mgno,menu_mgno,role_menu_sn,inq_authrt_yn,reg_authrt_yn,mdfcn_authrt_yn,del_authrt_yn,excn_authrt_yn,del_yn,rgtr_id,reg_dt,mdfr_id,mdfcn_dt) VALUES ('RL00000010','MN02060000',631,'Y','N','N','N','N','N','SYSTEM',CURRENT_TIMESTAMP,'SYSTEM',CURRENT_TIMESTAMP);
INSERT INTO menu_role_dtl (role_id_mgno,menu_mgno,role_menu_sn,inq_authrt_yn,reg_authrt_yn,mdfcn_authrt_yn,del_authrt_yn,excn_authrt_yn,del_yn,rgtr_id,reg_dt,mdfr_id,mdfcn_dt) VALUES ('RL00000010','MN03000000',632,'Y','N','N','N','N','N','SYSTEM',CURRENT_TIMESTAMP,'SYSTEM',CURRENT_TIMESTAMP);
INSERT INTO menu_role_dtl (role_id_mgno,menu_mgno,role_menu_sn,inq_authrt_yn,reg_authrt_yn,mdfcn_authrt_yn,del_authrt_yn,excn_authrt_yn,del_yn,rgtr_id,reg_dt,mdfr_id,mdfcn_dt) VALUES ('RL00000010','MN03010000',633,'Y','N','N','N','N','N','SYSTEM',CURRENT_TIMESTAMP,'SYSTEM',CURRENT_TIMESTAMP);
INSERT INTO menu_role_dtl (role_id_mgno,menu_mgno,role_menu_sn,inq_authrt_yn,reg_authrt_yn,mdfcn_authrt_yn,del_authrt_yn,excn_authrt_yn,del_yn,rgtr_id,reg_dt,mdfr_id,mdfcn_dt) VALUES ('RL00000010','MN03020000',634,'Y','N','N','N','N','N','SYSTEM',CURRENT_TIMESTAMP,'SYSTEM',CURRENT_TIMESTAMP);
INSERT INTO menu_role_dtl (role_id_mgno,menu_mgno,role_menu_sn,inq_authrt_yn,reg_authrt_yn,mdfcn_authrt_yn,del_authrt_yn,excn_authrt_yn,del_yn,rgtr_id,reg_dt,mdfr_id,mdfcn_dt) VALUES ('RL00000010','MN03030000',635,'Y','N','N','N','N','N','SYSTEM',CURRENT_TIMESTAMP,'SYSTEM',CURRENT_TIMESTAMP);
INSERT INTO menu_role_dtl (role_id_mgno,menu_mgno,role_menu_sn,inq_authrt_yn,reg_authrt_yn,mdfcn_authrt_yn,del_authrt_yn,excn_authrt_yn,del_yn,rgtr_id,reg_dt,mdfr_id,mdfcn_dt) VALUES ('RL00000010','MN03040000',636,'Y','N','N','N','N','N','SYSTEM',CURRENT_TIMESTAMP,'SYSTEM',CURRENT_TIMESTAMP);
INSERT INTO menu_role_dtl (role_id_mgno,menu_mgno,role_menu_sn,inq_authrt_yn,reg_authrt_yn,mdfcn_authrt_yn,del_authrt_yn,excn_authrt_yn,del_yn,rgtr_id,reg_dt,mdfr_id,mdfcn_dt) VALUES ('RL00000010','MN03050000',637,'Y','N','N','N','N','N','SYSTEM',CURRENT_TIMESTAMP,'SYSTEM',CURRENT_TIMESTAMP);
INSERT INTO menu_role_dtl (role_id_mgno,menu_mgno,role_menu_sn,inq_authrt_yn,reg_authrt_yn,mdfcn_authrt_yn,del_authrt_yn,excn_authrt_yn,del_yn,rgtr_id,reg_dt,mdfr_id,mdfcn_dt) VALUES ('RL00000010','MN03060000',638,'Y','N','N','N','N','N','SYSTEM',CURRENT_TIMESTAMP,'SYSTEM',CURRENT_TIMESTAMP);
INSERT INTO menu_role_dtl (role_id_mgno,menu_mgno,role_menu_sn,inq_authrt_yn,reg_authrt_yn,mdfcn_authrt_yn,del_authrt_yn,excn_authrt_yn,del_yn,rgtr_id,reg_dt,mdfr_id,mdfcn_dt) VALUES ('RL00000010','MN03070000',639,'Y','N','N','N','N','N','SYSTEM',CURRENT_TIMESTAMP,'SYSTEM',CURRENT_TIMESTAMP);
INSERT INTO menu_role_dtl (role_id_mgno,menu_mgno,role_menu_sn,inq_authrt_yn,reg_authrt_yn,mdfcn_authrt_yn,del_authrt_yn,excn_authrt_yn,del_yn,rgtr_id,reg_dt,mdfr_id,mdfcn_dt) VALUES ('RL00000010','MN04000000',640,'Y','N','N','N','N','N','SYSTEM',CURRENT_TIMESTAMP,'SYSTEM',CURRENT_TIMESTAMP);
INSERT INTO menu_role_dtl (role_id_mgno,menu_mgno,role_menu_sn,inq_authrt_yn,reg_authrt_yn,mdfcn_authrt_yn,del_authrt_yn,excn_authrt_yn,del_yn,rgtr_id,reg_dt,mdfr_id,mdfcn_dt) VALUES ('RL00000010','MN04010000',641,'Y','N','N','N','N','N','SYSTEM',CURRENT_TIMESTAMP,'SYSTEM',CURRENT_TIMESTAMP);
INSERT INTO menu_role_dtl (role_id_mgno,menu_mgno,role_menu_sn,inq_authrt_yn,reg_authrt_yn,mdfcn_authrt_yn,del_authrt_yn,excn_authrt_yn,del_yn,rgtr_id,reg_dt,mdfr_id,mdfcn_dt) VALUES ('RL00000010','MN04010100',642,'Y','N','N','N','N','N','SYSTEM',CURRENT_TIMESTAMP,'SYSTEM',CURRENT_TIMESTAMP);
INSERT INTO menu_role_dtl (role_id_mgno,menu_mgno,role_menu_sn,inq_authrt_yn,reg_authrt_yn,mdfcn_authrt_yn,del_authrt_yn,excn_authrt_yn,del_yn,rgtr_id,reg_dt,mdfr_id,mdfcn_dt) VALUES ('RL00000010','MN04010200',643,'Y','N','N','N','N','N','SYSTEM',CURRENT_TIMESTAMP,'SYSTEM',CURRENT_TIMESTAMP);
INSERT INTO menu_role_dtl (role_id_mgno,menu_mgno,role_menu_sn,inq_authrt_yn,reg_authrt_yn,mdfcn_authrt_yn,del_authrt_yn,excn_authrt_yn,del_yn,rgtr_id,reg_dt,mdfr_id,mdfcn_dt) VALUES ('RL00000010','MN04010300',644,'Y','N','N','N','N','N','SYSTEM',CURRENT_TIMESTAMP,'SYSTEM',CURRENT_TIMESTAMP);
INSERT INTO menu_role_dtl (role_id_mgno,menu_mgno,role_menu_sn,inq_authrt_yn,reg_authrt_yn,mdfcn_authrt_yn,del_authrt_yn,excn_authrt_yn,del_yn,rgtr_id,reg_dt,mdfr_id,mdfcn_dt) VALUES ('RL00000010','MN04010400',645,'Y','N','N','N','N','N','SYSTEM',CURRENT_TIMESTAMP,'SYSTEM',CURRENT_TIMESTAMP);
INSERT INTO menu_role_dtl (role_id_mgno,menu_mgno,role_menu_sn,inq_authrt_yn,reg_authrt_yn,mdfcn_authrt_yn,del_authrt_yn,excn_authrt_yn,del_yn,rgtr_id,reg_dt,mdfr_id,mdfcn_dt) VALUES ('RL00000010','MN04010500',646,'Y','N','N','N','N','N','SYSTEM',CURRENT_TIMESTAMP,'SYSTEM',CURRENT_TIMESTAMP);
INSERT INTO menu_role_dtl (role_id_mgno,menu_mgno,role_menu_sn,inq_authrt_yn,reg_authrt_yn,mdfcn_authrt_yn,del_authrt_yn,excn_authrt_yn,del_yn,rgtr_id,reg_dt,mdfr_id,mdfcn_dt) VALUES ('RL00000010','MN04010700',647,'Y','N','N','N','N','N','SYSTEM',CURRENT_TIMESTAMP,'SYSTEM',CURRENT_TIMESTAMP);
INSERT INTO menu_role_dtl (role_id_mgno,menu_mgno,role_menu_sn,inq_authrt_yn,reg_authrt_yn,mdfcn_authrt_yn,del_authrt_yn,excn_authrt_yn,del_yn,rgtr_id,reg_dt,mdfr_id,mdfcn_dt) VALUES ('RL00000010','MN04010800',648,'Y','N','N','N','N','N','SYSTEM',CURRENT_TIMESTAMP,'SYSTEM',CURRENT_TIMESTAMP);
INSERT INTO menu_role_dtl (role_id_mgno,menu_mgno,role_menu_sn,inq_authrt_yn,reg_authrt_yn,mdfcn_authrt_yn,del_authrt_yn,excn_authrt_yn,del_yn,rgtr_id,reg_dt,mdfr_id,mdfcn_dt) VALUES ('RL00000010','MN04010900',649,'Y','N','N','N','N','N','SYSTEM',CURRENT_TIMESTAMP,'SYSTEM',CURRENT_TIMESTAMP);
INSERT INTO menu_role_dtl (role_id_mgno,menu_mgno,role_menu_sn,inq_authrt_yn,reg_authrt_yn,mdfcn_authrt_yn,del_authrt_yn,excn_authrt_yn,del_yn,rgtr_id,reg_dt,mdfr_id,mdfcn_dt) VALUES ('RL00000010','MN04011000',650,'Y','N','N','N','N','N','SYSTEM',CURRENT_TIMESTAMP,'SYSTEM',CURRENT_TIMESTAMP);
INSERT INTO menu_role_dtl (role_id_mgno,menu_mgno,role_menu_sn,inq_authrt_yn,reg_authrt_yn,mdfcn_authrt_yn,del_authrt_yn,excn_authrt_yn,del_yn,rgtr_id,reg_dt,mdfr_id,mdfcn_dt) VALUES ('RL00000010','MN04011100',651,'Y','N','N','N','N','N','SYSTEM',CURRENT_TIMESTAMP,'SYSTEM',CURRENT_TIMESTAMP);
INSERT INTO menu_role_dtl (role_id_mgno,menu_mgno,role_menu_sn,inq_authrt_yn,reg_authrt_yn,mdfcn_authrt_yn,del_authrt_yn,excn_authrt_yn,del_yn,rgtr_id,reg_dt,mdfr_id,mdfcn_dt) VALUES ('RL00000010','MN04011200',652,'Y','N','N','N','N','N','SYSTEM',CURRENT_TIMESTAMP,'SYSTEM',CURRENT_TIMESTAMP);
INSERT INTO menu_role_dtl (role_id_mgno,menu_mgno,role_menu_sn,inq_authrt_yn,reg_authrt_yn,mdfcn_authrt_yn,del_authrt_yn,excn_authrt_yn,del_yn,rgtr_id,reg_dt,mdfr_id,mdfcn_dt) VALUES ('RL00000010','MN04011300',653,'Y','N','N','N','N','N','SYSTEM',CURRENT_TIMESTAMP,'SYSTEM',CURRENT_TIMESTAMP);
INSERT INTO menu_role_dtl (role_id_mgno,menu_mgno,role_menu_sn,inq_authrt_yn,reg_authrt_yn,mdfcn_authrt_yn,del_authrt_yn,excn_authrt_yn,del_yn,rgtr_id,reg_dt,mdfr_id,mdfcn_dt) VALUES ('RL00000010','MN04020000',654,'Y','N','N','N','N','N','SYSTEM',CURRENT_TIMESTAMP,'SYSTEM',CURRENT_TIMESTAMP);
INSERT INTO menu_role_dtl (role_id_mgno,menu_mgno,role_menu_sn,inq_authrt_yn,reg_authrt_yn,mdfcn_authrt_yn,del_authrt_yn,excn_authrt_yn,del_yn,rgtr_id,reg_dt,mdfr_id,mdfcn_dt) VALUES ('RL00000010','MN04020100',655,'Y','N','N','N','N','N','SYSTEM',CURRENT_TIMESTAMP,'SYSTEM',CURRENT_TIMESTAMP);
INSERT INTO menu_role_dtl (role_id_mgno,menu_mgno,role_menu_sn,inq_authrt_yn,reg_authrt_yn,mdfcn_authrt_yn,del_authrt_yn,excn_authrt_yn,del_yn,rgtr_id,reg_dt,mdfr_id,mdfcn_dt) VALUES ('RL00000010','MN04020200',656,'Y','N','N','N','N','N','SYSTEM',CURRENT_TIMESTAMP,'SYSTEM',CURRENT_TIMESTAMP);
INSERT INTO menu_role_dtl (role_id_mgno,menu_mgno,role_menu_sn,inq_authrt_yn,reg_authrt_yn,mdfcn_authrt_yn,del_authrt_yn,excn_authrt_yn,del_yn,rgtr_id,reg_dt,mdfr_id,mdfcn_dt) VALUES ('RL00000010','MN04020300',657,'Y','N','N','N','N','N','SYSTEM',CURRENT_TIMESTAMP,'SYSTEM',CURRENT_TIMESTAMP);
INSERT INTO menu_role_dtl (role_id_mgno,menu_mgno,role_menu_sn,inq_authrt_yn,reg_authrt_yn,mdfcn_authrt_yn,del_authrt_yn,excn_authrt_yn,del_yn,rgtr_id,reg_dt,mdfr_id,mdfcn_dt) VALUES ('RL00000010','MN04020400',658,'Y','N','N','N','N','N','SYSTEM',CURRENT_TIMESTAMP,'SYSTEM',CURRENT_TIMESTAMP);
INSERT INTO menu_role_dtl (role_id_mgno,menu_mgno,role_menu_sn,inq_authrt_yn,reg_authrt_yn,mdfcn_authrt_yn,del_authrt_yn,excn_authrt_yn,del_yn,rgtr_id,reg_dt,mdfr_id,mdfcn_dt) VALUES ('RL00000010','MN04020500',659,'Y','N','N','N','N','N','SYSTEM',CURRENT_TIMESTAMP,'SYSTEM',CURRENT_TIMESTAMP);
INSERT INTO menu_role_dtl (role_id_mgno,menu_mgno,role_menu_sn,inq_authrt_yn,reg_authrt_yn,mdfcn_authrt_yn,del_authrt_yn,excn_authrt_yn,del_yn,rgtr_id,reg_dt,mdfr_id,mdfcn_dt) VALUES ('RL00000010','MN04020600',660,'Y','N','N','N','N','N','SYSTEM',CURRENT_TIMESTAMP,'SYSTEM',CURRENT_TIMESTAMP);
INSERT INTO menu_role_dtl (role_id_mgno,menu_mgno,role_menu_sn,inq_authrt_yn,reg_authrt_yn,mdfcn_authrt_yn,del_authrt_yn,excn_authrt_yn,del_yn,rgtr_id,reg_dt,mdfr_id,mdfcn_dt) VALUES ('RL00000010','MN04020700',661,'Y','N','N','N','N','N','SYSTEM',CURRENT_TIMESTAMP,'SYSTEM',CURRENT_TIMESTAMP);
INSERT INTO menu_role_dtl (role_id_mgno,menu_mgno,role_menu_sn,inq_authrt_yn,reg_authrt_yn,mdfcn_authrt_yn,del_authrt_yn,excn_authrt_yn,del_yn,rgtr_id,reg_dt,mdfr_id,mdfcn_dt) VALUES ('RL00000010','MN06000000',662,'Y','N','N','N','N','N','SYSTEM',CURRENT_TIMESTAMP,'SYSTEM',CURRENT_TIMESTAMP);
INSERT INTO menu_role_dtl (role_id_mgno,menu_mgno,role_menu_sn,inq_authrt_yn,reg_authrt_yn,mdfcn_authrt_yn,del_authrt_yn,excn_authrt_yn,del_yn,rgtr_id,reg_dt,mdfr_id,mdfcn_dt) VALUES ('RL00000010','MN06062200',664,'Y','N','N','N','N','N','SYSTEM',CURRENT_TIMESTAMP,'SYSTEM',CURRENT_TIMESTAMP);
INSERT INTO menu_role_dtl (role_id_mgno,menu_mgno,role_menu_sn,inq_authrt_yn,reg_authrt_yn,mdfcn_authrt_yn,del_authrt_yn,excn_authrt_yn,del_yn,rgtr_id,reg_dt,mdfr_id,mdfcn_dt) VALUES ('RL00000010','MN06062300',665,'Y','N','N','N','N','N','SYSTEM',CURRENT_TIMESTAMP,'SYSTEM',CURRENT_TIMESTAMP);
INSERT INTO menu_role_dtl (role_id_mgno,menu_mgno,role_menu_sn,inq_authrt_yn,reg_authrt_yn,mdfcn_authrt_yn,del_authrt_yn,excn_authrt_yn,del_yn,rgtr_id,reg_dt,mdfr_id,mdfcn_dt) VALUES ('RL00000010','MN06062400',666,'Y','N','N','N','N','N','SYSTEM',CURRENT_TIMESTAMP,'SYSTEM',CURRENT_TIMESTAMP);
INSERT INTO menu_role_dtl (role_id_mgno,menu_mgno,role_menu_sn,inq_authrt_yn,reg_authrt_yn,mdfcn_authrt_yn,del_authrt_yn,excn_authrt_yn,del_yn,rgtr_id,reg_dt,mdfr_id,mdfcn_dt) VALUES ('RL00000010','MN06062500',667,'Y','N','N','N','N','N','SYSTEM',CURRENT_TIMESTAMP,'SYSTEM',CURRENT_TIMESTAMP);
INSERT INTO menu_role_dtl (role_id_mgno,menu_mgno,role_menu_sn,inq_authrt_yn,reg_authrt_yn,mdfcn_authrt_yn,del_authrt_yn,excn_authrt_yn,del_yn,rgtr_id,reg_dt,mdfr_id,mdfcn_dt) VALUES ('RL00000010','MN06070400',668,'Y','N','N','N','N','N','SYSTEM',CURRENT_TIMESTAMP,'SYSTEM',CURRENT_TIMESTAMP);
INSERT INTO menu_role_dtl (role_id_mgno,menu_mgno,role_menu_sn,inq_authrt_yn,reg_authrt_yn,mdfcn_authrt_yn,del_authrt_yn,excn_authrt_yn,del_yn,rgtr_id,reg_dt,mdfr_id,mdfcn_dt) VALUES ('RL00000010','MN06070500',669,'Y','N','N','N','N','N','SYSTEM',CURRENT_TIMESTAMP,'SYSTEM',CURRENT_TIMESTAMP);
INSERT INTO menu_role_dtl (role_id_mgno,menu_mgno,role_menu_sn,inq_authrt_yn,reg_authrt_yn,mdfcn_authrt_yn,del_authrt_yn,excn_authrt_yn,del_yn,rgtr_id,reg_dt,mdfr_id,mdfcn_dt) VALUES ('RL00000010','MN06070600',670,'Y','N','N','N','N','N','SYSTEM',CURRENT_TIMESTAMP,'SYSTEM',CURRENT_TIMESTAMP);
INSERT INTO menu_role_dtl (role_id_mgno,menu_mgno,role_menu_sn,inq_authrt_yn,reg_authrt_yn,mdfcn_authrt_yn,del_authrt_yn,excn_authrt_yn,del_yn,rgtr_id,reg_dt,mdfr_id,mdfcn_dt) VALUES ('RL00000010','MN08000000',671,'Y','N','N','N','N','N','SYSTEM',CURRENT_TIMESTAMP,'SYSTEM',CURRENT_TIMESTAMP);
INSERT INTO menu_role_dtl (role_id_mgno,menu_mgno,role_menu_sn,inq_authrt_yn,reg_authrt_yn,mdfcn_authrt_yn,del_authrt_yn,excn_authrt_yn,del_yn,rgtr_id,reg_dt,mdfr_id,mdfcn_dt) VALUES ('RL00000010','MN08010000',672,'Y','N','N','N','N','N','SYSTEM',CURRENT_TIMESTAMP,'SYSTEM',CURRENT_TIMESTAMP);
INSERT INTO menu_role_dtl (role_id_mgno,menu_mgno,role_menu_sn,inq_authrt_yn,reg_authrt_yn,mdfcn_authrt_yn,del_authrt_yn,excn_authrt_yn,del_yn,rgtr_id,reg_dt,mdfr_id,mdfcn_dt) VALUES ('RL00000010','MN08020000',673,'Y','N','N','N','N','N','SYSTEM',CURRENT_TIMESTAMP,'SYSTEM',CURRENT_TIMESTAMP);
INSERT INTO menu_role_dtl (role_id_mgno,menu_mgno,role_menu_sn,inq_authrt_yn,reg_authrt_yn,mdfcn_authrt_yn,del_authrt_yn,excn_authrt_yn,del_yn,rgtr_id,reg_dt,mdfr_id,mdfcn_dt) VALUES ('RL00000010','MN08030000',674,'Y','N','N','N','N','N','SYSTEM',CURRENT_TIMESTAMP,'SYSTEM',CURRENT_TIMESTAMP);
INSERT INTO menu_role_dtl (role_id_mgno,menu_mgno,role_menu_sn,inq_authrt_yn,reg_authrt_yn,mdfcn_authrt_yn,del_authrt_yn,excn_authrt_yn,del_yn,rgtr_id,reg_dt,mdfr_id,mdfcn_dt) VALUES ('RL00000010','MN08060000',675,'Y','N','N','N','N','N','SYSTEM',CURRENT_TIMESTAMP,'SYSTEM',CURRENT_TIMESTAMP);
INSERT INTO menu_role_dtl (role_id_mgno,menu_mgno,role_menu_sn,inq_authrt_yn,reg_authrt_yn,mdfcn_authrt_yn,del_authrt_yn,excn_authrt_yn,del_yn,rgtr_id,reg_dt,mdfr_id,mdfcn_dt) VALUES ('RL00000010','MN99010000',676,'Y','N','N','N','N','N','SYSTEM',CURRENT_TIMESTAMP,'SYSTEM',CURRENT_TIMESTAMP);
INSERT INTO menu_role_dtl (role_id_mgno,menu_mgno,role_menu_sn,inq_authrt_yn,reg_authrt_yn,mdfcn_authrt_yn,del_authrt_yn,excn_authrt_yn,del_yn,rgtr_id,reg_dt,mdfr_id,mdfcn_dt) VALUES ('RL00000010','MN99020000',677,'Y','N','N','N','N','N','SYSTEM',CURRENT_TIMESTAMP,'SYSTEM',CURRENT_TIMESTAMP);
INSERT INTO menu_role_dtl (role_id_mgno,menu_mgno,role_menu_sn,inq_authrt_yn,reg_authrt_yn,mdfcn_authrt_yn,del_authrt_yn,excn_authrt_yn,del_yn,rgtr_id,reg_dt,mdfr_id,mdfcn_dt) VALUES ('RL00000010','MN99030000',678,'Y','N','N','N','N','N','SYSTEM',CURRENT_TIMESTAMP,'SYSTEM',CURRENT_TIMESTAMP);
INSERT INTO menu_role_dtl (role_id_mgno,menu_mgno,role_menu_sn,inq_authrt_yn,reg_authrt_yn,mdfcn_authrt_yn,del_authrt_yn,excn_authrt_yn,del_yn,rgtr_id,reg_dt,mdfr_id,mdfcn_dt) VALUES ('RL00000010','MN99040000',679,'Y','N','N','N','N','N','SYSTEM',CURRENT_TIMESTAMP,'SYSTEM',CURRENT_TIMESTAMP);
INSERT INTO menu_role_dtl (role_id_mgno,menu_mgno,role_menu_sn,inq_authrt_yn,reg_authrt_yn,mdfcn_authrt_yn,del_authrt_yn,excn_authrt_yn,del_yn,rgtr_id,reg_dt,mdfr_id,mdfcn_dt) VALUES ('RL00000010','MN99050000',680,'Y','N','N','N','N','N','SYSTEM',CURRENT_TIMESTAMP,'SYSTEM',CURRENT_TIMESTAMP);
INSERT INTO menu_role_dtl (role_id_mgno,menu_mgno,role_menu_sn,inq_authrt_yn,reg_authrt_yn,mdfcn_authrt_yn,del_authrt_yn,excn_authrt_yn,del_yn,rgtr_id,reg_dt,mdfr_id,mdfcn_dt) VALUES ('RL00000010','MN99060000',681,'Y','N','N','N','N','N','SYSTEM',CURRENT_TIMESTAMP,'SYSTEM',CURRENT_TIMESTAMP);
INSERT INTO menu_role_dtl (role_id_mgno,menu_mgno,role_menu_sn,inq_authrt_yn,reg_authrt_yn,mdfcn_authrt_yn,del_authrt_yn,excn_authrt_yn,del_yn,rgtr_id,reg_dt,mdfr_id,mdfcn_dt) VALUES ('RL00000011','MN01030000',682,'Y','N','N','N','N','N','SYSTEM',CURRENT_TIMESTAMP,'SYSTEM',CURRENT_TIMESTAMP);
INSERT INTO menu_role_dtl (role_id_mgno,menu_mgno,role_menu_sn,inq_authrt_yn,reg_authrt_yn,mdfcn_authrt_yn,del_authrt_yn,excn_authrt_yn,del_yn,rgtr_id,reg_dt,mdfr_id,mdfcn_dt) VALUES ('RL00000011','MN01040000',683,'Y','N','N','N','N','N','SYSTEM',CURRENT_TIMESTAMP,'SYSTEM',CURRENT_TIMESTAMP);
INSERT INTO menu_role_dtl (role_id_mgno,menu_mgno,role_menu_sn,inq_authrt_yn,reg_authrt_yn,mdfcn_authrt_yn,del_authrt_yn,excn_authrt_yn,del_yn,rgtr_id,reg_dt,mdfr_id,mdfcn_dt) VALUES ('RL00000011','MN02040000',684,'Y','N','N','N','N','N','SYSTEM',CURRENT_TIMESTAMP,'SYSTEM',CURRENT_TIMESTAMP);
INSERT INTO menu_role_dtl (role_id_mgno,menu_mgno,role_menu_sn,inq_authrt_yn,reg_authrt_yn,mdfcn_authrt_yn,del_authrt_yn,excn_authrt_yn,del_yn,rgtr_id,reg_dt,mdfr_id,mdfcn_dt) VALUES ('RL00000011','MN02050000',685,'Y','N','N','N','N','N','SYSTEM',CURRENT_TIMESTAMP,'SYSTEM',CURRENT_TIMESTAMP);
INSERT INTO menu_role_dtl (role_id_mgno,menu_mgno,role_menu_sn,inq_authrt_yn,reg_authrt_yn,mdfcn_authrt_yn,del_authrt_yn,excn_authrt_yn,del_yn,rgtr_id,reg_dt,mdfr_id,mdfcn_dt) VALUES ('RL00000011','MN02060000',686,'Y','N','N','N','N','N','SYSTEM',CURRENT_TIMESTAMP,'SYSTEM',CURRENT_TIMESTAMP);
INSERT INTO menu_role_dtl (role_id_mgno,menu_mgno,role_menu_sn,inq_authrt_yn,reg_authrt_yn,mdfcn_authrt_yn,del_authrt_yn,excn_authrt_yn,del_yn,rgtr_id,reg_dt,mdfr_id,mdfcn_dt) VALUES ('RL00000011','MN03030000',687,'Y','N','N','N','N','N','SYSTEM',CURRENT_TIMESTAMP,'SYSTEM',CURRENT_TIMESTAMP);
INSERT INTO menu_role_dtl (role_id_mgno,menu_mgno,role_menu_sn,inq_authrt_yn,reg_authrt_yn,mdfcn_authrt_yn,del_authrt_yn,excn_authrt_yn,del_yn,rgtr_id,reg_dt,mdfr_id,mdfcn_dt) VALUES ('RL00000011','MN03040000',688,'Y','N','N','N','N','N','SYSTEM',CURRENT_TIMESTAMP,'SYSTEM',CURRENT_TIMESTAMP);
INSERT INTO menu_role_dtl (role_id_mgno,menu_mgno,role_menu_sn,inq_authrt_yn,reg_authrt_yn,mdfcn_authrt_yn,del_authrt_yn,excn_authrt_yn,del_yn,rgtr_id,reg_dt,mdfr_id,mdfcn_dt) VALUES ('RL00000011','MN03050000',689,'Y','N','N','N','N','N','SYSTEM',CURRENT_TIMESTAMP,'SYSTEM',CURRENT_TIMESTAMP);
INSERT INTO menu_role_dtl (role_id_mgno,menu_mgno,role_menu_sn,inq_authrt_yn,reg_authrt_yn,mdfcn_authrt_yn,del_authrt_yn,excn_authrt_yn,del_yn,rgtr_id,reg_dt,mdfr_id,mdfcn_dt) VALUES ('RL00000011','MN03060000',690,'Y','N','N','N','N','N','SYSTEM',CURRENT_TIMESTAMP,'SYSTEM',CURRENT_TIMESTAMP);
INSERT INTO menu_role_dtl (role_id_mgno,menu_mgno,role_menu_sn,inq_authrt_yn,reg_authrt_yn,mdfcn_authrt_yn,del_authrt_yn,excn_authrt_yn,del_yn,rgtr_id,reg_dt,mdfr_id,mdfcn_dt) VALUES ('RL00000011','MN03070000',691,'Y','N','N','N','N','N','SYSTEM',CURRENT_TIMESTAMP,'SYSTEM',CURRENT_TIMESTAMP);
INSERT INTO menu_role_dtl (role_id_mgno,menu_mgno,role_menu_sn,inq_authrt_yn,reg_authrt_yn,mdfcn_authrt_yn,del_authrt_yn,excn_authrt_yn,del_yn,rgtr_id,reg_dt,mdfr_id,mdfcn_dt) VALUES ('RL00000011','MN04010700',692,'Y','N','N','N','N','N','SYSTEM',CURRENT_TIMESTAMP,'SYSTEM',CURRENT_TIMESTAMP);
INSERT INTO menu_role_dtl (role_id_mgno,menu_mgno,role_menu_sn,inq_authrt_yn,reg_authrt_yn,mdfcn_authrt_yn,del_authrt_yn,excn_authrt_yn,del_yn,rgtr_id,reg_dt,mdfr_id,mdfcn_dt) VALUES ('RL00000011','MN04010800',693,'Y','N','N','N','N','N','SYSTEM',CURRENT_TIMESTAMP,'SYSTEM',CURRENT_TIMESTAMP);
INSERT INTO menu_role_dtl (role_id_mgno,menu_mgno,role_menu_sn,inq_authrt_yn,reg_authrt_yn,mdfcn_authrt_yn,del_authrt_yn,excn_authrt_yn,del_yn,rgtr_id,reg_dt,mdfr_id,mdfcn_dt) VALUES ('RL00000011','MN04010900',694,'Y','N','N','N','N','N','SYSTEM',CURRENT_TIMESTAMP,'SYSTEM',CURRENT_TIMESTAMP);
INSERT INTO menu_role_dtl (role_id_mgno,menu_mgno,role_menu_sn,inq_authrt_yn,reg_authrt_yn,mdfcn_authrt_yn,del_authrt_yn,excn_authrt_yn,del_yn,rgtr_id,reg_dt,mdfr_id,mdfcn_dt) VALUES ('RL00000011','MN04011000',695,'Y','N','N','N','N','N','SYSTEM',CURRENT_TIMESTAMP,'SYSTEM',CURRENT_TIMESTAMP);
INSERT INTO menu_role_dtl (role_id_mgno,menu_mgno,role_menu_sn,inq_authrt_yn,reg_authrt_yn,mdfcn_authrt_yn,del_authrt_yn,excn_authrt_yn,del_yn,rgtr_id,reg_dt,mdfr_id,mdfcn_dt) VALUES ('RL00000011','MN04011100',696,'Y','N','N','N','N','N','SYSTEM',CURRENT_TIMESTAMP,'SYSTEM',CURRENT_TIMESTAMP);
INSERT INTO menu_role_dtl (role_id_mgno,menu_mgno,role_menu_sn,inq_authrt_yn,reg_authrt_yn,mdfcn_authrt_yn,del_authrt_yn,excn_authrt_yn,del_yn,rgtr_id,reg_dt,mdfr_id,mdfcn_dt) VALUES ('RL00000011','MN04011200',697,'Y','N','N','N','N','N','SYSTEM',CURRENT_TIMESTAMP,'SYSTEM',CURRENT_TIMESTAMP);
INSERT INTO menu_role_dtl (role_id_mgno,menu_mgno,role_menu_sn,inq_authrt_yn,reg_authrt_yn,mdfcn_authrt_yn,del_authrt_yn,excn_authrt_yn,del_yn,rgtr_id,reg_dt,mdfr_id,mdfcn_dt) VALUES ('RL00000011','MN04011300',698,'Y','N','N','N','N','N','SYSTEM',CURRENT_TIMESTAMP,'SYSTEM',CURRENT_TIMESTAMP);
INSERT INTO menu_role_dtl (role_id_mgno,menu_mgno,role_menu_sn,inq_authrt_yn,reg_authrt_yn,mdfcn_authrt_yn,del_authrt_yn,excn_authrt_yn,del_yn,rgtr_id,reg_dt,mdfr_id,mdfcn_dt) VALUES ('RL00000011','MN06000000',699,'Y','N','N','N','N','N','SYSTEM',CURRENT_TIMESTAMP,'SYSTEM',CURRENT_TIMESTAMP);
INSERT INTO menu_role_dtl (role_id_mgno,menu_mgno,role_menu_sn,inq_authrt_yn,reg_authrt_yn,mdfcn_authrt_yn,del_authrt_yn,excn_authrt_yn,del_yn,rgtr_id,reg_dt,mdfr_id,mdfcn_dt) VALUES ('RL00000011','MN06010000',700,'Y','N','N','N','N','N','SYSTEM',CURRENT_TIMESTAMP,'SYSTEM',CURRENT_TIMESTAMP);
INSERT INTO menu_role_dtl (role_id_mgno,menu_mgno,role_menu_sn,inq_authrt_yn,reg_authrt_yn,mdfcn_authrt_yn,del_authrt_yn,excn_authrt_yn,del_yn,rgtr_id,reg_dt,mdfr_id,mdfcn_dt) VALUES ('RL00000011','MN06062200',701,'Y','N','N','N','N','N','SYSTEM',CURRENT_TIMESTAMP,'SYSTEM',CURRENT_TIMESTAMP);
INSERT INTO menu_role_dtl (role_id_mgno,menu_mgno,role_menu_sn,inq_authrt_yn,reg_authrt_yn,mdfcn_authrt_yn,del_authrt_yn,excn_authrt_yn,del_yn,rgtr_id,reg_dt,mdfr_id,mdfcn_dt) VALUES ('RL00000011','MN06062300',702,'Y','N','N','N','N','N','SYSTEM',CURRENT_TIMESTAMP,'SYSTEM',CURRENT_TIMESTAMP);
INSERT INTO menu_role_dtl (role_id_mgno,menu_mgno,role_menu_sn,inq_authrt_yn,reg_authrt_yn,mdfcn_authrt_yn,del_authrt_yn,excn_authrt_yn,del_yn,rgtr_id,reg_dt,mdfr_id,mdfcn_dt) VALUES ('RL00000011','MN06062400',703,'Y','N','N','N','N','N','SYSTEM',CURRENT_TIMESTAMP,'SYSTEM',CURRENT_TIMESTAMP);
INSERT INTO menu_role_dtl (role_id_mgno,menu_mgno,role_menu_sn,inq_authrt_yn,reg_authrt_yn,mdfcn_authrt_yn,del_authrt_yn,excn_authrt_yn,del_yn,rgtr_id,reg_dt,mdfr_id,mdfcn_dt) VALUES ('RL00000011','MN06062500',704,'Y','N','N','N','N','N','SYSTEM',CURRENT_TIMESTAMP,'SYSTEM',CURRENT_TIMESTAMP);
INSERT INTO menu_role_dtl (role_id_mgno,menu_mgno,role_menu_sn,inq_authrt_yn,reg_authrt_yn,mdfcn_authrt_yn,del_authrt_yn,excn_authrt_yn,del_yn,rgtr_id,reg_dt,mdfr_id,mdfcn_dt) VALUES ('RL00000011','MN06070400',705,'Y','N','N','N','N','N','SYSTEM',CURRENT_TIMESTAMP,'SYSTEM',CURRENT_TIMESTAMP);
INSERT INTO menu_role_dtl (role_id_mgno,menu_mgno,role_menu_sn,inq_authrt_yn,reg_authrt_yn,mdfcn_authrt_yn,del_authrt_yn,excn_authrt_yn,del_yn,rgtr_id,reg_dt,mdfr_id,mdfcn_dt) VALUES ('RL00000011','MN06070500',706,'Y','N','N','N','N','N','SYSTEM',CURRENT_TIMESTAMP,'SYSTEM',CURRENT_TIMESTAMP);
INSERT INTO menu_role_dtl (role_id_mgno,menu_mgno,role_menu_sn,inq_authrt_yn,reg_authrt_yn,mdfcn_authrt_yn,del_authrt_yn,excn_authrt_yn,del_yn,rgtr_id,reg_dt,mdfr_id,mdfcn_dt) VALUES ('RL00000011','MN06070600',707,'Y','N','N','N','N','N','SYSTEM',CURRENT_TIMESTAMP,'SYSTEM',CURRENT_TIMESTAMP);
INSERT INTO menu_role_dtl (role_id_mgno,menu_mgno,role_menu_sn,inq_authrt_yn,reg_authrt_yn,mdfcn_authrt_yn,del_authrt_yn,excn_authrt_yn,del_yn,rgtr_id,reg_dt,mdfr_id,mdfcn_dt) VALUES ('RL00000011','MN08030000',708,'Y','N','N','N','N','N','SYSTEM',CURRENT_TIMESTAMP,'SYSTEM',CURRENT_TIMESTAMP);
INSERT INTO menu_role_dtl (role_id_mgno,menu_mgno,role_menu_sn,inq_authrt_yn,reg_authrt_yn,mdfcn_authrt_yn,del_authrt_yn,excn_authrt_yn,del_yn,rgtr_id,reg_dt,mdfr_id,mdfcn_dt) VALUES ('RL00000011','MN99020000',709,'Y','N','N','N','N','N','SYSTEM',CURRENT_TIMESTAMP,'SYSTEM',CURRENT_TIMESTAMP);
INSERT INTO menu_role_dtl (role_id_mgno,menu_mgno,role_menu_sn,inq_authrt_yn,reg_authrt_yn,mdfcn_authrt_yn,del_authrt_yn,excn_authrt_yn,del_yn,rgtr_id,reg_dt,mdfr_id,mdfcn_dt) VALUES ('RL00000011','MN99030000',710,'Y','N','N','N','N','N','SYSTEM',CURRENT_TIMESTAMP,'SYSTEM',CURRENT_TIMESTAMP);
INSERT INTO menu_role_dtl (role_id_mgno,menu_mgno,role_menu_sn,inq_authrt_yn,reg_authrt_yn,mdfcn_authrt_yn,del_authrt_yn,excn_authrt_yn,del_yn,rgtr_id,reg_dt,mdfr_id,mdfcn_dt) VALUES ('RL00000011','MN99040000',711,'Y','N','N','N','N','N','SYSTEM',CURRENT_TIMESTAMP,'SYSTEM',CURRENT_TIMESTAMP);
INSERT INTO menu_role_dtl (role_id_mgno,menu_mgno,role_menu_sn,inq_authrt_yn,reg_authrt_yn,mdfcn_authrt_yn,del_authrt_yn,excn_authrt_yn,del_yn,rgtr_id,reg_dt,mdfr_id,mdfcn_dt) VALUES ('RL00000011','MN99050000',712,'Y','N','N','N','N','N','SYSTEM',CURRENT_TIMESTAMP,'SYSTEM',CURRENT_TIMESTAMP);
INSERT INTO menu_role_dtl (role_id_mgno,menu_mgno,role_menu_sn,inq_authrt_yn,reg_authrt_yn,mdfcn_authrt_yn,del_authrt_yn,excn_authrt_yn,del_yn,rgtr_id,reg_dt,mdfr_id,mdfcn_dt) VALUES ('RL00000011','MN99060000',713,'Y','N','N','N','N','N','SYSTEM',CURRENT_TIMESTAMP,'SYSTEM',CURRENT_TIMESTAMP);
INSERT INTO menu_role_dtl (role_id_mgno,menu_mgno,role_menu_sn,inq_authrt_yn,reg_authrt_yn,mdfcn_authrt_yn,del_authrt_yn,excn_authrt_yn,del_yn,rgtr_id,reg_dt,mdfr_id,mdfcn_dt) VALUES ('RL00000001','MN01040000',5,'Y','N','N','N','N','N','SYSTEM',CURRENT_TIMESTAMP,'SYSTEM',CURRENT_TIMESTAMP);
INSERT INTO menu_role_dtl (role_id_mgno,menu_mgno,role_menu_sn,inq_authrt_yn,reg_authrt_yn,mdfcn_authrt_yn,del_authrt_yn,excn_authrt_yn,del_yn,rgtr_id,reg_dt,mdfr_id,mdfcn_dt) VALUES ('RL00000001','MN02010000',7,'Y','N','N','N','N','N','SYSTEM',CURRENT_TIMESTAMP,'SYSTEM',CURRENT_TIMESTAMP);
INSERT INTO menu_role_dtl (role_id_mgno,menu_mgno,role_menu_sn,inq_authrt_yn,reg_authrt_yn,mdfcn_authrt_yn,del_authrt_yn,excn_authrt_yn,del_yn,rgtr_id,reg_dt,mdfr_id,mdfcn_dt) VALUES ('RL00000001','MN02030000',8,'Y','N','N','N','N','N','SYSTEM',CURRENT_TIMESTAMP,'SYSTEM',CURRENT_TIMESTAMP);
INSERT INTO menu_role_dtl (role_id_mgno,menu_mgno,role_menu_sn,inq_authrt_yn,reg_authrt_yn,mdfcn_authrt_yn,del_authrt_yn,excn_authrt_yn,del_yn,rgtr_id,reg_dt,mdfr_id,mdfcn_dt) VALUES ('RL00000001','MN02050000',10,'Y','N','N','N','N','N','SYSTEM',CURRENT_TIMESTAMP,'SYSTEM',CURRENT_TIMESTAMP);
INSERT INTO menu_role_dtl (role_id_mgno,menu_mgno,role_menu_sn,inq_authrt_yn,reg_authrt_yn,mdfcn_authrt_yn,del_authrt_yn,excn_authrt_yn,del_yn,rgtr_id,reg_dt,mdfr_id,mdfcn_dt) VALUES ('RL00000001','MN02060000',11,'Y','N','N','N','N','N','SYSTEM',CURRENT_TIMESTAMP,'SYSTEM',CURRENT_TIMESTAMP);
INSERT INTO menu_role_dtl (role_id_mgno,menu_mgno,role_menu_sn,inq_authrt_yn,reg_authrt_yn,mdfcn_authrt_yn,del_authrt_yn,excn_authrt_yn,del_yn,rgtr_id,reg_dt,mdfr_id,mdfcn_dt) VALUES ('RL00000001','MN03000000',12,'Y','N','N','N','N','N','SYSTEM',CURRENT_TIMESTAMP,'SYSTEM',CURRENT_TIMESTAMP);
INSERT INTO menu_role_dtl (role_id_mgno,menu_mgno,role_menu_sn,inq_authrt_yn,reg_authrt_yn,mdfcn_authrt_yn,del_authrt_yn,excn_authrt_yn,del_yn,rgtr_id,reg_dt,mdfr_id,mdfcn_dt) VALUES ('RL00000001','MN03010000',13,'Y','N','N','N','N','N','SYSTEM',CURRENT_TIMESTAMP,'SYSTEM',CURRENT_TIMESTAMP);
INSERT INTO menu_role_dtl (role_id_mgno,menu_mgno,role_menu_sn,inq_authrt_yn,reg_authrt_yn,mdfcn_authrt_yn,del_authrt_yn,excn_authrt_yn,del_yn,rgtr_id,reg_dt,mdfr_id,mdfcn_dt) VALUES ('RL00000001','MN03020000',14,'Y','N','N','N','N','N','SYSTEM',CURRENT_TIMESTAMP,'SYSTEM',CURRENT_TIMESTAMP);
INSERT INTO menu_role_dtl (role_id_mgno,menu_mgno,role_menu_sn,inq_authrt_yn,reg_authrt_yn,mdfcn_authrt_yn,del_authrt_yn,excn_authrt_yn,del_yn,rgtr_id,reg_dt,mdfr_id,mdfcn_dt) VALUES ('RL00000001','MN03070000',19,'Y','N','N','N','N','N','SYSTEM',CURRENT_TIMESTAMP,'SYSTEM',CURRENT_TIMESTAMP);
INSERT INTO menu_role_dtl (role_id_mgno,menu_mgno,role_menu_sn,inq_authrt_yn,reg_authrt_yn,mdfcn_authrt_yn,del_authrt_yn,excn_authrt_yn,del_yn,rgtr_id,reg_dt,mdfr_id,mdfcn_dt) VALUES ('RL00000001','MN04000000',20,'Y','N','N','N','N','N','SYSTEM',CURRENT_TIMESTAMP,'SYSTEM',CURRENT_TIMESTAMP);
INSERT INTO menu_role_dtl (role_id_mgno,menu_mgno,role_menu_sn,inq_authrt_yn,reg_authrt_yn,mdfcn_authrt_yn,del_authrt_yn,excn_authrt_yn,del_yn,rgtr_id,reg_dt,mdfr_id,mdfcn_dt) VALUES ('RL00000001','MN04010000',21,'Y','N','N','N','N','N','SYSTEM',CURRENT_TIMESTAMP,'SYSTEM',CURRENT_TIMESTAMP);
INSERT INTO menu_role_dtl (role_id_mgno,menu_mgno,role_menu_sn,inq_authrt_yn,reg_authrt_yn,mdfcn_authrt_yn,del_authrt_yn,excn_authrt_yn,del_yn,rgtr_id,reg_dt,mdfr_id,mdfcn_dt) VALUES ('RL00000001','MN04010100',22,'Y','N','N','N','N','N','SYSTEM',CURRENT_TIMESTAMP,'SYSTEM',CURRENT_TIMESTAMP);
INSERT INTO menu_role_dtl (role_id_mgno,menu_mgno,role_menu_sn,inq_authrt_yn,reg_authrt_yn,mdfcn_authrt_yn,del_authrt_yn,excn_authrt_yn,del_yn,rgtr_id,reg_dt,mdfr_id,mdfcn_dt) VALUES ('RL00000001','MN04010200',23,'Y','N','N','N','N','N','SYSTEM',CURRENT_TIMESTAMP,'SYSTEM',CURRENT_TIMESTAMP);
INSERT INTO menu_role_dtl (role_id_mgno,menu_mgno,role_menu_sn,inq_authrt_yn,reg_authrt_yn,mdfcn_authrt_yn,del_authrt_yn,excn_authrt_yn,del_yn,rgtr_id,reg_dt,mdfr_id,mdfcn_dt) VALUES ('RL00000001','MN04010300',24,'Y','N','N','N','N','N','SYSTEM',CURRENT_TIMESTAMP,'SYSTEM',CURRENT_TIMESTAMP);
INSERT INTO menu_role_dtl (role_id_mgno,menu_mgno,role_menu_sn,inq_authrt_yn,reg_authrt_yn,mdfcn_authrt_yn,del_authrt_yn,excn_authrt_yn,del_yn,rgtr_id,reg_dt,mdfr_id,mdfcn_dt) VALUES ('RL00000001','MN04010400',25,'Y','N','N','N','N','N','SYSTEM',CURRENT_TIMESTAMP,'SYSTEM',CURRENT_TIMESTAMP);
INSERT INTO menu_role_dtl (role_id_mgno,menu_mgno,role_menu_sn,inq_authrt_yn,reg_authrt_yn,mdfcn_authrt_yn,del_authrt_yn,excn_authrt_yn,del_yn,rgtr_id,reg_dt,mdfr_id,mdfcn_dt) VALUES ('RL00000001','MN04010500',26,'Y','N','N','N','N','N','SYSTEM',CURRENT_TIMESTAMP,'SYSTEM',CURRENT_TIMESTAMP);
INSERT INTO menu_role_dtl (role_id_mgno,menu_mgno,role_menu_sn,inq_authrt_yn,reg_authrt_yn,mdfcn_authrt_yn,del_authrt_yn,excn_authrt_yn,del_yn,rgtr_id,reg_dt,mdfr_id,mdfcn_dt) VALUES ('RL00000001','MN04020000',35,'Y','N','N','N','N','N','SYSTEM',CURRENT_TIMESTAMP,'SYSTEM',CURRENT_TIMESTAMP);
INSERT INTO menu_role_dtl (role_id_mgno,menu_mgno,role_menu_sn,inq_authrt_yn,reg_authrt_yn,mdfcn_authrt_yn,del_authrt_yn,excn_authrt_yn,del_yn,rgtr_id,reg_dt,mdfr_id,mdfcn_dt) VALUES ('RL00000001','MN04020100',36,'Y','N','N','N','N','N','SYSTEM',CURRENT_TIMESTAMP,'SYSTEM',CURRENT_TIMESTAMP);
INSERT INTO menu_role_dtl (role_id_mgno,menu_mgno,role_menu_sn,inq_authrt_yn,reg_authrt_yn,mdfcn_authrt_yn,del_authrt_yn,excn_authrt_yn,del_yn,rgtr_id,reg_dt,mdfr_id,mdfcn_dt) VALUES ('RL00000001','MN04020200',37,'Y','N','N','N','N','N','SYSTEM',CURRENT_TIMESTAMP,'SYSTEM',CURRENT_TIMESTAMP);
INSERT INTO menu_role_dtl (role_id_mgno,menu_mgno,role_menu_sn,inq_authrt_yn,reg_authrt_yn,mdfcn_authrt_yn,del_authrt_yn,excn_authrt_yn,del_yn,rgtr_id,reg_dt,mdfr_id,mdfcn_dt) VALUES ('RL00000001','MN04020300',38,'Y','N','N','N','N','N','SYSTEM',CURRENT_TIMESTAMP,'SYSTEM',CURRENT_TIMESTAMP);
INSERT INTO menu_role_dtl (role_id_mgno,menu_mgno,role_menu_sn,inq_authrt_yn,reg_authrt_yn,mdfcn_authrt_yn,del_authrt_yn,excn_authrt_yn,del_yn,rgtr_id,reg_dt,mdfr_id,mdfcn_dt) VALUES ('RL00000001','MN04020400',39,'Y','N','N','N','N','N','SYSTEM',CURRENT_TIMESTAMP,'SYSTEM',CURRENT_TIMESTAMP);
/* 708 */

/* com_biz_fld_bsc */
INSERT INTO com_biz_fld_bsc (biz_fld_cd_mgno,biz_fld_eng_nm,biz_fld_korn_nm,biz_fld_cn,sort_seqo,use_yn,del_yn,rgtr_id,reg_dt,mdfr_id,mdfcn_dt) VALUES ('10','','연료로부터의 탈루배출','연료로부터의 탈루배출',10,'Y','N','SYSTEM',CURRENT_TIMESTAMP,'SYSTEM',CURRENT_TIMESTAMP);
INSERT INTO com_biz_fld_bsc (biz_fld_cd_mgno,biz_fld_eng_nm,biz_fld_korn_nm,biz_fld_cn,sort_seqo,use_yn,del_yn,rgtr_id,reg_dt,mdfr_id,mdfcn_dt) VALUES ('11','','할로겐화탄소, 육불화항 생산 및 소비로부터의 탈루배출','할로겐화탄소, 육불화항 생산 및 소비로부터의 탈루배출',11,'Y','N','SYSTEM',CURRENT_TIMESTAMP,'SYSTEM',CURRENT_TIMESTAMP);
INSERT INTO com_biz_fld_bsc (biz_fld_cd_mgno,biz_fld_eng_nm,biz_fld_korn_nm,biz_fld_cn,sort_seqo,use_yn,del_yn,rgtr_id,reg_dt,mdfr_id,mdfcn_dt) VALUES ('12','','용제사용','용제사용',12,'Y','N','SYSTEM',CURRENT_TIMESTAMP,'SYSTEM',CURRENT_TIMESTAMP);
INSERT INTO com_biz_fld_bsc (biz_fld_cd_mgno,biz_fld_eng_nm,biz_fld_korn_nm,biz_fld_cn,sort_seqo,use_yn,del_yn,rgtr_id,reg_dt,mdfr_id,mdfcn_dt) VALUES ('13','','폐기물 취급 및 처리','폐기물 취급 및 처리',13,'Y','N','SYSTEM',CURRENT_TIMESTAMP,'SYSTEM',CURRENT_TIMESTAMP);
INSERT INTO com_biz_fld_bsc (biz_fld_cd_mgno,biz_fld_eng_nm,biz_fld_korn_nm,biz_fld_cn,sort_seqo,use_yn,del_yn,rgtr_id,reg_dt,mdfr_id,mdfcn_dt) VALUES ('15','','농업','농업',15,'Y','N','SYSTEM',CURRENT_TIMESTAMP,'SYSTEM',CURRENT_TIMESTAMP);
INSERT INTO com_biz_fld_bsc (biz_fld_cd_mgno,biz_fld_eng_nm,biz_fld_korn_nm,biz_fld_cn,sort_seqo,use_yn,del_yn,rgtr_id,reg_dt,mdfr_id,mdfcn_dt) VALUES ('16','','이산화탄소 포집 및 저장 또는 재이용','이산화탄소 포집 및 저장 또는 재이용',16,'Y','N','SYSTEM',CURRENT_TIMESTAMP,'SYSTEM',CURRENT_TIMESTAMP);
INSERT INTO com_biz_fld_bsc (biz_fld_cd_mgno,biz_fld_eng_nm,biz_fld_korn_nm,biz_fld_cn,sort_seqo,use_yn,del_yn,rgtr_id,reg_dt,mdfr_id,mdfcn_dt) VALUES ('14','','흡수원','흡수원',14,'Y','N','SYSTEM',CURRENT_TIMESTAMP,'SYSTEM',CURRENT_TIMESTAMP);
INSERT INTO com_biz_fld_bsc (biz_fld_cd_mgno,biz_fld_eng_nm,biz_fld_korn_nm,biz_fld_cn,sort_seqo,use_yn,del_yn,rgtr_id,reg_dt,mdfr_id,mdfcn_dt) VALUES ('2','','에너지 공급','에너지 공급',2,'Y','N','SYSTEM',CURRENT_TIMESTAMP,'SYSTEM',CURRENT_TIMESTAMP);
INSERT INTO com_biz_fld_bsc (biz_fld_cd_mgno,biz_fld_eng_nm,biz_fld_korn_nm,biz_fld_cn,sort_seqo,use_yn,del_yn,rgtr_id,reg_dt,mdfr_id,mdfcn_dt) VALUES ('3','','에너지 수요','에너지 수요',3,'Y','N','SYSTEM',CURRENT_TIMESTAMP,'SYSTEM',CURRENT_TIMESTAMP);
INSERT INTO com_biz_fld_bsc (biz_fld_cd_mgno,biz_fld_eng_nm,biz_fld_korn_nm,biz_fld_cn,sort_seqo,use_yn,del_yn,rgtr_id,reg_dt,mdfr_id,mdfcn_dt) VALUES ('4','','제조업','제조업',4,'Y','N','SYSTEM',CURRENT_TIMESTAMP,'SYSTEM',CURRENT_TIMESTAMP);
INSERT INTO com_biz_fld_bsc (biz_fld_cd_mgno,biz_fld_eng_nm,biz_fld_korn_nm,biz_fld_cn,sort_seqo,use_yn,del_yn,rgtr_id,reg_dt,mdfr_id,mdfcn_dt) VALUES ('5','','화학산업','화학산업',5,'Y','N','SYSTEM',CURRENT_TIMESTAMP,'SYSTEM',CURRENT_TIMESTAMP);
INSERT INTO com_biz_fld_bsc (biz_fld_cd_mgno,biz_fld_eng_nm,biz_fld_korn_nm,biz_fld_cn,sort_seqo,use_yn,del_yn,rgtr_id,reg_dt,mdfr_id,mdfcn_dt) VALUES ('6','','건설','건설',6,'Y','N','SYSTEM',CURRENT_TIMESTAMP,'SYSTEM',CURRENT_TIMESTAMP);
INSERT INTO com_biz_fld_bsc (biz_fld_cd_mgno,biz_fld_eng_nm,biz_fld_korn_nm,biz_fld_cn,sort_seqo,use_yn,del_yn,rgtr_id,reg_dt,mdfr_id,mdfcn_dt) VALUES ('7','','수송','수송',7,'Y','N','SYSTEM',CURRENT_TIMESTAMP,'SYSTEM',CURRENT_TIMESTAMP);
INSERT INTO com_biz_fld_bsc (biz_fld_cd_mgno,biz_fld_eng_nm,biz_fld_korn_nm,biz_fld_cn,sort_seqo,use_yn,del_yn,rgtr_id,reg_dt,mdfr_id,mdfcn_dt) VALUES ('8','','광업/광물','광업/광물',8,'Y','N','SYSTEM',CURRENT_TIMESTAMP,'SYSTEM',CURRENT_TIMESTAMP);
INSERT INTO com_biz_fld_bsc (biz_fld_cd_mgno,biz_fld_eng_nm,biz_fld_korn_nm,biz_fld_cn,sort_seqo,use_yn,del_yn,rgtr_id,reg_dt,mdfr_id,mdfcn_dt) VALUES ('9','','금속산업','금속산업',9,'Y','N','SYSTEM',CURRENT_TIMESTAMP,'SYSTEM',CURRENT_TIMESTAMP);
INSERT INTO com_biz_fld_bsc (biz_fld_cd_mgno,biz_fld_eng_nm,biz_fld_korn_nm,biz_fld_cn,sort_seqo,use_yn,del_yn,rgtr_id,reg_dt,mdfr_id,mdfcn_dt) VALUES ('1',NULL,'에너지 산업',NULL,1,'Y','N','SYSTEM',CURRENT_TIMESTAMP,'SYSTEM',CURRENT_TIMESTAMP);
/* 19 */

/* com_biz_fld_dtl */
INSERT INTO com_biz_fld_dtl (biz_fld_dtl_cd_mgno,biz_fld_cd_mgno,biz_dtl_fld_eng_nm,biz_dtl_fld_korn_nm,biz_dtl_fld_cn,sort_seqo,use_yn,del_yn,rgtr_id,reg_dt,mdfr_id,mdfcn_dt,cmptnc_inst_no) VALUES ('3-A','3','','에너지 수요','에너지 수요',1,'Y','N','SYSTEM',CURRENT_TIMESTAMP,'SYSTEM',CURRENT_TIMESTAMP,NULL);
INSERT INTO com_biz_fld_dtl (biz_fld_dtl_cd_mgno,biz_fld_cd_mgno,biz_dtl_fld_eng_nm,biz_dtl_fld_korn_nm,biz_dtl_fld_cn,sort_seqo,use_yn,del_yn,rgtr_id,reg_dt,mdfr_id,mdfcn_dt,cmptnc_inst_no) VALUES ('14-B','14','','산림','산림',2,'Y','N','SYSTEM',CURRENT_TIMESTAMP,'SYSTEM',CURRENT_TIMESTAMP,NULL);
INSERT INTO com_biz_fld_dtl (biz_fld_dtl_cd_mgno,biz_fld_cd_mgno,biz_dtl_fld_eng_nm,biz_dtl_fld_korn_nm,biz_dtl_fld_cn,sort_seqo,use_yn,del_yn,rgtr_id,reg_dt,mdfr_id,mdfcn_dt,cmptnc_inst_no) VALUES ('14-A','14','','조림 및 재조림','조림 및 재조림',1,'Y','N','SYSTEM',CURRENT_TIMESTAMP,'SYSTEM',CURRENT_TIMESTAMP,NULL);
INSERT INTO com_biz_fld_dtl (biz_fld_dtl_cd_mgno,biz_fld_cd_mgno,biz_dtl_fld_eng_nm,biz_dtl_fld_korn_nm,biz_dtl_fld_cn,sort_seqo,use_yn,del_yn,rgtr_id,reg_dt,mdfr_id,mdfcn_dt,cmptnc_inst_no) VALUES ('14-C','14','','해양','해양',3,'Y','N','SYSTEM',CURRENT_TIMESTAMP,'SYSTEM',CURRENT_TIMESTAMP,NULL);
INSERT INTO com_biz_fld_dtl (biz_fld_dtl_cd_mgno,biz_fld_cd_mgno,biz_dtl_fld_eng_nm,biz_dtl_fld_korn_nm,biz_dtl_fld_cn,sort_seqo,use_yn,del_yn,rgtr_id,reg_dt,mdfr_id,mdfcn_dt,cmptnc_inst_no) VALUES ('1-A','1','','열에너지 생산','열에너지 생산',1,'Y','N','SYSTEM',CURRENT_TIMESTAMP,'SYSTEM',CURRENT_TIMESTAMP,NULL);
INSERT INTO com_biz_fld_dtl (biz_fld_dtl_cd_mgno,biz_fld_cd_mgno,biz_dtl_fld_eng_nm,biz_dtl_fld_korn_nm,biz_dtl_fld_cn,sort_seqo,use_yn,del_yn,rgtr_id,reg_dt,mdfr_id,mdfcn_dt,cmptnc_inst_no) VALUES ('1-B','1','','신재생에너지로부터의 에너지 생산','신재생에너지로부터의 에너지 생산',2,'Y','N','SYSTEM',CURRENT_TIMESTAMP,'SYSTEM',CURRENT_TIMESTAMP,NULL);
INSERT INTO com_biz_fld_dtl (biz_fld_dtl_cd_mgno,biz_fld_cd_mgno,biz_dtl_fld_eng_nm,biz_dtl_fld_korn_nm,biz_dtl_fld_cn,sort_seqo,use_yn,del_yn,rgtr_id,reg_dt,mdfr_id,mdfcn_dt,cmptnc_inst_no) VALUES ('1-C','1','','기타','기타',3,'Y','N','SYSTEM',CURRENT_TIMESTAMP,'SYSTEM',CURRENT_TIMESTAMP,NULL);
INSERT INTO com_biz_fld_dtl (biz_fld_dtl_cd_mgno,biz_fld_cd_mgno,biz_dtl_fld_eng_nm,biz_dtl_fld_korn_nm,biz_dtl_fld_cn,sort_seqo,use_yn,del_yn,rgtr_id,reg_dt,mdfr_id,mdfcn_dt,cmptnc_inst_no) VALUES ('10-A','10','','10-B를 제외한 광업/광물 공정에서의 탈루 배출','10-B를 제외한 광업/광물 공정에서의 탈루 배출',1,'Y','N','SYSTEM',CURRENT_TIMESTAMP,'SYSTEM',CURRENT_TIMESTAMP,NULL);
INSERT INTO com_biz_fld_dtl (biz_fld_dtl_cd_mgno,biz_fld_cd_mgno,biz_dtl_fld_eng_nm,biz_dtl_fld_korn_nm,biz_dtl_fld_cn,sort_seqo,use_yn,del_yn,rgtr_id,reg_dt,mdfr_id,mdfcn_dt,cmptnc_inst_no) VALUES ('11-A','11','','화학공정 산업','화학공정 산업',1,'Y','N','SYSTEM',CURRENT_TIMESTAMP,'SYSTEM',CURRENT_TIMESTAMP,NULL);
INSERT INTO com_biz_fld_dtl (biz_fld_dtl_cd_mgno,biz_fld_cd_mgno,biz_dtl_fld_eng_nm,biz_dtl_fld_korn_nm,biz_dtl_fld_cn,sort_seqo,use_yn,del_yn,rgtr_id,reg_dt,mdfr_id,mdfcn_dt,cmptnc_inst_no) VALUES ('13-A','13','','폐기물 취급 및 처리','폐기물 취급 및 처리',1,'Y','N','SYSTEM',CURRENT_TIMESTAMP,'SYSTEM',CURRENT_TIMESTAMP,NULL);
INSERT INTO com_biz_fld_dtl (biz_fld_dtl_cd_mgno,biz_fld_cd_mgno,biz_dtl_fld_eng_nm,biz_dtl_fld_korn_nm,biz_dtl_fld_cn,sort_seqo,use_yn,del_yn,rgtr_id,reg_dt,mdfr_id,mdfcn_dt,cmptnc_inst_no) VALUES ('15-A','15','','경종','경종',1,'Y','N','SYSTEM',CURRENT_TIMESTAMP,'SYSTEM',CURRENT_TIMESTAMP,NULL);
INSERT INTO com_biz_fld_dtl (biz_fld_dtl_cd_mgno,biz_fld_cd_mgno,biz_dtl_fld_eng_nm,biz_dtl_fld_korn_nm,biz_dtl_fld_cn,sort_seqo,use_yn,del_yn,rgtr_id,reg_dt,mdfr_id,mdfcn_dt,cmptnc_inst_no) VALUES ('16-A','16','','이산화탄소 포집 및 저장 또는 제이용','이산화탄소 포집 및 저장 또는 제이용',1,'Y','N','SYSTEM',CURRENT_TIMESTAMP,'SYSTEM',CURRENT_TIMESTAMP,NULL);
INSERT INTO com_biz_fld_dtl (biz_fld_dtl_cd_mgno,biz_fld_cd_mgno,biz_dtl_fld_eng_nm,biz_dtl_fld_korn_nm,biz_dtl_fld_cn,sort_seqo,use_yn,del_yn,rgtr_id,reg_dt,mdfr_id,mdfcn_dt,cmptnc_inst_no) VALUES ('1-D','1','test','테스트11','테테테111',4,'N','Y','SYSTEM',CURRENT_TIMESTAMP,'SYSTEM',CURRENT_TIMESTAMP,NULL);
INSERT INTO com_biz_fld_dtl (biz_fld_dtl_cd_mgno,biz_fld_cd_mgno,biz_dtl_fld_eng_nm,biz_dtl_fld_korn_nm,biz_dtl_fld_cn,sort_seqo,use_yn,del_yn,rgtr_id,reg_dt,mdfr_id,mdfcn_dt,cmptnc_inst_no) VALUES ('2-A','2','','전기 공급','전기 공급',1,'Y','N','SYSTEM',CURRENT_TIMESTAMP,'SYSTEM',CURRENT_TIMESTAMP,NULL);
INSERT INTO com_biz_fld_dtl (biz_fld_dtl_cd_mgno,biz_fld_cd_mgno,biz_dtl_fld_eng_nm,biz_dtl_fld_korn_nm,biz_dtl_fld_cn,sort_seqo,use_yn,del_yn,rgtr_id,reg_dt,mdfr_id,mdfcn_dt,cmptnc_inst_no) VALUES ('4-A','4','','시멘트 분야','시멘트 분야',1,'Y','N','SYSTEM',CURRENT_TIMESTAMP,'SYSTEM',CURRENT_TIMESTAMP,NULL);
INSERT INTO com_biz_fld_dtl (biz_fld_dtl_cd_mgno,biz_fld_cd_mgno,biz_dtl_fld_eng_nm,biz_dtl_fld_korn_nm,biz_dtl_fld_cn,sort_seqo,use_yn,del_yn,rgtr_id,reg_dt,mdfr_id,mdfcn_dt,cmptnc_inst_no) VALUES ('6-A','6','','건설','건설',1,'Y','N','SYSTEM',CURRENT_TIMESTAMP,'SYSTEM',CURRENT_TIMESTAMP,NULL);
INSERT INTO com_biz_fld_dtl (biz_fld_dtl_cd_mgno,biz_fld_cd_mgno,biz_dtl_fld_eng_nm,biz_dtl_fld_korn_nm,biz_dtl_fld_cn,sort_seqo,use_yn,del_yn,rgtr_id,reg_dt,mdfr_id,mdfcn_dt,cmptnc_inst_no) VALUES ('7-A','7','','수송','수송',1,'Y','N','SYSTEM',CURRENT_TIMESTAMP,'SYSTEM',CURRENT_TIMESTAMP,NULL);
INSERT INTO com_biz_fld_dtl (biz_fld_dtl_cd_mgno,biz_fld_cd_mgno,biz_dtl_fld_eng_nm,biz_dtl_fld_korn_nm,biz_dtl_fld_cn,sort_seqo,use_yn,del_yn,rgtr_id,reg_dt,mdfr_id,mdfcn_dt,cmptnc_inst_no) VALUES ('8-A','8','','광업/광물 공정','광업/광물 공정',1,'Y','N','SYSTEM',CURRENT_TIMESTAMP,'SYSTEM',CURRENT_TIMESTAMP,NULL);
INSERT INTO com_biz_fld_dtl (biz_fld_dtl_cd_mgno,biz_fld_cd_mgno,biz_dtl_fld_eng_nm,biz_dtl_fld_korn_nm,biz_dtl_fld_cn,sort_seqo,use_yn,del_yn,rgtr_id,reg_dt,mdfr_id,mdfcn_dt,cmptnc_inst_no) VALUES ('9-A','9','','금속생산','금속생산',1,'Y','N','SYSTEM',CURRENT_TIMESTAMP,'SYSTEM',CURRENT_TIMESTAMP,NULL);
INSERT INTO com_biz_fld_dtl (biz_fld_dtl_cd_mgno,biz_fld_cd_mgno,biz_dtl_fld_eng_nm,biz_dtl_fld_korn_nm,biz_dtl_fld_cn,sort_seqo,use_yn,del_yn,rgtr_id,reg_dt,mdfr_id,mdfcn_dt,cmptnc_inst_no) VALUES ('5-A','5','','화학 공정 산업','화학공정 산업',1,'Y','N','SYSTEM',CURRENT_TIMESTAMP,'SYSTEM',CURRENT_TIMESTAMP,NULL);
INSERT INTO com_biz_fld_dtl (biz_fld_dtl_cd_mgno,biz_fld_cd_mgno,biz_dtl_fld_eng_nm,biz_dtl_fld_korn_nm,biz_dtl_fld_cn,sort_seqo,use_yn,del_yn,rgtr_id,reg_dt,mdfr_id,mdfcn_dt,cmptnc_inst_no) VALUES ('12-A','12','','화학 공정 산업','화학공정 산업',1,'Y','N','SYSTEM',CURRENT_TIMESTAMP,'SYSTEM',CURRENT_TIMESTAMP,NULL);
INSERT INTO com_biz_fld_dtl (biz_fld_dtl_cd_mgno,biz_fld_cd_mgno,biz_dtl_fld_eng_nm,biz_dtl_fld_korn_nm,biz_dtl_fld_cn,sort_seqo,use_yn,del_yn,rgtr_id,reg_dt,mdfr_id,mdfcn_dt,cmptnc_inst_no) VALUES ('10-B','10','','오일 및 가스 산업, 탄광 메탄 회수 및 사용으로 부터의 탈루 배출','오일 및 가스 산업, 탄광 메탄 회수 및 사용으로 부터의 탈루 배출',2,'Y','N','SYSTEM',CURRENT_TIMESTAMP,'SYSTEM',CURRENT_TIMESTAMP,NULL);
INSERT INTO com_biz_fld_dtl (biz_fld_dtl_cd_mgno,biz_fld_cd_mgno,biz_dtl_fld_eng_nm,biz_dtl_fld_korn_nm,biz_dtl_fld_cn,sort_seqo,use_yn,del_yn,rgtr_id,reg_dt,mdfr_id,mdfcn_dt,cmptnc_inst_no) VALUES ('11-B','11','','온신가스 포집 및 파괴','온신가스 포집 및 파괴',2,'Y','N','SYSTEM',CURRENT_TIMESTAMP,'SYSTEM',CURRENT_TIMESTAMP,NULL);
INSERT INTO com_biz_fld_dtl (biz_fld_dtl_cd_mgno,biz_fld_cd_mgno,biz_dtl_fld_eng_nm,biz_dtl_fld_korn_nm,biz_dtl_fld_cn,sort_seqo,use_yn,del_yn,rgtr_id,reg_dt,mdfr_id,mdfcn_dt,cmptnc_inst_no) VALUES ('13-B','13','','동물 퇴비 관리','동물 퇴비 관리',2,'Y','N','SYSTEM',CURRENT_TIMESTAMP,'SYSTEM',CURRENT_TIMESTAMP,NULL);
INSERT INTO com_biz_fld_dtl (biz_fld_dtl_cd_mgno,biz_fld_cd_mgno,biz_dtl_fld_eng_nm,biz_dtl_fld_korn_nm,biz_dtl_fld_cn,sort_seqo,use_yn,del_yn,rgtr_id,reg_dt,mdfr_id,mdfcn_dt,cmptnc_inst_no) VALUES ('15-B','15','','축산','축산',2,'Y','N','SYSTEM',CURRENT_TIMESTAMP,'SYSTEM',CURRENT_TIMESTAMP,NULL);
INSERT INTO com_biz_fld_dtl (biz_fld_dtl_cd_mgno,biz_fld_cd_mgno,biz_dtl_fld_eng_nm,biz_dtl_fld_korn_nm,biz_dtl_fld_cn,sort_seqo,use_yn,del_yn,rgtr_id,reg_dt,mdfr_id,mdfcn_dt,cmptnc_inst_no) VALUES ('2-B','2','','열 공급','열 공급',2,'Y','N','SYSTEM',CURRENT_TIMESTAMP,'SYSTEM',CURRENT_TIMESTAMP,NULL);
INSERT INTO com_biz_fld_dtl (biz_fld_dtl_cd_mgno,biz_fld_cd_mgno,biz_dtl_fld_eng_nm,biz_dtl_fld_korn_nm,biz_dtl_fld_cn,sort_seqo,use_yn,del_yn,rgtr_id,reg_dt,mdfr_id,mdfcn_dt,cmptnc_inst_no) VALUES ('4-B','4','','알루미늄 분야','알루미늄 분야',2,'Y','N','SYSTEM',CURRENT_TIMESTAMP,'SYSTEM',CURRENT_TIMESTAMP,NULL);
INSERT INTO com_biz_fld_dtl (biz_fld_dtl_cd_mgno,biz_fld_cd_mgno,biz_dtl_fld_eng_nm,biz_dtl_fld_korn_nm,biz_dtl_fld_cn,sort_seqo,use_yn,del_yn,rgtr_id,reg_dt,mdfr_id,mdfcn_dt,cmptnc_inst_no) VALUES ('4-C','4','','철강 분야','철강 분야',3,'Y','N','SYSTEM',CURRENT_TIMESTAMP,'SYSTEM',CURRENT_TIMESTAMP,NULL);
INSERT INTO com_biz_fld_dtl (biz_fld_dtl_cd_mgno,biz_fld_cd_mgno,biz_dtl_fld_eng_nm,biz_dtl_fld_korn_nm,biz_dtl_fld_cn,sort_seqo,use_yn,del_yn,rgtr_id,reg_dt,mdfr_id,mdfcn_dt,cmptnc_inst_no) VALUES ('4-D','4','','정제 분야','정제 분야',4,'Y','N','SYSTEM',CURRENT_TIMESTAMP,'SYSTEM',CURRENT_TIMESTAMP,NULL);
INSERT INTO com_biz_fld_dtl (biz_fld_dtl_cd_mgno,biz_fld_cd_mgno,biz_dtl_fld_eng_nm,biz_dtl_fld_korn_nm,biz_dtl_fld_cn,sort_seqo,use_yn,del_yn,rgtr_id,reg_dt,mdfr_id,mdfcn_dt,cmptnc_inst_no) VALUES ('4-E','4','','기타','기타',5,'Y','N','SYSTEM',CURRENT_TIMESTAMP,'SYSTEM',CURRENT_TIMESTAMP,NULL);
INSERT INTO com_biz_fld_dtl (biz_fld_dtl_cd_mgno,biz_fld_cd_mgno,biz_dtl_fld_eng_nm,biz_dtl_fld_korn_nm,biz_dtl_fld_cn,sort_seqo,use_yn,del_yn,rgtr_id,reg_dt,mdfr_id,mdfcn_dt,cmptnc_inst_no) VALUES ('8-B','8','','오일 및 가스 산업, 탄광 메탄회수 및 사용','오일 및 가스 산업, 탄광 메탄회수 및 사용',2,'Y','N','SYSTEM',CURRENT_TIMESTAMP,'SYSTEM',CURRENT_TIMESTAMP,NULL);
/* 713 */

/* com_err_msg_bsc */
INSERT INTO com_err_msg_bsc (err_msg_cd,err_msg_cl_cd,err_msg_ntn_cd,err_msg_nm,inpt_cnt,use_yn,del_yn,rgtr_id,reg_dt,mdfr_id,mdfcn_dt) VALUES ('I000001','EMC0001','KR','조회 되었습니다.',0,'Y','N','SYSTEM',CURRENT_TIMESTAMP,'SYSTEM',CURRENT_TIMESTAMP);
INSERT INTO com_err_msg_bsc (err_msg_cd,err_msg_cl_cd,err_msg_ntn_cd,err_msg_nm,inpt_cnt,use_yn,del_yn,rgtr_id,reg_dt,mdfr_id,mdfcn_dt) VALUES ('I000002','EMC0001','KR','조회 결과가 없습니다.',0,'Y','N','SYSTEM',CURRENT_TIMESTAMP,'SYSTEM',CURRENT_TIMESTAMP);
INSERT INTO com_err_msg_bsc (err_msg_cd,err_msg_cl_cd,err_msg_ntn_cd,err_msg_nm,inpt_cnt,use_yn,del_yn,rgtr_id,reg_dt,mdfr_id,mdfcn_dt) VALUES ('I000003','EMC0001','KR','저장 되었습니다.',0,'Y','N','SYSTEM',CURRENT_TIMESTAMP,'SYSTEM',CURRENT_TIMESTAMP);
INSERT INTO com_err_msg_bsc (err_msg_cd,err_msg_cl_cd,err_msg_ntn_cd,err_msg_nm,inpt_cnt,use_yn,del_yn,rgtr_id,reg_dt,mdfr_id,mdfcn_dt) VALUES ('I000004','EMC0001','KR','삭제 되었습니다.',0,'Y','N','SYSTEM',CURRENT_TIMESTAMP,'SYSTEM',CURRENT_TIMESTAMP);
INSERT INTO com_err_msg_bsc (err_msg_cd,err_msg_cl_cd,err_msg_ntn_cd,err_msg_nm,inpt_cnt,use_yn,del_yn,rgtr_id,reg_dt,mdfr_id,mdfcn_dt) VALUES ('I000005','EMC0001','KR','수정 되었습니다. ',0,'Y','N','SYSTEM',CURRENT_TIMESTAMP,'SYSTEM',CURRENT_TIMESTAMP);
INSERT INTO com_err_msg_bsc (err_msg_cd,err_msg_cl_cd,err_msg_ntn_cd,err_msg_nm,inpt_cnt,use_yn,del_yn,rgtr_id,reg_dt,mdfr_id,mdfcn_dt) VALUES ('I000006','EMC0001','KR','등록 되었습니다.',0,'Y','N','SYSTEM',CURRENT_TIMESTAMP,'SYSTEM',CURRENT_TIMESTAMP);
INSERT INTO com_err_msg_bsc (err_msg_cd,err_msg_cl_cd,err_msg_ntn_cd,err_msg_nm,inpt_cnt,use_yn,del_yn,rgtr_id,reg_dt,mdfr_id,mdfcn_dt) VALUES ('I000007','EMC0001','KR','요청한 페이지를 찾을 수 없습니다.',0,'Y','N','SYSTEM',CURRENT_TIMESTAMP,'SYSTEM',CURRENT_TIMESTAMP);
INSERT INTO com_err_msg_bsc (err_msg_cd,err_msg_cl_cd,err_msg_ntn_cd,err_msg_nm,inpt_cnt,use_yn,del_yn,rgtr_id,reg_dt,mdfr_id,mdfcn_dt) VALUES ('I000008','EMC0001','KR','선택된 항목이 없습니다.',0,'Y','N','SYSTEM',CURRENT_TIMESTAMP,'SYSTEM',CURRENT_TIMESTAMP);
INSERT INTO com_err_msg_bsc (err_msg_cd,err_msg_cl_cd,err_msg_ntn_cd,err_msg_nm,inpt_cnt,use_yn,del_yn,rgtr_id,reg_dt,mdfr_id,mdfcn_dt) VALUES ('I000009','EMC0001','KR','로그아웃 되었습니다.',0,'Y','N','SYSTEM',CURRENT_TIMESTAMP,'SYSTEM',CURRENT_TIMESTAMP);
INSERT INTO com_err_msg_bsc (err_msg_cd,err_msg_cl_cd,err_msg_ntn_cd,err_msg_nm,inpt_cnt,use_yn,del_yn,rgtr_id,reg_dt,mdfr_id,mdfcn_dt) VALUES ('I000010','EMC0001','KR','로그인이 필요합니다.',0,'Y','N','SYSTEM',CURRENT_TIMESTAMP,'SYSTEM',CURRENT_TIMESTAMP);
INSERT INTO com_err_msg_bsc (err_msg_cd,err_msg_cl_cd,err_msg_ntn_cd,err_msg_nm,inpt_cnt,use_yn,del_yn,rgtr_id,reg_dt,mdfr_id,mdfcn_dt) VALUES ('C000002','EMC0002','KR','삭제 하시겠습니까?',0,'Y','N','SYSTEM',CURRENT_TIMESTAMP,'SYSTEM',CURRENT_TIMESTAMP);
INSERT INTO com_err_msg_bsc (err_msg_cd,err_msg_cl_cd,err_msg_ntn_cd,err_msg_nm,inpt_cnt,use_yn,del_yn,rgtr_id,reg_dt,mdfr_id,mdfcn_dt) VALUES ('C000003','EMC0002','KR','일괄다운로드 하시겠습니까?',0,'Y','N','SYSTEM',CURRENT_TIMESTAMP,'SYSTEM',CURRENT_TIMESTAMP);
INSERT INTO com_err_msg_bsc (err_msg_cd,err_msg_cl_cd,err_msg_ntn_cd,err_msg_nm,inpt_cnt,use_yn,del_yn,rgtr_id,reg_dt,mdfr_id,mdfcn_dt) VALUES ('C000004','EMC0002','KR','엑셀을 다운로드 하시겠습니까?',0,'Y','N','SYSTEM',CURRENT_TIMESTAMP,'SYSTEM',CURRENT_TIMESTAMP);
INSERT INTO com_err_msg_bsc (err_msg_cd,err_msg_cl_cd,err_msg_ntn_cd,err_msg_nm,inpt_cnt,use_yn,del_yn,rgtr_id,reg_dt,mdfr_id,mdfcn_dt) VALUES ('C000005','EMC0002','KR','로그아웃 하시겠습니까?',0,'Y','N','SYSTEM',CURRENT_TIMESTAMP,'SYSTEM',CURRENT_TIMESTAMP);
INSERT INTO com_err_msg_bsc (err_msg_cd,err_msg_cl_cd,err_msg_ntn_cd,err_msg_nm,inpt_cnt,use_yn,del_yn,rgtr_id,reg_dt,mdfr_id,mdfcn_dt) VALUES ('C000006','EMC0002','KR','일괄등록 하시겠습니까?',0,'Y','N','SYSTEM',CURRENT_TIMESTAMP,'SYSTEM',CURRENT_TIMESTAMP);
INSERT INTO com_err_msg_bsc (err_msg_cd,err_msg_cl_cd,err_msg_ntn_cd,err_msg_nm,inpt_cnt,use_yn,del_yn,rgtr_id,reg_dt,mdfr_id,mdfcn_dt) VALUES ('C000007','EMC0002','KR','임시비밀번호를 생성 하시겠습니까?',0,'Y','N','SYSTEM',CURRENT_TIMESTAMP,'SYSTEM',CURRENT_TIMESTAMP);
INSERT INTO com_err_msg_bsc (err_msg_cd,err_msg_cl_cd,err_msg_ntn_cd,err_msg_nm,inpt_cnt,use_yn,del_yn,rgtr_id,reg_dt,mdfr_id,mdfcn_dt) VALUES ('W000001','EMC0003','KR','선택된 항목이 없습니다.',0,'Y','N','SYSTEM',CURRENT_TIMESTAMP,'SYSTEM',CURRENT_TIMESTAMP);
INSERT INTO com_err_msg_bsc (err_msg_cd,err_msg_cl_cd,err_msg_ntn_cd,err_msg_nm,inpt_cnt,use_yn,del_yn,rgtr_id,reg_dt,mdfr_id,mdfcn_dt) VALUES ('W000002','EMC0003','KR','중복체크 하시기 바랍니다.',0,'Y','N','SYSTEM',CURRENT_TIMESTAMP,'SYSTEM',CURRENT_TIMESTAMP);
INSERT INTO com_err_msg_bsc (err_msg_cd,err_msg_cl_cd,err_msg_ntn_cd,err_msg_nm,inpt_cnt,use_yn,del_yn,rgtr_id,reg_dt,mdfr_id,mdfcn_dt) VALUES ('W000003','EMC0003','KR','저장할 데이터가 없습니다.',0,'Y','N','SYSTEM',CURRENT_TIMESTAMP,'SYSTEM',CURRENT_TIMESTAMP);
INSERT INTO com_err_msg_bsc (err_msg_cd,err_msg_cl_cd,err_msg_ntn_cd,err_msg_nm,inpt_cnt,use_yn,del_yn,rgtr_id,reg_dt,mdfr_id,mdfcn_dt) VALUES ('W000004','EMC0003','KR','시작일은 종료일보다 이전 시점이어야 합니다.',0,'Y','N','SYSTEM',CURRENT_TIMESTAMP,'SYSTEM',CURRENT_TIMESTAMP);
INSERT INTO com_err_msg_bsc (err_msg_cd,err_msg_cl_cd,err_msg_ntn_cd,err_msg_nm,inpt_cnt,use_yn,del_yn,rgtr_id,reg_dt,mdfr_id,mdfcn_dt) VALUES ('W000005','EMC0003','KR','종료일은 시작일보다 이후 시점이어야 합니다.',0,'Y','N','SYSTEM',CURRENT_TIMESTAMP,'SYSTEM',CURRENT_TIMESTAMP);
INSERT INTO com_err_msg_bsc (err_msg_cd,err_msg_cl_cd,err_msg_ntn_cd,err_msg_nm,inpt_cnt,use_yn,del_yn,rgtr_id,reg_dt,mdfr_id,mdfcn_dt) VALUES ('W000006','EMC0003','KR','수량을 입력 하시기 바랍니다.',0,'Y','N','SYSTEM',CURRENT_TIMESTAMP,'SYSTEM',CURRENT_TIMESTAMP);
INSERT INTO com_err_msg_bsc (err_msg_cd,err_msg_cl_cd,err_msg_ntn_cd,err_msg_nm,inpt_cnt,use_yn,del_yn,rgtr_id,reg_dt,mdfr_id,mdfcn_dt) VALUES ('W000007','EMC0003','KR','이용 약관에 동의 하시기 바랍니다.',0,'Y','N','SYSTEM',CURRENT_TIMESTAMP,'SYSTEM',CURRENT_TIMESTAMP);
INSERT INTO com_err_msg_bsc (err_msg_cd,err_msg_cl_cd,err_msg_ntn_cd,err_msg_nm,inpt_cnt,use_yn,del_yn,rgtr_id,reg_dt,mdfr_id,mdfcn_dt) VALUES ('W000008','EMC0003','KR','올바르지 않은 인증정보 입니다.',0,'Y','N','SYSTEM',CURRENT_TIMESTAMP,'SYSTEM',CURRENT_TIMESTAMP);
INSERT INTO com_err_msg_bsc (err_msg_cd,err_msg_cl_cd,err_msg_ntn_cd,err_msg_nm,inpt_cnt,use_yn,del_yn,rgtr_id,reg_dt,mdfr_id,mdfcn_dt) VALUES ('W000009','EMC0003','KR','인증정보가 만료 되었습니다.',0,'Y','N','SYSTEM',CURRENT_TIMESTAMP,'SYSTEM',CURRENT_TIMESTAMP);
INSERT INTO com_err_msg_bsc (err_msg_cd,err_msg_cl_cd,err_msg_ntn_cd,err_msg_nm,inpt_cnt,use_yn,del_yn,rgtr_id,reg_dt,mdfr_id,mdfcn_dt) VALUES ('W000010','EMC0003','KR','아이디 또는 비밀번호가 맞지 않습니다. 다시 확인해 주세요.',0,'Y','N','SYSTEM',CURRENT_TIMESTAMP,'SYSTEM',CURRENT_TIMESTAMP);
INSERT INTO com_err_msg_bsc (err_msg_cd,err_msg_cl_cd,err_msg_ntn_cd,err_msg_nm,inpt_cnt,use_yn,del_yn,rgtr_id,reg_dt,mdfr_id,mdfcn_dt) VALUES ('W000011','EMC0003','KR','올바르지 않은 요청입니다.',0,'Y','N','SYSTEM',CURRENT_TIMESTAMP,'SYSTEM',CURRENT_TIMESTAMP);
INSERT INTO com_err_msg_bsc (err_msg_cd,err_msg_cl_cd,err_msg_ntn_cd,err_msg_nm,inpt_cnt,use_yn,del_yn,rgtr_id,reg_dt,mdfr_id,mdfcn_dt) VALUES ('W000012','EMC0003','KR','파일업로드 최대 허용 크기를 초과하였습니다',0,'Y','N','SYSTEM',CURRENT_TIMESTAMP,'SYSTEM',CURRENT_TIMESTAMP);
INSERT INTO com_err_msg_bsc (err_msg_cd,err_msg_cl_cd,err_msg_ntn_cd,err_msg_nm,inpt_cnt,use_yn,del_yn,rgtr_id,reg_dt,mdfr_id,mdfcn_dt) VALUES ('E000001','EMC0004','KR','처리중 오류가 발생하였습니다.',0,'Y','N','SYSTEM',CURRENT_TIMESTAMP,'SYSTEM',CURRENT_TIMESTAMP);
INSERT INTO com_err_msg_bsc (err_msg_cd,err_msg_cl_cd,err_msg_ntn_cd,err_msg_nm,inpt_cnt,use_yn,del_yn,rgtr_id,reg_dt,mdfr_id,mdfcn_dt) VALUES ('E000002','EMC0004','KR','처리중 인증오류가 발생하였습니다.',0,'Y','N','SYSTEM',CURRENT_TIMESTAMP,'SYSTEM',CURRENT_TIMESTAMP);
INSERT INTO com_err_msg_bsc (err_msg_cd,err_msg_cl_cd,err_msg_ntn_cd,err_msg_nm,inpt_cnt,use_yn,del_yn,rgtr_id,reg_dt,mdfr_id,mdfcn_dt) VALUES ('I000011','EMC0001','KR','{0}(이/가) 조회 되었습니다.',1,'Y','N','SYSTEM',CURRENT_TIMESTAMP,'SYSTEM',CURRENT_TIMESTAMP);
INSERT INTO com_err_msg_bsc (err_msg_cd,err_msg_cl_cd,err_msg_ntn_cd,err_msg_nm,inpt_cnt,use_yn,del_yn,rgtr_id,reg_dt,mdfr_id,mdfcn_dt) VALUES ('I000012','EMC0001','KR','{0}(이/가) 생성 되었습니다.',1,'Y','N','SYSTEM',CURRENT_TIMESTAMP,'SYSTEM',CURRENT_TIMESTAMP);
INSERT INTO com_err_msg_bsc (err_msg_cd,err_msg_cl_cd,err_msg_ntn_cd,err_msg_nm,inpt_cnt,use_yn,del_yn,rgtr_id,reg_dt,mdfr_id,mdfcn_dt) VALUES ('I000013','EMC0001','KR','{0}(이/가) 등록 되었습니다.',1,'Y','N','SYSTEM',CURRENT_TIMESTAMP,'SYSTEM',CURRENT_TIMESTAMP);
INSERT INTO com_err_msg_bsc (err_msg_cd,err_msg_cl_cd,err_msg_ntn_cd,err_msg_nm,inpt_cnt,use_yn,del_yn,rgtr_id,reg_dt,mdfr_id,mdfcn_dt) VALUES ('I000014','EMC0001','KR','사용 가능한 {0}입니다.',1,'Y','N','SYSTEM',CURRENT_TIMESTAMP,'SYSTEM',CURRENT_TIMESTAMP);
INSERT INTO com_err_msg_bsc (err_msg_cd,err_msg_cl_cd,err_msg_ntn_cd,err_msg_nm,inpt_cnt,use_yn,del_yn,rgtr_id,reg_dt,mdfr_id,mdfcn_dt) VALUES ('C000008','EMC0002','KR','{0}(을/를) 실행 하겠습니까?',1,'Y','N','SYSTEM',CURRENT_TIMESTAMP,'SYSTEM',CURRENT_TIMESTAMP);
INSERT INTO com_err_msg_bsc (err_msg_cd,err_msg_cl_cd,err_msg_ntn_cd,err_msg_nm,inpt_cnt,use_yn,del_yn,rgtr_id,reg_dt,mdfr_id,mdfcn_dt) VALUES ('C000009','EMC0002','KR','{0}(을/를) 다운로드 하시겠습니까?',1,'Y','N','SYSTEM',CURRENT_TIMESTAMP,'SYSTEM',CURRENT_TIMESTAMP);
INSERT INTO com_err_msg_bsc (err_msg_cd,err_msg_cl_cd,err_msg_ntn_cd,err_msg_nm,inpt_cnt,use_yn,del_yn,rgtr_id,reg_dt,mdfr_id,mdfcn_dt) VALUES ('W000013','EMC0003','KR','{0}(을/를) 선택 바랍니다. ',1,'Y','N','SYSTEM',CURRENT_TIMESTAMP,'SYSTEM',CURRENT_TIMESTAMP);
INSERT INTO com_err_msg_bsc (err_msg_cd,err_msg_cl_cd,err_msg_ntn_cd,err_msg_nm,inpt_cnt,use_yn,del_yn,rgtr_id,reg_dt,mdfr_id,mdfcn_dt) VALUES ('W000014','EMC0003','KR','{0}(을/를) 입력 바랍니다. ',1,'Y','N','SYSTEM',CURRENT_TIMESTAMP,'SYSTEM',CURRENT_TIMESTAMP);
INSERT INTO com_err_msg_bsc (err_msg_cd,err_msg_cl_cd,err_msg_ntn_cd,err_msg_nm,inpt_cnt,use_yn,del_yn,rgtr_id,reg_dt,mdfr_id,mdfcn_dt) VALUES ('W000015','EMC0003','KR','{0}(을/를) 삭제가 불가합니다.',1,'Y','N','SYSTEM',CURRENT_TIMESTAMP,'SYSTEM',CURRENT_TIMESTAMP);
INSERT INTO com_err_msg_bsc (err_msg_cd,err_msg_cl_cd,err_msg_ntn_cd,err_msg_nm,inpt_cnt,use_yn,del_yn,rgtr_id,reg_dt,mdfr_id,mdfcn_dt) VALUES ('W000016','EMC0003','KR','{0}(을/를) 수정이 불가합니다.',1,'Y','N','SYSTEM',CURRENT_TIMESTAMP,'SYSTEM',CURRENT_TIMESTAMP);
INSERT INTO com_err_msg_bsc (err_msg_cd,err_msg_cl_cd,err_msg_ntn_cd,err_msg_nm,inpt_cnt,use_yn,del_yn,rgtr_id,reg_dt,mdfr_id,mdfcn_dt) VALUES ('W000017','EMC0003','KR','{0}(을/를) 올바르게 입력하기 바랍니다. ',1,'Y','N','SYSTEM',CURRENT_TIMESTAMP,'SYSTEM',CURRENT_TIMESTAMP);
INSERT INTO com_err_msg_bsc (err_msg_cd,err_msg_cl_cd,err_msg_ntn_cd,err_msg_nm,inpt_cnt,use_yn,del_yn,rgtr_id,reg_dt,mdfr_id,mdfcn_dt) VALUES ('W000018','EMC0003','KR','{0}(을/를) 파일을 업로드 하시기 바랍니다.',1,'Y','N','SYSTEM',CURRENT_TIMESTAMP,'SYSTEM',CURRENT_TIMESTAMP);
INSERT INTO com_err_msg_bsc (err_msg_cd,err_msg_cl_cd,err_msg_ntn_cd,err_msg_nm,inpt_cnt,use_yn,del_yn,rgtr_id,reg_dt,mdfr_id,mdfcn_dt) VALUES ('W000019','EMC0003','KR','{0}(이/가) 중복되어 입력할 수 없습니다. ',1,'Y','N','SYSTEM',CURRENT_TIMESTAMP,'SYSTEM',CURRENT_TIMESTAMP);
INSERT INTO com_err_msg_bsc (err_msg_cd,err_msg_cl_cd,err_msg_ntn_cd,err_msg_nm,inpt_cnt,use_yn,del_yn,rgtr_id,reg_dt,mdfr_id,mdfcn_dt) VALUES ('W000020','EMC0003','KR','사업분야를 먼저 선택하시기 바랍니다.',0,'Y','N','SYSTEM',CURRENT_TIMESTAMP,'SYSTEM',CURRENT_TIMESTAMP);
INSERT INTO com_err_msg_bsc (err_msg_cd,err_msg_cl_cd,err_msg_ntn_cd,err_msg_nm,inpt_cnt,use_yn,del_yn,rgtr_id,reg_dt,mdfr_id,mdfcn_dt) VALUES ('W000021','EMC0003','KR','삭제 할 대상이 없습니다.',0,'Y','N','SYSTEM',CURRENT_TIMESTAMP,'SYSTEM',CURRENT_TIMESTAMP);
INSERT INTO com_err_msg_bsc (err_msg_cd,err_msg_cl_cd,err_msg_ntn_cd,err_msg_nm,inpt_cnt,use_yn,del_yn,rgtr_id,reg_dt,mdfr_id,mdfcn_dt) VALUES ('W000022','EMC0003','KR','선택한 방법론은 이미 등록되어 있습니다.',0,'Y','N','SYSTEM',CURRENT_TIMESTAMP,'SYSTEM',CURRENT_TIMESTAMP);
INSERT INTO com_err_msg_bsc (err_msg_cd,err_msg_cl_cd,err_msg_ntn_cd,err_msg_nm,inpt_cnt,use_yn,del_yn,rgtr_id,reg_dt,mdfr_id,mdfcn_dt) VALUES ('W000023','EMC0003','KR','선택한 사업수행자는 이미 등록되어 있습니다.',0,'Y','N','SYSTEM',CURRENT_TIMESTAMP,'SYSTEM',CURRENT_TIMESTAMP);
INSERT INTO com_err_msg_bsc (err_msg_cd,err_msg_cl_cd,err_msg_ntn_cd,err_msg_nm,inpt_cnt,use_yn,del_yn,rgtr_id,reg_dt,mdfr_id,mdfcn_dt) VALUES ('C000010','EMC0002','KR','프로그램사업의 협정정보가 이미 존재합니다. 변경하시겠습니까?',0,'Y','N','SYSTEM',CURRENT_TIMESTAMP,'SYSTEM',CURRENT_TIMESTAMP);
INSERT INTO com_err_msg_bsc (err_msg_cd,err_msg_cl_cd,err_msg_ntn_cd,err_msg_nm,inpt_cnt,use_yn,del_yn,rgtr_id,reg_dt,mdfr_id,mdfcn_dt) VALUES ('W000024','EMC0003','KR','협정약정정보를 먼저 선택하시기 바랍니다.',0,'Y','N','SYSTEM',CURRENT_TIMESTAMP,'SYSTEM',CURRENT_TIMESTAMP);
INSERT INTO com_err_msg_bsc (err_msg_cd,err_msg_cl_cd,err_msg_ntn_cd,err_msg_nm,inpt_cnt,use_yn,del_yn,rgtr_id,reg_dt,mdfr_id,mdfcn_dt) VALUES ('I000015','EMC0001','KR','화면 로딩중입니다. 잠시 후 시도하시기 바랍니다.',0,'Y','N','SYSTEM',CURRENT_TIMESTAMP,'SYSTEM',CURRENT_TIMESTAMP);
INSERT INTO com_err_msg_bsc (err_msg_cd,err_msg_cl_cd,err_msg_ntn_cd,err_msg_nm,inpt_cnt,use_yn,del_yn,rgtr_id,reg_dt,mdfr_id,mdfcn_dt) VALUES ('C000011','EMC0002','KR','관장기관 정보를 변경 하시겠습니까?',0,'Y','N','SYSTEM',CURRENT_TIMESTAMP,'SYSTEM',CURRENT_TIMESTAMP);
INSERT INTO com_err_msg_bsc (err_msg_cd,err_msg_cl_cd,err_msg_ntn_cd,err_msg_nm,inpt_cnt,use_yn,del_yn,rgtr_id,reg_dt,mdfr_id,mdfcn_dt) VALUES ('W000025','EMC0003','KR','{0}(은/는) 필수 입력사항입니다.',1,'Y','N','SYSTEM',CURRENT_TIMESTAMP,'SYSTEM',CURRENT_TIMESTAMP);
INSERT INTO com_err_msg_bsc (err_msg_cd,err_msg_cl_cd,err_msg_ntn_cd,err_msg_nm,inpt_cnt,use_yn,del_yn,rgtr_id,reg_dt,mdfr_id,mdfcn_dt) VALUES ('W000026','EMC0003','KR','{0}(은/는) 날짜형식에 맞지 않습니다.',1,'Y','N','SYSTEM',CURRENT_TIMESTAMP,'SYSTEM',CURRENT_TIMESTAMP);
INSERT INTO com_err_msg_bsc (err_msg_cd,err_msg_cl_cd,err_msg_ntn_cd,err_msg_nm,inpt_cnt,use_yn,del_yn,rgtr_id,reg_dt,mdfr_id,mdfcn_dt) VALUES ('W000030','EMC0003','KR','사업규모에 비해 입력한 연평균 온실가스 배출 감축량이 맞지 않습니다.',0,'Y','N','SYSTEM',CURRENT_TIMESTAMP,'SYSTEM',CURRENT_TIMESTAMP);
INSERT INTO com_err_msg_bsc (err_msg_cd,err_msg_cl_cd,err_msg_ntn_cd,err_msg_nm,inpt_cnt,use_yn,del_yn,rgtr_id,reg_dt,mdfr_id,mdfcn_dt) VALUES ('W000031','EMC0003','KR','{0}(와/과) 일치하지 않습니다.',1,'Y','N','SYSTEM',CURRENT_TIMESTAMP,'SYSTEM',CURRENT_TIMESTAMP);
INSERT INTO com_err_msg_bsc (err_msg_cd,err_msg_cl_cd,err_msg_ntn_cd,err_msg_nm,inpt_cnt,use_yn,del_yn,rgtr_id,reg_dt,mdfr_id,mdfcn_dt) VALUES ('W000028','EMC0003','KR','현재 자료의 진행상태가 이미 변경되어있습니다. 재조회합니다.',0,'Y','N','SYSTEM',CURRENT_TIMESTAMP,'SYSTEM',CURRENT_TIMESTAMP);
INSERT INTO com_err_msg_bsc (err_msg_cd,err_msg_cl_cd,err_msg_ntn_cd,err_msg_nm,inpt_cnt,use_yn,del_yn,rgtr_id,reg_dt,mdfr_id,mdfcn_dt) VALUES ('W000029','EMC0003','KR','입력한 연평균 온실가스 배출 감축량과 사업수행자의 배출 감축량의 합이 맞지 않습니다.',0,'Y','N','SYSTEM',CURRENT_TIMESTAMP,'SYSTEM',CURRENT_TIMESTAMP);
INSERT INTO com_err_msg_bsc (err_msg_cd,err_msg_cl_cd,err_msg_ntn_cd,err_msg_nm,inpt_cnt,use_yn,del_yn,rgtr_id,reg_dt,mdfr_id,mdfcn_dt) VALUES ('W000027','EMC0003','KR','추가자료요청 진행중입니다. 추가자료 확인 후 진행하시기 바랍니다.',0,'Y','N','SYSTEM',CURRENT_TIMESTAMP,'SYSTEM',CURRENT_TIMESTAMP);
INSERT INTO com_err_msg_bsc (err_msg_cd,err_msg_cl_cd,err_msg_ntn_cd,err_msg_nm,inpt_cnt,use_yn,del_yn,rgtr_id,reg_dt,mdfr_id,mdfcn_dt) VALUES ('W000032','EMC0003','KR','단위사업의 인증유효기간 시작일자가 프로그램 시작일보다 작습니다.',0,'Y','N','SYSTEM',CURRENT_TIMESTAMP,'SYSTEM',CURRENT_TIMESTAMP);
INSERT INTO com_err_msg_bsc (err_msg_cd,err_msg_cl_cd,err_msg_ntn_cd,err_msg_nm,inpt_cnt,use_yn,del_yn,rgtr_id,reg_dt,mdfr_id,mdfcn_dt) VALUES ('W000033','EMC0003','KR','단위사업의 인증유효기간 종료일자가 프로그램 종료일보다 큽니다.',0,'Y','N','SYSTEM',CURRENT_TIMESTAMP,'SYSTEM',CURRENT_TIMESTAMP);
INSERT INTO com_err_msg_bsc (err_msg_cd,err_msg_cl_cd,err_msg_ntn_cd,err_msg_nm,inpt_cnt,use_yn,del_yn,rgtr_id,reg_dt,mdfr_id,mdfcn_dt) VALUES ('W000034','EMC0003','KR','이미 존재하는 사업고유번호 입니다.',0,'Y','N','SYSTEM',CURRENT_TIMESTAMP,'SYSTEM',CURRENT_TIMESTAMP);
INSERT INTO com_err_msg_bsc (err_msg_cd,err_msg_cl_cd,err_msg_ntn_cd,err_msg_nm,inpt_cnt,use_yn,del_yn,rgtr_id,reg_dt,mdfr_id,mdfcn_dt) VALUES ('W000035','EMC0003','KR','{0}에 한글이 포함되어 있습니다.',1,'Y','N','SYSTEM',CURRENT_TIMESTAMP,'SYSTEM',CURRENT_TIMESTAMP);
INSERT INTO com_err_msg_bsc (err_msg_cd,err_msg_cl_cd,err_msg_ntn_cd,err_msg_nm,inpt_cnt,use_yn,del_yn,rgtr_id,reg_dt,mdfr_id,mdfcn_dt) VALUES ('W000036','EMC0003','KR','양도인의 연평균 온실가스 배출 감축량과 양수인의 합이 일치하지 않습니다.',1,'Y','N','SYSTEM',CURRENT_TIMESTAMP,'SYSTEM',CURRENT_TIMESTAMP);
INSERT INTO com_err_msg_bsc (err_msg_cd,err_msg_cl_cd,err_msg_ntn_cd,err_msg_nm,inpt_cnt,use_yn,del_yn,rgtr_id,reg_dt,mdfr_id,mdfcn_dt) VALUES ('C000012','EMC0002','KR','협정.약정.MOU 정보를 재조회하시겠습니까? 재조회 시, 사업대상국정보는 초기화됩니다.',0,'Y','N','SYSTEM',CURRENT_TIMESTAMP,'SYSTEM',CURRENT_TIMESTAMP);
INSERT INTO com_err_msg_bsc (err_msg_cd,err_msg_cl_cd,err_msg_ntn_cd,err_msg_nm,inpt_cnt,use_yn,del_yn,rgtr_id,reg_dt,mdfr_id,mdfcn_dt) VALUES ('C000013','EMC0002','KR','사업분야 정보를 변경하시겠습니까? 변경 시, 방법론정보는 초기화됩니다.',0,'Y','N','SYSTEM',CURRENT_TIMESTAMP,'SYSTEM',CURRENT_TIMESTAMP);
INSERT INTO com_err_msg_bsc (err_msg_cd,err_msg_cl_cd,err_msg_ntn_cd,err_msg_nm,inpt_cnt,use_yn,del_yn,rgtr_id,reg_dt,mdfr_id,mdfcn_dt) VALUES ('W000037','EMC0003','KR','사업수행자의 동의여부를 선택해주세요.',1,'Y','N','SYSTEM',CURRENT_TIMESTAMP,'SYSTEM',CURRENT_TIMESTAMP);
INSERT INTO com_err_msg_bsc (err_msg_cd,err_msg_cl_cd,err_msg_ntn_cd,err_msg_nm,inpt_cnt,use_yn,del_yn,rgtr_id,reg_dt,mdfr_id,mdfcn_dt) VALUES ('W000038','EMC0003','KR','양도인정보를 추가할 수 없습니다.',0,'Y','N','SYSTEM',CURRENT_TIMESTAMP,'SYSTEM',CURRENT_TIMESTAMP);
INSERT INTO com_err_msg_bsc (err_msg_cd,err_msg_cl_cd,err_msg_ntn_cd,err_msg_nm,inpt_cnt,use_yn,del_yn,rgtr_id,reg_dt,mdfr_id,mdfcn_dt) VALUES ('W000039','EMC0003','KR','양수인의 동의여부를 선택해주세요.',1,'Y','N','SYSTEM',CURRENT_TIMESTAMP,'SYSTEM',CURRENT_TIMESTAMP);
INSERT INTO com_err_msg_bsc (err_msg_cd,err_msg_cl_cd,err_msg_ntn_cd,err_msg_nm,inpt_cnt,use_yn,del_yn,rgtr_id,reg_dt,mdfr_id,mdfcn_dt) VALUES ('W000040','EMC0003','KR','단위사업의 방법론은 프로그램사업의 방법론에 속해있어야 합니다.',1,'Y','N','SYSTEM',CURRENT_TIMESTAMP,'SYSTEM',CURRENT_TIMESTAMP);
INSERT INTO com_err_msg_bsc (err_msg_cd,err_msg_cl_cd,err_msg_ntn_cd,err_msg_nm,inpt_cnt,use_yn,del_yn,rgtr_id,reg_dt,mdfr_id,mdfcn_dt) VALUES ('C000014','EMC0002','KR','6.4조로 변경하시겠습니까? 변경 시, 협정.약정.MOU, 사업대상국 및 방법론 정보는 초기화됩니다.',0,'Y','N','SYSTEM',CURRENT_TIMESTAMP,'SYSTEM',CURRENT_TIMESTAMP);
INSERT INTO com_err_msg_bsc (err_msg_cd,err_msg_cl_cd,err_msg_ntn_cd,err_msg_nm,inpt_cnt,use_yn,del_yn,rgtr_id,reg_dt,mdfr_id,mdfcn_dt) VALUES ('W000042','EMC0003','KR','파일정보가 존재하지 않습니다.',0,'Y','N','SYSTEM',CURRENT_TIMESTAMP,'SYSTEM',CURRENT_TIMESTAMP);
INSERT INTO com_err_msg_bsc (err_msg_cd,err_msg_cl_cd,err_msg_ntn_cd,err_msg_nm,inpt_cnt,use_yn,del_yn,rgtr_id,reg_dt,mdfr_id,mdfcn_dt) VALUES ('W000041','EMC0003','KR','파일 다운로드 할 대상을 1건만 선택해주세요.',0,'Y','N','SYSTEM',CURRENT_TIMESTAMP,'SYSTEM',CURRENT_TIMESTAMP);
INSERT INTO com_err_msg_bsc (err_msg_cd,err_msg_cl_cd,err_msg_ntn_cd,err_msg_nm,inpt_cnt,use_yn,del_yn,rgtr_id,reg_dt,mdfr_id,mdfcn_dt) VALUES ('W000043','EMC0003','KR','액셀 출력할 정보가 존재하지 않습니다.',0,'Y','N','SYSTEM',CURRENT_TIMESTAMP,'SYSTEM',CURRENT_TIMESTAMP);
INSERT INTO com_err_msg_bsc (err_msg_cd,err_msg_cl_cd,err_msg_ntn_cd,err_msg_nm,inpt_cnt,use_yn,del_yn,rgtr_id,reg_dt,mdfr_id,mdfcn_dt) VALUES ('C000001','EMC0002','KR','저장 하시겠습니까?',0,'Y','N','SYSTEM',CURRENT_TIMESTAMP,'SYSTEM',CURRENT_TIMESTAMP);
INSERT INTO com_err_msg_bsc (err_msg_cd,err_msg_cl_cd,err_msg_ntn_cd,err_msg_nm,inpt_cnt,use_yn,del_yn,rgtr_id,reg_dt,mdfr_id,mdfcn_dt) VALUES ('W000044','EMC0003','KR','유치국가만 담당기관 및 부서명을 입력할 수 있습니다.',0,'Y','N','SYSTEM',CURRENT_TIMESTAMP,'SYSTEM',CURRENT_TIMESTAMP);
INSERT INTO com_err_msg_bsc (err_msg_cd,err_msg_cl_cd,err_msg_ntn_cd,err_msg_nm,inpt_cnt,use_yn,del_yn,rgtr_id,reg_dt,mdfr_id,mdfcn_dt) VALUES ('W000045','EMC0003','KR','사업취소 진행중입니다. 사업취소자료 확인 후 진행하시기 바랍니다.',0,'Y','N','SYSTEM',CURRENT_TIMESTAMP,'SYSTEM',CURRENT_TIMESTAMP);
INSERT INTO com_err_msg_bsc (err_msg_cd,err_msg_cl_cd,err_msg_ntn_cd,err_msg_nm,inpt_cnt,use_yn,del_yn,rgtr_id,reg_dt,mdfr_id,mdfcn_dt) VALUES ('W000046','EMC0003','KR','사업계획변경 횟수를 초과하였습니다.',0,'Y','N','SYSTEM',CURRENT_TIMESTAMP,'SYSTEM',CURRENT_TIMESTAMP);
INSERT INTO com_err_msg_bsc (err_msg_cd,err_msg_cl_cd,err_msg_ntn_cd,err_msg_nm,inpt_cnt,use_yn,del_yn,rgtr_id,reg_dt,mdfr_id,mdfcn_dt) VALUES ('W000047','EMC0003','KR','인증유효기간 갱신 횟수를 초과하였습니다.',0,'Y','N','SYSTEM',CURRENT_TIMESTAMP,'SYSTEM',CURRENT_TIMESTAMP);
INSERT INTO com_err_msg_bsc (err_msg_cd,err_msg_cl_cd,err_msg_ntn_cd,err_msg_nm,inpt_cnt,use_yn,del_yn,rgtr_id,reg_dt,mdfr_id,mdfcn_dt) VALUES ('W000048','EMC0003','KR','인증유효기간 시작일 변경 횟수를 초과하였습니다.',0,'Y','N','SYSTEM',CURRENT_TIMESTAMP,'SYSTEM',CURRENT_TIMESTAMP);
/* 79 */

/* com_ntn_cd_bsc */
INSERT INTO com_ntn_cd_bsc (iata_ntn_cd,ntn_eng_nm,ntn_korn_nm,del_yn,rgtr_id,reg_dt,mdfr_id,mdfcn_dt) VALUES ('CN','CHINA','중국','N','SYSTEM',CURRENT_TIMESTAMP,'SYSTEM',CURRENT_TIMESTAMP);
INSERT INTO com_ntn_cd_bsc (iata_ntn_cd,ntn_eng_nm,ntn_korn_nm,del_yn,rgtr_id,reg_dt,mdfr_id,mdfcn_dt) VALUES ('GH','GHANA','가나','N','SYSTEM',CURRENT_TIMESTAMP,'SYSTEM',CURRENT_TIMESTAMP);
INSERT INTO com_ntn_cd_bsc (iata_ntn_cd,ntn_eng_nm,ntn_korn_nm,del_yn,rgtr_id,reg_dt,mdfr_id,mdfcn_dt) VALUES ('GA','GABON','가봉','N','SYSTEM',CURRENT_TIMESTAMP,'SYSTEM',CURRENT_TIMESTAMP);
INSERT INTO com_ntn_cd_bsc (iata_ntn_cd,ntn_eng_nm,ntn_korn_nm,del_yn,rgtr_id,reg_dt,mdfr_id,mdfcn_dt) VALUES ('GY','GUYANA','가이아나','N','SYSTEM',CURRENT_TIMESTAMP,'SYSTEM',CURRENT_TIMESTAMP);
INSERT INTO com_ntn_cd_bsc (iata_ntn_cd,ntn_eng_nm,ntn_korn_nm,del_yn,rgtr_id,reg_dt,mdfr_id,mdfcn_dt) VALUES ('GM','GAMBIA','감비아','N','SYSTEM',CURRENT_TIMESTAMP,'SYSTEM',CURRENT_TIMESTAMP);
INSERT INTO com_ntn_cd_bsc (iata_ntn_cd,ntn_eng_nm,ntn_korn_nm,del_yn,rgtr_id,reg_dt,mdfr_id,mdfcn_dt) VALUES ('GG','GUERNSEY','건지 섬','N','SYSTEM',CURRENT_TIMESTAMP,'SYSTEM',CURRENT_TIMESTAMP);
INSERT INTO com_ntn_cd_bsc (iata_ntn_cd,ntn_eng_nm,ntn_korn_nm,del_yn,rgtr_id,reg_dt,mdfr_id,mdfcn_dt) VALUES ('GP','GUADELOUPE','과들루프','N','SYSTEM',CURRENT_TIMESTAMP,'SYSTEM',CURRENT_TIMESTAMP);
INSERT INTO com_ntn_cd_bsc (iata_ntn_cd,ntn_eng_nm,ntn_korn_nm,del_yn,rgtr_id,reg_dt,mdfr_id,mdfcn_dt) VALUES ('GT','GUATEMALA','과테말라','N','SYSTEM',CURRENT_TIMESTAMP,'SYSTEM',CURRENT_TIMESTAMP);
INSERT INTO com_ntn_cd_bsc (iata_ntn_cd,ntn_eng_nm,ntn_korn_nm,del_yn,rgtr_id,reg_dt,mdfr_id,mdfcn_dt) VALUES ('GU','GUAM','괌','N','SYSTEM',CURRENT_TIMESTAMP,'SYSTEM',CURRENT_TIMESTAMP);
INSERT INTO com_ntn_cd_bsc (iata_ntn_cd,ntn_eng_nm,ntn_korn_nm,del_yn,rgtr_id,reg_dt,mdfr_id,mdfcn_dt) VALUES ('GD','GRENADA','그레나다','N','SYSTEM',CURRENT_TIMESTAMP,'SYSTEM',CURRENT_TIMESTAMP);
INSERT INTO com_ntn_cd_bsc (iata_ntn_cd,ntn_eng_nm,ntn_korn_nm,del_yn,rgtr_id,reg_dt,mdfr_id,mdfcn_dt) VALUES ('GR','GREECE','그리스','N','SYSTEM',CURRENT_TIMESTAMP,'SYSTEM',CURRENT_TIMESTAMP);
INSERT INTO com_ntn_cd_bsc (iata_ntn_cd,ntn_eng_nm,ntn_korn_nm,del_yn,rgtr_id,reg_dt,mdfr_id,mdfcn_dt) VALUES ('GL','GREENLAND','그린란드','N','SYSTEM',CURRENT_TIMESTAMP,'SYSTEM',CURRENT_TIMESTAMP);
INSERT INTO com_ntn_cd_bsc (iata_ntn_cd,ntn_eng_nm,ntn_korn_nm,del_yn,rgtr_id,reg_dt,mdfr_id,mdfcn_dt) VALUES ('GN','GUINEA','기니','N','SYSTEM',CURRENT_TIMESTAMP,'SYSTEM',CURRENT_TIMESTAMP);
INSERT INTO com_ntn_cd_bsc (iata_ntn_cd,ntn_eng_nm,ntn_korn_nm,del_yn,rgtr_id,reg_dt,mdfr_id,mdfcn_dt) VALUES ('GW','GUINEA-BISSAU','기니비사우','N','SYSTEM',CURRENT_TIMESTAMP,'SYSTEM',CURRENT_TIMESTAMP);
INSERT INTO com_ntn_cd_bsc (iata_ntn_cd,ntn_eng_nm,ntn_korn_nm,del_yn,rgtr_id,reg_dt,mdfr_id,mdfcn_dt) VALUES ('NA','NAMIBIA','나미비아','N','SYSTEM',CURRENT_TIMESTAMP,'SYSTEM',CURRENT_TIMESTAMP);
INSERT INTO com_ntn_cd_bsc (iata_ntn_cd,ntn_eng_nm,ntn_korn_nm,del_yn,rgtr_id,reg_dt,mdfr_id,mdfcn_dt) VALUES ('NR','NAURU','나우루','N','SYSTEM',CURRENT_TIMESTAMP,'SYSTEM',CURRENT_TIMESTAMP);
INSERT INTO com_ntn_cd_bsc (iata_ntn_cd,ntn_eng_nm,ntn_korn_nm,del_yn,rgtr_id,reg_dt,mdfr_id,mdfcn_dt) VALUES ('NG','NIGERIA','나이지리아','N','SYSTEM',CURRENT_TIMESTAMP,'SYSTEM',CURRENT_TIMESTAMP);
INSERT INTO com_ntn_cd_bsc (iata_ntn_cd,ntn_eng_nm,ntn_korn_nm,del_yn,rgtr_id,reg_dt,mdfr_id,mdfcn_dt) VALUES ('AQ','ANTARCTICA','남극','N','SYSTEM',CURRENT_TIMESTAMP,'SYSTEM',CURRENT_TIMESTAMP);
INSERT INTO com_ntn_cd_bsc (iata_ntn_cd,ntn_eng_nm,ntn_korn_nm,del_yn,rgtr_id,reg_dt,mdfr_id,mdfcn_dt) VALUES ('SS','REPUBLIC OF SOUTH SUDAN','남수단','N','SYSTEM',CURRENT_TIMESTAMP,'SYSTEM',CURRENT_TIMESTAMP);
INSERT INTO com_ntn_cd_bsc (iata_ntn_cd,ntn_eng_nm,ntn_korn_nm,del_yn,rgtr_id,reg_dt,mdfr_id,mdfcn_dt) VALUES ('ZA','SOUTH AFRICA','남아프리카 공화국','N','SYSTEM',CURRENT_TIMESTAMP,'SYSTEM',CURRENT_TIMESTAMP);
INSERT INTO com_ntn_cd_bsc (iata_ntn_cd,ntn_eng_nm,ntn_korn_nm,del_yn,rgtr_id,reg_dt,mdfr_id,mdfcn_dt) VALUES ('NL','NETHERLANDS','네덜란드','N','SYSTEM',CURRENT_TIMESTAMP,'SYSTEM',CURRENT_TIMESTAMP);
INSERT INTO com_ntn_cd_bsc (iata_ntn_cd,ntn_eng_nm,ntn_korn_nm,del_yn,rgtr_id,reg_dt,mdfr_id,mdfcn_dt) VALUES ('AN','NETHERLANDS ANTILLES','네덜란드령 안틸레스','N','SYSTEM',CURRENT_TIMESTAMP,'SYSTEM',CURRENT_TIMESTAMP);
INSERT INTO com_ntn_cd_bsc (iata_ntn_cd,ntn_eng_nm,ntn_korn_nm,del_yn,rgtr_id,reg_dt,mdfr_id,mdfcn_dt) VALUES ('NP','NEPAL','네팔','N','SYSTEM',CURRENT_TIMESTAMP,'SYSTEM',CURRENT_TIMESTAMP);
INSERT INTO com_ntn_cd_bsc (iata_ntn_cd,ntn_eng_nm,ntn_korn_nm,del_yn,rgtr_id,reg_dt,mdfr_id,mdfcn_dt) VALUES ('NO','NORWAY','노르웨이','N','SYSTEM',CURRENT_TIMESTAMP,'SYSTEM',CURRENT_TIMESTAMP);
INSERT INTO com_ntn_cd_bsc (iata_ntn_cd,ntn_eng_nm,ntn_korn_nm,del_yn,rgtr_id,reg_dt,mdfr_id,mdfcn_dt) VALUES ('NF','NORFOLK ISLAND','노퍽 섬(오스트레일리아)','N','SYSTEM',CURRENT_TIMESTAMP,'SYSTEM',CURRENT_TIMESTAMP);
INSERT INTO com_ntn_cd_bsc (iata_ntn_cd,ntn_eng_nm,ntn_korn_nm,del_yn,rgtr_id,reg_dt,mdfr_id,mdfcn_dt) VALUES ('NC','NEW CALEDONIA','누벨칼레도니','N','SYSTEM',CURRENT_TIMESTAMP,'SYSTEM',CURRENT_TIMESTAMP);
INSERT INTO com_ntn_cd_bsc (iata_ntn_cd,ntn_eng_nm,ntn_korn_nm,del_yn,rgtr_id,reg_dt,mdfr_id,mdfcn_dt) VALUES ('NZ','NEW ZEALAND','뉴질랜드','N','SYSTEM',CURRENT_TIMESTAMP,'SYSTEM',CURRENT_TIMESTAMP);
INSERT INTO com_ntn_cd_bsc (iata_ntn_cd,ntn_eng_nm,ntn_korn_nm,del_yn,rgtr_id,reg_dt,mdfr_id,mdfcn_dt) VALUES ('NU','NIUE','니우에','N','SYSTEM',CURRENT_TIMESTAMP,'SYSTEM',CURRENT_TIMESTAMP);
INSERT INTO com_ntn_cd_bsc (iata_ntn_cd,ntn_eng_nm,ntn_korn_nm,del_yn,rgtr_id,reg_dt,mdfr_id,mdfcn_dt) VALUES ('NE','NIGER','니제르','N','SYSTEM',CURRENT_TIMESTAMP,'SYSTEM',CURRENT_TIMESTAMP);
INSERT INTO com_ntn_cd_bsc (iata_ntn_cd,ntn_eng_nm,ntn_korn_nm,del_yn,rgtr_id,reg_dt,mdfr_id,mdfcn_dt) VALUES ('NI','NICARAGUA','니카라과','N','SYSTEM',CURRENT_TIMESTAMP,'SYSTEM',CURRENT_TIMESTAMP);
INSERT INTO com_ntn_cd_bsc (iata_ntn_cd,ntn_eng_nm,ntn_korn_nm,del_yn,rgtr_id,reg_dt,mdfr_id,mdfcn_dt) VALUES ('KR','KOREA','대한민국','N','SYSTEM',CURRENT_TIMESTAMP,'SYSTEM',CURRENT_TIMESTAMP);
INSERT INTO com_ntn_cd_bsc (iata_ntn_cd,ntn_eng_nm,ntn_korn_nm,del_yn,rgtr_id,reg_dt,mdfr_id,mdfcn_dt) VALUES ('DK','DENMARK','덴마크','N','SYSTEM',CURRENT_TIMESTAMP,'SYSTEM',CURRENT_TIMESTAMP);
INSERT INTO com_ntn_cd_bsc (iata_ntn_cd,ntn_eng_nm,ntn_korn_nm,del_yn,rgtr_id,reg_dt,mdfr_id,mdfcn_dt) VALUES ('DO','DOMINICAN REPUBLIC','도미니카 공화국','N','SYSTEM',CURRENT_TIMESTAMP,'SYSTEM',CURRENT_TIMESTAMP);
INSERT INTO com_ntn_cd_bsc (iata_ntn_cd,ntn_eng_nm,ntn_korn_nm,del_yn,rgtr_id,reg_dt,mdfr_id,mdfcn_dt) VALUES ('DM','DOMINICA','도미니카 연방','N','SYSTEM',CURRENT_TIMESTAMP,'SYSTEM',CURRENT_TIMESTAMP);
INSERT INTO com_ntn_cd_bsc (iata_ntn_cd,ntn_eng_nm,ntn_korn_nm,del_yn,rgtr_id,reg_dt,mdfr_id,mdfcn_dt) VALUES ('DE','GERMANY','독일','N','SYSTEM',CURRENT_TIMESTAMP,'SYSTEM',CURRENT_TIMESTAMP);
INSERT INTO com_ntn_cd_bsc (iata_ntn_cd,ntn_eng_nm,ntn_korn_nm,del_yn,rgtr_id,reg_dt,mdfr_id,mdfcn_dt) VALUES ('TL','EAST TIMOR','동티모르','N','SYSTEM',CURRENT_TIMESTAMP,'SYSTEM',CURRENT_TIMESTAMP);
INSERT INTO com_ntn_cd_bsc (iata_ntn_cd,ntn_eng_nm,ntn_korn_nm,del_yn,rgtr_id,reg_dt,mdfr_id,mdfcn_dt) VALUES ('LA','LAO PEOPLE''S DEMOCRATIC REPUBLIC','라오스','N','SYSTEM',CURRENT_TIMESTAMP,'SYSTEM',CURRENT_TIMESTAMP);
INSERT INTO com_ntn_cd_bsc (iata_ntn_cd,ntn_eng_nm,ntn_korn_nm,del_yn,rgtr_id,reg_dt,mdfr_id,mdfcn_dt) VALUES ('LR','LIBERIA','라이베리아','N','SYSTEM',CURRENT_TIMESTAMP,'SYSTEM',CURRENT_TIMESTAMP);
INSERT INTO com_ntn_cd_bsc (iata_ntn_cd,ntn_eng_nm,ntn_korn_nm,del_yn,rgtr_id,reg_dt,mdfr_id,mdfcn_dt) VALUES ('LV','LATVIA','라트비아','N','SYSTEM',CURRENT_TIMESTAMP,'SYSTEM',CURRENT_TIMESTAMP);
INSERT INTO com_ntn_cd_bsc (iata_ntn_cd,ntn_eng_nm,ntn_korn_nm,del_yn,rgtr_id,reg_dt,mdfr_id,mdfcn_dt) VALUES ('RU','RUSSIAN FEDERATION','러시아','N','SYSTEM',CURRENT_TIMESTAMP,'SYSTEM',CURRENT_TIMESTAMP);
INSERT INTO com_ntn_cd_bsc (iata_ntn_cd,ntn_eng_nm,ntn_korn_nm,del_yn,rgtr_id,reg_dt,mdfr_id,mdfcn_dt) VALUES ('LB','LEBANON','레바논','N','SYSTEM',CURRENT_TIMESTAMP,'SYSTEM',CURRENT_TIMESTAMP);
INSERT INTO com_ntn_cd_bsc (iata_ntn_cd,ntn_eng_nm,ntn_korn_nm,del_yn,rgtr_id,reg_dt,mdfr_id,mdfcn_dt) VALUES ('LS','LESOTHO','레소토','N','SYSTEM',CURRENT_TIMESTAMP,'SYSTEM',CURRENT_TIMESTAMP);
INSERT INTO com_ntn_cd_bsc (iata_ntn_cd,ntn_eng_nm,ntn_korn_nm,del_yn,rgtr_id,reg_dt,mdfr_id,mdfcn_dt) VALUES ('RE','REUNION','레위니옹(프랑스)','N','SYSTEM',CURRENT_TIMESTAMP,'SYSTEM',CURRENT_TIMESTAMP);
INSERT INTO com_ntn_cd_bsc (iata_ntn_cd,ntn_eng_nm,ntn_korn_nm,del_yn,rgtr_id,reg_dt,mdfr_id,mdfcn_dt) VALUES ('RO','ROMANIA','루마니아','N','SYSTEM',CURRENT_TIMESTAMP,'SYSTEM',CURRENT_TIMESTAMP);
INSERT INTO com_ntn_cd_bsc (iata_ntn_cd,ntn_eng_nm,ntn_korn_nm,del_yn,rgtr_id,reg_dt,mdfr_id,mdfcn_dt) VALUES ('LU','LUXEMBOURG','룩셈부르크','N','SYSTEM',CURRENT_TIMESTAMP,'SYSTEM',CURRENT_TIMESTAMP);
INSERT INTO com_ntn_cd_bsc (iata_ntn_cd,ntn_eng_nm,ntn_korn_nm,del_yn,rgtr_id,reg_dt,mdfr_id,mdfcn_dt) VALUES ('RW','RWANDA','르완다','N','SYSTEM',CURRENT_TIMESTAMP,'SYSTEM',CURRENT_TIMESTAMP);
INSERT INTO com_ntn_cd_bsc (iata_ntn_cd,ntn_eng_nm,ntn_korn_nm,del_yn,rgtr_id,reg_dt,mdfr_id,mdfcn_dt) VALUES ('LY','LIBYAN ARAB JAMAHIRIYA','리비아','N','SYSTEM',CURRENT_TIMESTAMP,'SYSTEM',CURRENT_TIMESTAMP);
INSERT INTO com_ntn_cd_bsc (iata_ntn_cd,ntn_eng_nm,ntn_korn_nm,del_yn,rgtr_id,reg_dt,mdfr_id,mdfcn_dt) VALUES ('LT','LITHUANIA','리투아니아','N','SYSTEM',CURRENT_TIMESTAMP,'SYSTEM',CURRENT_TIMESTAMP);
INSERT INTO com_ntn_cd_bsc (iata_ntn_cd,ntn_eng_nm,ntn_korn_nm,del_yn,rgtr_id,reg_dt,mdfr_id,mdfcn_dt) VALUES ('LI','LIECHTENSTEIN','리히텐슈타인','N','SYSTEM',CURRENT_TIMESTAMP,'SYSTEM',CURRENT_TIMESTAMP);
INSERT INTO com_ntn_cd_bsc (iata_ntn_cd,ntn_eng_nm,ntn_korn_nm,del_yn,rgtr_id,reg_dt,mdfr_id,mdfcn_dt) VALUES ('MG','MADAGASCAR','마다가스카르','N','SYSTEM',CURRENT_TIMESTAMP,'SYSTEM',CURRENT_TIMESTAMP);
INSERT INTO com_ntn_cd_bsc (iata_ntn_cd,ntn_eng_nm,ntn_korn_nm,del_yn,rgtr_id,reg_dt,mdfr_id,mdfcn_dt) VALUES ('MQ','MARTINIQUE','마르티니크','N','SYSTEM',CURRENT_TIMESTAMP,'SYSTEM',CURRENT_TIMESTAMP);
INSERT INTO com_ntn_cd_bsc (iata_ntn_cd,ntn_eng_nm,ntn_korn_nm,del_yn,rgtr_id,reg_dt,mdfr_id,mdfcn_dt) VALUES ('MH','MARSHALL ISLANDS','마셜 제도','N','SYSTEM',CURRENT_TIMESTAMP,'SYSTEM',CURRENT_TIMESTAMP);
INSERT INTO com_ntn_cd_bsc (iata_ntn_cd,ntn_eng_nm,ntn_korn_nm,del_yn,rgtr_id,reg_dt,mdfr_id,mdfcn_dt) VALUES ('YT','MAYOTTE','마요트','N','SYSTEM',CURRENT_TIMESTAMP,'SYSTEM',CURRENT_TIMESTAMP);
INSERT INTO com_ntn_cd_bsc (iata_ntn_cd,ntn_eng_nm,ntn_korn_nm,del_yn,rgtr_id,reg_dt,mdfr_id,mdfcn_dt) VALUES ('MO','MACAU','마카오','N','SYSTEM',CURRENT_TIMESTAMP,'SYSTEM',CURRENT_TIMESTAMP);
INSERT INTO com_ntn_cd_bsc (iata_ntn_cd,ntn_eng_nm,ntn_korn_nm,del_yn,rgtr_id,reg_dt,mdfr_id,mdfcn_dt) VALUES ('MK','REPUBLIC OF MACEDONIA','마케도니아 공화국','N','SYSTEM',CURRENT_TIMESTAMP,'SYSTEM',CURRENT_TIMESTAMP);
INSERT INTO com_ntn_cd_bsc (iata_ntn_cd,ntn_eng_nm,ntn_korn_nm,del_yn,rgtr_id,reg_dt,mdfr_id,mdfcn_dt) VALUES ('MW','MALAWI','말라위','N','SYSTEM',CURRENT_TIMESTAMP,'SYSTEM',CURRENT_TIMESTAMP);
INSERT INTO com_ntn_cd_bsc (iata_ntn_cd,ntn_eng_nm,ntn_korn_nm,del_yn,rgtr_id,reg_dt,mdfr_id,mdfcn_dt) VALUES ('MY','MALAYSIA','말레이시아','N','SYSTEM',CURRENT_TIMESTAMP,'SYSTEM',CURRENT_TIMESTAMP);
INSERT INTO com_ntn_cd_bsc (iata_ntn_cd,ntn_eng_nm,ntn_korn_nm,del_yn,rgtr_id,reg_dt,mdfr_id,mdfcn_dt) VALUES ('ML','MALI','말리','N','SYSTEM',CURRENT_TIMESTAMP,'SYSTEM',CURRENT_TIMESTAMP);
INSERT INTO com_ntn_cd_bsc (iata_ntn_cd,ntn_eng_nm,ntn_korn_nm,del_yn,rgtr_id,reg_dt,mdfr_id,mdfcn_dt) VALUES ('IM','ISLE OF MAN','맨 섬','N','SYSTEM',CURRENT_TIMESTAMP,'SYSTEM',CURRENT_TIMESTAMP);
INSERT INTO com_ntn_cd_bsc (iata_ntn_cd,ntn_eng_nm,ntn_korn_nm,del_yn,rgtr_id,reg_dt,mdfr_id,mdfcn_dt) VALUES ('MX','MEXICO','멕시코','N','SYSTEM',CURRENT_TIMESTAMP,'SYSTEM',CURRENT_TIMESTAMP);
INSERT INTO com_ntn_cd_bsc (iata_ntn_cd,ntn_eng_nm,ntn_korn_nm,del_yn,rgtr_id,reg_dt,mdfr_id,mdfcn_dt) VALUES ('MC','MONACO','모나코','N','SYSTEM',CURRENT_TIMESTAMP,'SYSTEM',CURRENT_TIMESTAMP);
INSERT INTO com_ntn_cd_bsc (iata_ntn_cd,ntn_eng_nm,ntn_korn_nm,del_yn,rgtr_id,reg_dt,mdfr_id,mdfcn_dt) VALUES ('MA','MOROCCO','모로코','N','SYSTEM',CURRENT_TIMESTAMP,'SYSTEM',CURRENT_TIMESTAMP);
INSERT INTO com_ntn_cd_bsc (iata_ntn_cd,ntn_eng_nm,ntn_korn_nm,del_yn,rgtr_id,reg_dt,mdfr_id,mdfcn_dt) VALUES ('MU','MAURITIUS','모리셔스','N','SYSTEM',CURRENT_TIMESTAMP,'SYSTEM',CURRENT_TIMESTAMP);
INSERT INTO com_ntn_cd_bsc (iata_ntn_cd,ntn_eng_nm,ntn_korn_nm,del_yn,rgtr_id,reg_dt,mdfr_id,mdfcn_dt) VALUES ('MR','MAURITANIA','모리타니','N','SYSTEM',CURRENT_TIMESTAMP,'SYSTEM',CURRENT_TIMESTAMP);
INSERT INTO com_ntn_cd_bsc (iata_ntn_cd,ntn_eng_nm,ntn_korn_nm,del_yn,rgtr_id,reg_dt,mdfr_id,mdfcn_dt) VALUES ('MZ','MOZAMBIQUE','모잠비크','N','SYSTEM',CURRENT_TIMESTAMP,'SYSTEM',CURRENT_TIMESTAMP);
INSERT INTO com_ntn_cd_bsc (iata_ntn_cd,ntn_eng_nm,ntn_korn_nm,del_yn,rgtr_id,reg_dt,mdfr_id,mdfcn_dt) VALUES ('ME','MONTENEGRO','몬테네그로','N','SYSTEM',CURRENT_TIMESTAMP,'SYSTEM',CURRENT_TIMESTAMP);
INSERT INTO com_ntn_cd_bsc (iata_ntn_cd,ntn_eng_nm,ntn_korn_nm,del_yn,rgtr_id,reg_dt,mdfr_id,mdfcn_dt) VALUES ('MS','MONTSERRAT','몬트세랫','N','SYSTEM',CURRENT_TIMESTAMP,'SYSTEM',CURRENT_TIMESTAMP);
INSERT INTO com_ntn_cd_bsc (iata_ntn_cd,ntn_eng_nm,ntn_korn_nm,del_yn,rgtr_id,reg_dt,mdfr_id,mdfcn_dt) VALUES ('MD','MOLDOVA, REPUBLIC OF','몰도바','N','SYSTEM',CURRENT_TIMESTAMP,'SYSTEM',CURRENT_TIMESTAMP);
INSERT INTO com_ntn_cd_bsc (iata_ntn_cd,ntn_eng_nm,ntn_korn_nm,del_yn,rgtr_id,reg_dt,mdfr_id,mdfcn_dt) VALUES ('MV','MALDIVES','몰디브','N','SYSTEM',CURRENT_TIMESTAMP,'SYSTEM',CURRENT_TIMESTAMP);
INSERT INTO com_ntn_cd_bsc (iata_ntn_cd,ntn_eng_nm,ntn_korn_nm,del_yn,rgtr_id,reg_dt,mdfr_id,mdfcn_dt) VALUES ('MT','MALTA','몰타','N','SYSTEM',CURRENT_TIMESTAMP,'SYSTEM',CURRENT_TIMESTAMP);
INSERT INTO com_ntn_cd_bsc (iata_ntn_cd,ntn_eng_nm,ntn_korn_nm,del_yn,rgtr_id,reg_dt,mdfr_id,mdfcn_dt) VALUES ('MN','MONGOLIA','몽골','N','SYSTEM',CURRENT_TIMESTAMP,'SYSTEM',CURRENT_TIMESTAMP);
INSERT INTO com_ntn_cd_bsc (iata_ntn_cd,ntn_eng_nm,ntn_korn_nm,del_yn,rgtr_id,reg_dt,mdfr_id,mdfcn_dt) VALUES ('US','UNITED STATES','미국','N','SYSTEM',CURRENT_TIMESTAMP,'SYSTEM',CURRENT_TIMESTAMP);
INSERT INTO com_ntn_cd_bsc (iata_ntn_cd,ntn_eng_nm,ntn_korn_nm,del_yn,rgtr_id,reg_dt,mdfr_id,mdfcn_dt) VALUES ('UM','UNITED STATES MINOR OUTLYING ISLANDS','미국령 군소 제도','N','SYSTEM',CURRENT_TIMESTAMP,'SYSTEM',CURRENT_TIMESTAMP);
INSERT INTO com_ntn_cd_bsc (iata_ntn_cd,ntn_eng_nm,ntn_korn_nm,del_yn,rgtr_id,reg_dt,mdfr_id,mdfcn_dt) VALUES ('VI','VIRGIN ISLANDS, U.S.','미국령 버진아일랜드','N','SYSTEM',CURRENT_TIMESTAMP,'SYSTEM',CURRENT_TIMESTAMP);
INSERT INTO com_ntn_cd_bsc (iata_ntn_cd,ntn_eng_nm,ntn_korn_nm,del_yn,rgtr_id,reg_dt,mdfr_id,mdfcn_dt) VALUES ('MM','MYANMAR','미얀마','N','SYSTEM',CURRENT_TIMESTAMP,'SYSTEM',CURRENT_TIMESTAMP);
INSERT INTO com_ntn_cd_bsc (iata_ntn_cd,ntn_eng_nm,ntn_korn_nm,del_yn,rgtr_id,reg_dt,mdfr_id,mdfcn_dt) VALUES ('FM','MICRONESIA','미크로네시아 연방','N','SYSTEM',CURRENT_TIMESTAMP,'SYSTEM',CURRENT_TIMESTAMP);
INSERT INTO com_ntn_cd_bsc (iata_ntn_cd,ntn_eng_nm,ntn_korn_nm,del_yn,rgtr_id,reg_dt,mdfr_id,mdfcn_dt) VALUES ('VU','VANUATU','바누아투','N','SYSTEM',CURRENT_TIMESTAMP,'SYSTEM',CURRENT_TIMESTAMP);
INSERT INTO com_ntn_cd_bsc (iata_ntn_cd,ntn_eng_nm,ntn_korn_nm,del_yn,rgtr_id,reg_dt,mdfr_id,mdfcn_dt) VALUES ('BH','BAHRAIN','바레인','N','SYSTEM',CURRENT_TIMESTAMP,'SYSTEM',CURRENT_TIMESTAMP);
INSERT INTO com_ntn_cd_bsc (iata_ntn_cd,ntn_eng_nm,ntn_korn_nm,del_yn,rgtr_id,reg_dt,mdfr_id,mdfcn_dt) VALUES ('BB','BARBADOS','바베이도스','N','SYSTEM',CURRENT_TIMESTAMP,'SYSTEM',CURRENT_TIMESTAMP);
INSERT INTO com_ntn_cd_bsc (iata_ntn_cd,ntn_eng_nm,ntn_korn_nm,del_yn,rgtr_id,reg_dt,mdfr_id,mdfcn_dt) VALUES ('VA','VATICAN CITY STATE','바티칸 시국','N','SYSTEM',CURRENT_TIMESTAMP,'SYSTEM',CURRENT_TIMESTAMP);
INSERT INTO com_ntn_cd_bsc (iata_ntn_cd,ntn_eng_nm,ntn_korn_nm,del_yn,rgtr_id,reg_dt,mdfr_id,mdfcn_dt) VALUES ('BS','BAHAMAS','바하마','N','SYSTEM',CURRENT_TIMESTAMP,'SYSTEM',CURRENT_TIMESTAMP);
INSERT INTO com_ntn_cd_bsc (iata_ntn_cd,ntn_eng_nm,ntn_korn_nm,del_yn,rgtr_id,reg_dt,mdfr_id,mdfcn_dt) VALUES ('BD','BANGLADESH','방글라데시','N','SYSTEM',CURRENT_TIMESTAMP,'SYSTEM',CURRENT_TIMESTAMP);
INSERT INTO com_ntn_cd_bsc (iata_ntn_cd,ntn_eng_nm,ntn_korn_nm,del_yn,rgtr_id,reg_dt,mdfr_id,mdfcn_dt) VALUES ('BM','BERMUDA','버뮤다','N','SYSTEM',CURRENT_TIMESTAMP,'SYSTEM',CURRENT_TIMESTAMP);
INSERT INTO com_ntn_cd_bsc (iata_ntn_cd,ntn_eng_nm,ntn_korn_nm,del_yn,rgtr_id,reg_dt,mdfr_id,mdfcn_dt) VALUES ('BJ','BENIN','베냉','N','SYSTEM',CURRENT_TIMESTAMP,'SYSTEM',CURRENT_TIMESTAMP);
INSERT INTO com_ntn_cd_bsc (iata_ntn_cd,ntn_eng_nm,ntn_korn_nm,del_yn,rgtr_id,reg_dt,mdfr_id,mdfcn_dt) VALUES ('VE','VENEZUELA','베네수엘라','N','SYSTEM',CURRENT_TIMESTAMP,'SYSTEM',CURRENT_TIMESTAMP);
INSERT INTO com_ntn_cd_bsc (iata_ntn_cd,ntn_eng_nm,ntn_korn_nm,del_yn,rgtr_id,reg_dt,mdfr_id,mdfcn_dt) VALUES ('VN','VIET NAM','베트남','N','SYSTEM',CURRENT_TIMESTAMP,'SYSTEM',CURRENT_TIMESTAMP);
INSERT INTO com_ntn_cd_bsc (iata_ntn_cd,ntn_eng_nm,ntn_korn_nm,del_yn,rgtr_id,reg_dt,mdfr_id,mdfcn_dt) VALUES ('BE','BELGIUM','벨기에','N','SYSTEM',CURRENT_TIMESTAMP,'SYSTEM',CURRENT_TIMESTAMP);
INSERT INTO com_ntn_cd_bsc (iata_ntn_cd,ntn_eng_nm,ntn_korn_nm,del_yn,rgtr_id,reg_dt,mdfr_id,mdfcn_dt) VALUES ('BY','BELARUS','벨라루스','N','SYSTEM',CURRENT_TIMESTAMP,'SYSTEM',CURRENT_TIMESTAMP);
INSERT INTO com_ntn_cd_bsc (iata_ntn_cd,ntn_eng_nm,ntn_korn_nm,del_yn,rgtr_id,reg_dt,mdfr_id,mdfcn_dt) VALUES ('BZ','BELIZE','벨리즈','N','SYSTEM',CURRENT_TIMESTAMP,'SYSTEM',CURRENT_TIMESTAMP);
INSERT INTO com_ntn_cd_bsc (iata_ntn_cd,ntn_eng_nm,ntn_korn_nm,del_yn,rgtr_id,reg_dt,mdfr_id,mdfcn_dt) VALUES ('BA','BOSNIA HERCEGOVINA','보스니아 헤르체고비나','N','SYSTEM',CURRENT_TIMESTAMP,'SYSTEM',CURRENT_TIMESTAMP);
INSERT INTO com_ntn_cd_bsc (iata_ntn_cd,ntn_eng_nm,ntn_korn_nm,del_yn,rgtr_id,reg_dt,mdfr_id,mdfcn_dt) VALUES ('BW','BOTSWANA','보츠와나','N','SYSTEM',CURRENT_TIMESTAMP,'SYSTEM',CURRENT_TIMESTAMP);
INSERT INTO com_ntn_cd_bsc (iata_ntn_cd,ntn_eng_nm,ntn_korn_nm,del_yn,rgtr_id,reg_dt,mdfr_id,mdfcn_dt) VALUES ('BO','BOLIVIA','볼리비아','N','SYSTEM',CURRENT_TIMESTAMP,'SYSTEM',CURRENT_TIMESTAMP);
INSERT INTO com_ntn_cd_bsc (iata_ntn_cd,ntn_eng_nm,ntn_korn_nm,del_yn,rgtr_id,reg_dt,mdfr_id,mdfcn_dt) VALUES ('BI','BURUNDI','부룬디','N','SYSTEM',CURRENT_TIMESTAMP,'SYSTEM',CURRENT_TIMESTAMP);
INSERT INTO com_ntn_cd_bsc (iata_ntn_cd,ntn_eng_nm,ntn_korn_nm,del_yn,rgtr_id,reg_dt,mdfr_id,mdfcn_dt) VALUES ('BF','BURKINA FASO','부르키나파소','N','SYSTEM',CURRENT_TIMESTAMP,'SYSTEM',CURRENT_TIMESTAMP);
INSERT INTO com_ntn_cd_bsc (iata_ntn_cd,ntn_eng_nm,ntn_korn_nm,del_yn,rgtr_id,reg_dt,mdfr_id,mdfcn_dt) VALUES ('BV','BOUVET ISLAND','부베 섬','N','SYSTEM',CURRENT_TIMESTAMP,'SYSTEM',CURRENT_TIMESTAMP);
INSERT INTO com_ntn_cd_bsc (iata_ntn_cd,ntn_eng_nm,ntn_korn_nm,del_yn,rgtr_id,reg_dt,mdfr_id,mdfcn_dt) VALUES ('BT','BHUTAN','부탄','N','SYSTEM',CURRENT_TIMESTAMP,'SYSTEM',CURRENT_TIMESTAMP);
INSERT INTO com_ntn_cd_bsc (iata_ntn_cd,ntn_eng_nm,ntn_korn_nm,del_yn,rgtr_id,reg_dt,mdfr_id,mdfcn_dt) VALUES ('MP','NORTHERN MARIANA ISLANDS','북마리아나 제도','N','SYSTEM',CURRENT_TIMESTAMP,'SYSTEM',CURRENT_TIMESTAMP);
INSERT INTO com_ntn_cd_bsc (iata_ntn_cd,ntn_eng_nm,ntn_korn_nm,del_yn,rgtr_id,reg_dt,mdfr_id,mdfcn_dt) VALUES ('BG','BULGARIA','불가리아','N','SYSTEM',CURRENT_TIMESTAMP,'SYSTEM',CURRENT_TIMESTAMP);
INSERT INTO com_ntn_cd_bsc (iata_ntn_cd,ntn_eng_nm,ntn_korn_nm,del_yn,rgtr_id,reg_dt,mdfr_id,mdfcn_dt) VALUES ('BR','BRAZIL','브라질','N','SYSTEM',CURRENT_TIMESTAMP,'SYSTEM',CURRENT_TIMESTAMP);
INSERT INTO com_ntn_cd_bsc (iata_ntn_cd,ntn_eng_nm,ntn_korn_nm,del_yn,rgtr_id,reg_dt,mdfr_id,mdfcn_dt) VALUES ('BN','BRUNEI DARUSSALAM','브루나이','N','SYSTEM',CURRENT_TIMESTAMP,'SYSTEM',CURRENT_TIMESTAMP);
INSERT INTO com_ntn_cd_bsc (iata_ntn_cd,ntn_eng_nm,ntn_korn_nm,del_yn,rgtr_id,reg_dt,mdfr_id,mdfcn_dt) VALUES ('WS','SAMOA','사모아','N','SYSTEM',CURRENT_TIMESTAMP,'SYSTEM',CURRENT_TIMESTAMP);
INSERT INTO com_ntn_cd_bsc (iata_ntn_cd,ntn_eng_nm,ntn_korn_nm,del_yn,rgtr_id,reg_dt,mdfr_id,mdfcn_dt) VALUES ('SA','SAUDI ARABIA','사우디아라비아','N','SYSTEM',CURRENT_TIMESTAMP,'SYSTEM',CURRENT_TIMESTAMP);
INSERT INTO com_ntn_cd_bsc (iata_ntn_cd,ntn_eng_nm,ntn_korn_nm,del_yn,rgtr_id,reg_dt,mdfr_id,mdfcn_dt) VALUES ('SM','SAN MARINO','산마리노','N','SYSTEM',CURRENT_TIMESTAMP,'SYSTEM',CURRENT_TIMESTAMP);
INSERT INTO com_ntn_cd_bsc (iata_ntn_cd,ntn_eng_nm,ntn_korn_nm,del_yn,rgtr_id,reg_dt,mdfr_id,mdfcn_dt) VALUES ('ST','SAO TOME AND PRINCIPE','상투메 프린시페','N','SYSTEM',CURRENT_TIMESTAMP,'SYSTEM',CURRENT_TIMESTAMP);
INSERT INTO com_ntn_cd_bsc (iata_ntn_cd,ntn_eng_nm,ntn_korn_nm,del_yn,rgtr_id,reg_dt,mdfr_id,mdfcn_dt) VALUES ('PM','ST. PIERRE AND MIQUELON','생피에르 미클롱','N','SYSTEM',CURRENT_TIMESTAMP,'SYSTEM',CURRENT_TIMESTAMP);
INSERT INTO com_ntn_cd_bsc (iata_ntn_cd,ntn_eng_nm,ntn_korn_nm,del_yn,rgtr_id,reg_dt,mdfr_id,mdfcn_dt) VALUES ('EH','WESTERN SAHARA','서사하라','N','SYSTEM',CURRENT_TIMESTAMP,'SYSTEM',CURRENT_TIMESTAMP);
INSERT INTO com_ntn_cd_bsc (iata_ntn_cd,ntn_eng_nm,ntn_korn_nm,del_yn,rgtr_id,reg_dt,mdfr_id,mdfcn_dt) VALUES ('SN','SENEGAL','세네갈','N','SYSTEM',CURRENT_TIMESTAMP,'SYSTEM',CURRENT_TIMESTAMP);
INSERT INTO com_ntn_cd_bsc (iata_ntn_cd,ntn_eng_nm,ntn_korn_nm,del_yn,rgtr_id,reg_dt,mdfr_id,mdfcn_dt) VALUES ('RS','SERBIA','세르비아','N','SYSTEM',CURRENT_TIMESTAMP,'SYSTEM',CURRENT_TIMESTAMP);
INSERT INTO com_ntn_cd_bsc (iata_ntn_cd,ntn_eng_nm,ntn_korn_nm,del_yn,rgtr_id,reg_dt,mdfr_id,mdfcn_dt) VALUES ('SC','SEYCHELLES','세이셸','N','SYSTEM',CURRENT_TIMESTAMP,'SYSTEM',CURRENT_TIMESTAMP);
INSERT INTO com_ntn_cd_bsc (iata_ntn_cd,ntn_eng_nm,ntn_korn_nm,del_yn,rgtr_id,reg_dt,mdfr_id,mdfcn_dt) VALUES ('LC','SAINT LUCIA','세인트루시아','N','SYSTEM',CURRENT_TIMESTAMP,'SYSTEM',CURRENT_TIMESTAMP);
INSERT INTO com_ntn_cd_bsc (iata_ntn_cd,ntn_eng_nm,ntn_korn_nm,del_yn,rgtr_id,reg_dt,mdfr_id,mdfcn_dt) VALUES ('VC','SAINT VINCENT AND THE GRENADINES','세인트빈센트 그레나딘','N','SYSTEM',CURRENT_TIMESTAMP,'SYSTEM',CURRENT_TIMESTAMP);
INSERT INTO com_ntn_cd_bsc (iata_ntn_cd,ntn_eng_nm,ntn_korn_nm,del_yn,rgtr_id,reg_dt,mdfr_id,mdfcn_dt) VALUES ('KN','SAINT KITTS AND NEVIS','세인트키츠 네비스','N','SYSTEM',CURRENT_TIMESTAMP,'SYSTEM',CURRENT_TIMESTAMP);
INSERT INTO com_ntn_cd_bsc (iata_ntn_cd,ntn_eng_nm,ntn_korn_nm,del_yn,rgtr_id,reg_dt,mdfr_id,mdfcn_dt) VALUES ('SH','ST. HELENA','세인트헬레나','N','SYSTEM',CURRENT_TIMESTAMP,'SYSTEM',CURRENT_TIMESTAMP);
INSERT INTO com_ntn_cd_bsc (iata_ntn_cd,ntn_eng_nm,ntn_korn_nm,del_yn,rgtr_id,reg_dt,mdfr_id,mdfcn_dt) VALUES ('SO','SOMALIA','소말리아','N','SYSTEM',CURRENT_TIMESTAMP,'SYSTEM',CURRENT_TIMESTAMP);
INSERT INTO com_ntn_cd_bsc (iata_ntn_cd,ntn_eng_nm,ntn_korn_nm,del_yn,rgtr_id,reg_dt,mdfr_id,mdfcn_dt) VALUES ('SB','SOLOMON ISLANDS','솔로몬 제도','N','SYSTEM',CURRENT_TIMESTAMP,'SYSTEM',CURRENT_TIMESTAMP);
INSERT INTO com_ntn_cd_bsc (iata_ntn_cd,ntn_eng_nm,ntn_korn_nm,del_yn,rgtr_id,reg_dt,mdfr_id,mdfcn_dt) VALUES ('SD','SUDAN','수단','N','SYSTEM',CURRENT_TIMESTAMP,'SYSTEM',CURRENT_TIMESTAMP);
INSERT INTO com_ntn_cd_bsc (iata_ntn_cd,ntn_eng_nm,ntn_korn_nm,del_yn,rgtr_id,reg_dt,mdfr_id,mdfcn_dt) VALUES ('SR','SURINAME','수리남','N','SYSTEM',CURRENT_TIMESTAMP,'SYSTEM',CURRENT_TIMESTAMP);
INSERT INTO com_ntn_cd_bsc (iata_ntn_cd,ntn_eng_nm,ntn_korn_nm,del_yn,rgtr_id,reg_dt,mdfr_id,mdfcn_dt) VALUES ('LK','SRI LANKA','스리랑카','N','SYSTEM',CURRENT_TIMESTAMP,'SYSTEM',CURRENT_TIMESTAMP);
INSERT INTO com_ntn_cd_bsc (iata_ntn_cd,ntn_eng_nm,ntn_korn_nm,del_yn,rgtr_id,reg_dt,mdfr_id,mdfcn_dt) VALUES ('SJ','SVALBARD AND JAN MAYEN ISLANDS','스발바르 얀마옌','N','SYSTEM',CURRENT_TIMESTAMP,'SYSTEM',CURRENT_TIMESTAMP);
INSERT INTO com_ntn_cd_bsc (iata_ntn_cd,ntn_eng_nm,ntn_korn_nm,del_yn,rgtr_id,reg_dt,mdfr_id,mdfcn_dt) VALUES ('SZ','SWAZILAND','스와질란드','N','SYSTEM',CURRENT_TIMESTAMP,'SYSTEM',CURRENT_TIMESTAMP);
INSERT INTO com_ntn_cd_bsc (iata_ntn_cd,ntn_eng_nm,ntn_korn_nm,del_yn,rgtr_id,reg_dt,mdfr_id,mdfcn_dt) VALUES ('SE','SWEDEN','스웨덴','N','SYSTEM',CURRENT_TIMESTAMP,'SYSTEM',CURRENT_TIMESTAMP);
INSERT INTO com_ntn_cd_bsc (iata_ntn_cd,ntn_eng_nm,ntn_korn_nm,del_yn,rgtr_id,reg_dt,mdfr_id,mdfcn_dt) VALUES ('CH','SWITZERLAND','스위스','N','SYSTEM',CURRENT_TIMESTAMP,'SYSTEM',CURRENT_TIMESTAMP);
INSERT INTO com_ntn_cd_bsc (iata_ntn_cd,ntn_eng_nm,ntn_korn_nm,del_yn,rgtr_id,reg_dt,mdfr_id,mdfcn_dt) VALUES ('ES','SPAIN','스페인','N','SYSTEM',CURRENT_TIMESTAMP,'SYSTEM',CURRENT_TIMESTAMP);
INSERT INTO com_ntn_cd_bsc (iata_ntn_cd,ntn_eng_nm,ntn_korn_nm,del_yn,rgtr_id,reg_dt,mdfr_id,mdfcn_dt) VALUES ('SK','SLOVAKIA','슬로바키아','N','SYSTEM',CURRENT_TIMESTAMP,'SYSTEM',CURRENT_TIMESTAMP);
INSERT INTO com_ntn_cd_bsc (iata_ntn_cd,ntn_eng_nm,ntn_korn_nm,del_yn,rgtr_id,reg_dt,mdfr_id,mdfcn_dt) VALUES ('SI','SLOVENIA','슬로베니아','N','SYSTEM',CURRENT_TIMESTAMP,'SYSTEM',CURRENT_TIMESTAMP);
INSERT INTO com_ntn_cd_bsc (iata_ntn_cd,ntn_eng_nm,ntn_korn_nm,del_yn,rgtr_id,reg_dt,mdfr_id,mdfcn_dt) VALUES ('SY','SYRIAN ARAB REPUBLIC','시리아','N','SYSTEM',CURRENT_TIMESTAMP,'SYSTEM',CURRENT_TIMESTAMP);
INSERT INTO com_ntn_cd_bsc (iata_ntn_cd,ntn_eng_nm,ntn_korn_nm,del_yn,rgtr_id,reg_dt,mdfr_id,mdfcn_dt) VALUES ('SL','SIERRA LEONE','시에라리온','N','SYSTEM',CURRENT_TIMESTAMP,'SYSTEM',CURRENT_TIMESTAMP);
INSERT INTO com_ntn_cd_bsc (iata_ntn_cd,ntn_eng_nm,ntn_korn_nm,del_yn,rgtr_id,reg_dt,mdfr_id,mdfcn_dt) VALUES ('SG','SINGAPORE','싱가포르','N','SYSTEM',CURRENT_TIMESTAMP,'SYSTEM',CURRENT_TIMESTAMP);
INSERT INTO com_ntn_cd_bsc (iata_ntn_cd,ntn_eng_nm,ntn_korn_nm,del_yn,rgtr_id,reg_dt,mdfr_id,mdfcn_dt) VALUES ('AE','UNITED ARAB EMIRATES','아랍에미리트','N','SYSTEM',CURRENT_TIMESTAMP,'SYSTEM',CURRENT_TIMESTAMP);
INSERT INTO com_ntn_cd_bsc (iata_ntn_cd,ntn_eng_nm,ntn_korn_nm,del_yn,rgtr_id,reg_dt,mdfr_id,mdfcn_dt) VALUES ('AW','ARUBA','아루바','N','SYSTEM',CURRENT_TIMESTAMP,'SYSTEM',CURRENT_TIMESTAMP);
INSERT INTO com_ntn_cd_bsc (iata_ntn_cd,ntn_eng_nm,ntn_korn_nm,del_yn,rgtr_id,reg_dt,mdfr_id,mdfcn_dt) VALUES ('AM','ARMENIA','아르메니아','N','SYSTEM',CURRENT_TIMESTAMP,'SYSTEM',CURRENT_TIMESTAMP);
INSERT INTO com_ntn_cd_bsc (iata_ntn_cd,ntn_eng_nm,ntn_korn_nm,del_yn,rgtr_id,reg_dt,mdfr_id,mdfcn_dt) VALUES ('AR','ARGENTINA','아르헨티나','N','SYSTEM',CURRENT_TIMESTAMP,'SYSTEM',CURRENT_TIMESTAMP);
INSERT INTO com_ntn_cd_bsc (iata_ntn_cd,ntn_eng_nm,ntn_korn_nm,del_yn,rgtr_id,reg_dt,mdfr_id,mdfcn_dt) VALUES ('AS','AMERICAN SAMOA','아메리칸사모아','N','SYSTEM',CURRENT_TIMESTAMP,'SYSTEM',CURRENT_TIMESTAMP);
INSERT INTO com_ntn_cd_bsc (iata_ntn_cd,ntn_eng_nm,ntn_korn_nm,del_yn,rgtr_id,reg_dt,mdfr_id,mdfcn_dt) VALUES ('IS','ICELAND','아이슬란드','N','SYSTEM',CURRENT_TIMESTAMP,'SYSTEM',CURRENT_TIMESTAMP);
INSERT INTO com_ntn_cd_bsc (iata_ntn_cd,ntn_eng_nm,ntn_korn_nm,del_yn,rgtr_id,reg_dt,mdfr_id,mdfcn_dt) VALUES ('HT','HAITI','아이티','N','SYSTEM',CURRENT_TIMESTAMP,'SYSTEM',CURRENT_TIMESTAMP);
INSERT INTO com_ntn_cd_bsc (iata_ntn_cd,ntn_eng_nm,ntn_korn_nm,del_yn,rgtr_id,reg_dt,mdfr_id,mdfcn_dt) VALUES ('IE','IRELAND','아일랜드','N','SYSTEM',CURRENT_TIMESTAMP,'SYSTEM',CURRENT_TIMESTAMP);
INSERT INTO com_ntn_cd_bsc (iata_ntn_cd,ntn_eng_nm,ntn_korn_nm,del_yn,rgtr_id,reg_dt,mdfr_id,mdfcn_dt) VALUES ('AZ','AZERBAIJAN','아제르바이잔','N','SYSTEM',CURRENT_TIMESTAMP,'SYSTEM',CURRENT_TIMESTAMP);
INSERT INTO com_ntn_cd_bsc (iata_ntn_cd,ntn_eng_nm,ntn_korn_nm,del_yn,rgtr_id,reg_dt,mdfr_id,mdfcn_dt) VALUES ('AF','AFGHANISTAN','아프가니스탄','N','SYSTEM',CURRENT_TIMESTAMP,'SYSTEM',CURRENT_TIMESTAMP);
INSERT INTO com_ntn_cd_bsc (iata_ntn_cd,ntn_eng_nm,ntn_korn_nm,del_yn,rgtr_id,reg_dt,mdfr_id,mdfcn_dt) VALUES ('AD','ANDORRA','안도라','N','SYSTEM',CURRENT_TIMESTAMP,'SYSTEM',CURRENT_TIMESTAMP);
INSERT INTO com_ntn_cd_bsc (iata_ntn_cd,ntn_eng_nm,ntn_korn_nm,del_yn,rgtr_id,reg_dt,mdfr_id,mdfcn_dt) VALUES ('AL','ALBANIA','알바니아','N','SYSTEM',CURRENT_TIMESTAMP,'SYSTEM',CURRENT_TIMESTAMP);
INSERT INTO com_ntn_cd_bsc (iata_ntn_cd,ntn_eng_nm,ntn_korn_nm,del_yn,rgtr_id,reg_dt,mdfr_id,mdfcn_dt) VALUES ('DZ','ALGERIA','알제리','N','SYSTEM',CURRENT_TIMESTAMP,'SYSTEM',CURRENT_TIMESTAMP);
INSERT INTO com_ntn_cd_bsc (iata_ntn_cd,ntn_eng_nm,ntn_korn_nm,del_yn,rgtr_id,reg_dt,mdfr_id,mdfcn_dt) VALUES ('AO','ANGOLA','앙골라','N','SYSTEM',CURRENT_TIMESTAMP,'SYSTEM',CURRENT_TIMESTAMP);
INSERT INTO com_ntn_cd_bsc (iata_ntn_cd,ntn_eng_nm,ntn_korn_nm,del_yn,rgtr_id,reg_dt,mdfr_id,mdfcn_dt) VALUES ('AG','ANTIGUA AND BARBUDA','앤티가 바부다','N','SYSTEM',CURRENT_TIMESTAMP,'SYSTEM',CURRENT_TIMESTAMP);
INSERT INTO com_ntn_cd_bsc (iata_ntn_cd,ntn_eng_nm,ntn_korn_nm,del_yn,rgtr_id,reg_dt,mdfr_id,mdfcn_dt) VALUES ('AI','ANGUILLA','앵귈라','N','SYSTEM',CURRENT_TIMESTAMP,'SYSTEM',CURRENT_TIMESTAMP);
INSERT INTO com_ntn_cd_bsc (iata_ntn_cd,ntn_eng_nm,ntn_korn_nm,del_yn,rgtr_id,reg_dt,mdfr_id,mdfcn_dt) VALUES ('ER','ERITREA','에리트레아','N','SYSTEM',CURRENT_TIMESTAMP,'SYSTEM',CURRENT_TIMESTAMP);
INSERT INTO com_ntn_cd_bsc (iata_ntn_cd,ntn_eng_nm,ntn_korn_nm,del_yn,rgtr_id,reg_dt,mdfr_id,mdfcn_dt) VALUES ('EE','ESTONIA','에스토니아','N','SYSTEM',CURRENT_TIMESTAMP,'SYSTEM',CURRENT_TIMESTAMP);
INSERT INTO com_ntn_cd_bsc (iata_ntn_cd,ntn_eng_nm,ntn_korn_nm,del_yn,rgtr_id,reg_dt,mdfr_id,mdfcn_dt) VALUES ('EC','ECUADOR','에콰도르','N','SYSTEM',CURRENT_TIMESTAMP,'SYSTEM',CURRENT_TIMESTAMP);
INSERT INTO com_ntn_cd_bsc (iata_ntn_cd,ntn_eng_nm,ntn_korn_nm,del_yn,rgtr_id,reg_dt,mdfr_id,mdfcn_dt) VALUES ('ET','ETHIOPIA','에티오피아','N','SYSTEM',CURRENT_TIMESTAMP,'SYSTEM',CURRENT_TIMESTAMP);
INSERT INTO com_ntn_cd_bsc (iata_ntn_cd,ntn_eng_nm,ntn_korn_nm,del_yn,rgtr_id,reg_dt,mdfr_id,mdfcn_dt) VALUES ('SV','EL SALVADOR','엘살바도르','N','SYSTEM',CURRENT_TIMESTAMP,'SYSTEM',CURRENT_TIMESTAMP);
INSERT INTO com_ntn_cd_bsc (iata_ntn_cd,ntn_eng_nm,ntn_korn_nm,del_yn,rgtr_id,reg_dt,mdfr_id,mdfcn_dt) VALUES ('GB','UNITED KINGDOM','영국','N','SYSTEM',CURRENT_TIMESTAMP,'SYSTEM',CURRENT_TIMESTAMP);
INSERT INTO com_ntn_cd_bsc (iata_ntn_cd,ntn_eng_nm,ntn_korn_nm,del_yn,rgtr_id,reg_dt,mdfr_id,mdfcn_dt) VALUES ('VG','VIRGIN ISLANDS, BRITISH','영국령 버진아일랜드','N','SYSTEM',CURRENT_TIMESTAMP,'SYSTEM',CURRENT_TIMESTAMP);
INSERT INTO com_ntn_cd_bsc (iata_ntn_cd,ntn_eng_nm,ntn_korn_nm,del_yn,rgtr_id,reg_dt,mdfr_id,mdfcn_dt) VALUES ('IO','BRITISH INDIAN OCEAN TERRITORY','영국령 인도양 지역','N','SYSTEM',CURRENT_TIMESTAMP,'SYSTEM',CURRENT_TIMESTAMP);
INSERT INTO com_ntn_cd_bsc (iata_ntn_cd,ntn_eng_nm,ntn_korn_nm,del_yn,rgtr_id,reg_dt,mdfr_id,mdfcn_dt) VALUES ('YE','YEMEN, REPUBLIC OF','예멘','N','SYSTEM',CURRENT_TIMESTAMP,'SYSTEM',CURRENT_TIMESTAMP);
INSERT INTO com_ntn_cd_bsc (iata_ntn_cd,ntn_eng_nm,ntn_korn_nm,del_yn,rgtr_id,reg_dt,mdfr_id,mdfcn_dt) VALUES ('OM','OMAN','오만','N','SYSTEM',CURRENT_TIMESTAMP,'SYSTEM',CURRENT_TIMESTAMP);
INSERT INTO com_ntn_cd_bsc (iata_ntn_cd,ntn_eng_nm,ntn_korn_nm,del_yn,rgtr_id,reg_dt,mdfr_id,mdfcn_dt) VALUES ('AU','AUSTRALIA','오스트레일리아','N','SYSTEM',CURRENT_TIMESTAMP,'SYSTEM',CURRENT_TIMESTAMP);
INSERT INTO com_ntn_cd_bsc (iata_ntn_cd,ntn_eng_nm,ntn_korn_nm,del_yn,rgtr_id,reg_dt,mdfr_id,mdfcn_dt) VALUES ('AT','AUSTRIA','오스트리아','N','SYSTEM',CURRENT_TIMESTAMP,'SYSTEM',CURRENT_TIMESTAMP);
INSERT INTO com_ntn_cd_bsc (iata_ntn_cd,ntn_eng_nm,ntn_korn_nm,del_yn,rgtr_id,reg_dt,mdfr_id,mdfcn_dt) VALUES ('HN','HONDURAS','온두라스','N','SYSTEM',CURRENT_TIMESTAMP,'SYSTEM',CURRENT_TIMESTAMP);
INSERT INTO com_ntn_cd_bsc (iata_ntn_cd,ntn_eng_nm,ntn_korn_nm,del_yn,rgtr_id,reg_dt,mdfr_id,mdfcn_dt) VALUES ('AX','ALAND ISLANDS','올란드 제도','N','SYSTEM',CURRENT_TIMESTAMP,'SYSTEM',CURRENT_TIMESTAMP);
INSERT INTO com_ntn_cd_bsc (iata_ntn_cd,ntn_eng_nm,ntn_korn_nm,del_yn,rgtr_id,reg_dt,mdfr_id,mdfcn_dt) VALUES ('WF','WALLIS AND FUTUNA ISLANDS','왈리스 퓌튀나','N','SYSTEM',CURRENT_TIMESTAMP,'SYSTEM',CURRENT_TIMESTAMP);
INSERT INTO com_ntn_cd_bsc (iata_ntn_cd,ntn_eng_nm,ntn_korn_nm,del_yn,rgtr_id,reg_dt,mdfr_id,mdfcn_dt) VALUES ('JO','JORDAN','요르단','N','SYSTEM',CURRENT_TIMESTAMP,'SYSTEM',CURRENT_TIMESTAMP);
INSERT INTO com_ntn_cd_bsc (iata_ntn_cd,ntn_eng_nm,ntn_korn_nm,del_yn,rgtr_id,reg_dt,mdfr_id,mdfcn_dt) VALUES ('UG','UGANDA','우간다','N','SYSTEM',CURRENT_TIMESTAMP,'SYSTEM',CURRENT_TIMESTAMP);
INSERT INTO com_ntn_cd_bsc (iata_ntn_cd,ntn_eng_nm,ntn_korn_nm,del_yn,rgtr_id,reg_dt,mdfr_id,mdfcn_dt) VALUES ('UY','URUGUAY','우루과이','N','SYSTEM',CURRENT_TIMESTAMP,'SYSTEM',CURRENT_TIMESTAMP);
INSERT INTO com_ntn_cd_bsc (iata_ntn_cd,ntn_eng_nm,ntn_korn_nm,del_yn,rgtr_id,reg_dt,mdfr_id,mdfcn_dt) VALUES ('UZ','UZBEKISTAN','우즈베키스탄','N','SYSTEM',CURRENT_TIMESTAMP,'SYSTEM',CURRENT_TIMESTAMP);
INSERT INTO com_ntn_cd_bsc (iata_ntn_cd,ntn_eng_nm,ntn_korn_nm,del_yn,rgtr_id,reg_dt,mdfr_id,mdfcn_dt) VALUES ('UA','UKRAINE','우크라이나','N','SYSTEM',CURRENT_TIMESTAMP,'SYSTEM',CURRENT_TIMESTAMP);
INSERT INTO com_ntn_cd_bsc (iata_ntn_cd,ntn_eng_nm,ntn_korn_nm,del_yn,rgtr_id,reg_dt,mdfr_id,mdfcn_dt) VALUES ('IQ','IRAQ','이라크','N','SYSTEM',CURRENT_TIMESTAMP,'SYSTEM',CURRENT_TIMESTAMP);
INSERT INTO com_ntn_cd_bsc (iata_ntn_cd,ntn_eng_nm,ntn_korn_nm,del_yn,rgtr_id,reg_dt,mdfr_id,mdfcn_dt) VALUES ('IR','IRAN','이란','N','SYSTEM',CURRENT_TIMESTAMP,'SYSTEM',CURRENT_TIMESTAMP);
INSERT INTO com_ntn_cd_bsc (iata_ntn_cd,ntn_eng_nm,ntn_korn_nm,del_yn,rgtr_id,reg_dt,mdfr_id,mdfcn_dt) VALUES ('IL','ISRAEL','이스라엘','N','SYSTEM',CURRENT_TIMESTAMP,'SYSTEM',CURRENT_TIMESTAMP);
INSERT INTO com_ntn_cd_bsc (iata_ntn_cd,ntn_eng_nm,ntn_korn_nm,del_yn,rgtr_id,reg_dt,mdfr_id,mdfcn_dt) VALUES ('EG','EGYPT','이집트','N','SYSTEM',CURRENT_TIMESTAMP,'SYSTEM',CURRENT_TIMESTAMP);
INSERT INTO com_ntn_cd_bsc (iata_ntn_cd,ntn_eng_nm,ntn_korn_nm,del_yn,rgtr_id,reg_dt,mdfr_id,mdfcn_dt) VALUES ('IT','ITALY','이탈리아','N','SYSTEM',CURRENT_TIMESTAMP,'SYSTEM',CURRENT_TIMESTAMP);
INSERT INTO com_ntn_cd_bsc (iata_ntn_cd,ntn_eng_nm,ntn_korn_nm,del_yn,rgtr_id,reg_dt,mdfr_id,mdfcn_dt) VALUES ('IN','INDIA','인도','N','SYSTEM',CURRENT_TIMESTAMP,'SYSTEM',CURRENT_TIMESTAMP);
INSERT INTO com_ntn_cd_bsc (iata_ntn_cd,ntn_eng_nm,ntn_korn_nm,del_yn,rgtr_id,reg_dt,mdfr_id,mdfcn_dt) VALUES ('ID','INDONESIA','인도네시아','N','SYSTEM',CURRENT_TIMESTAMP,'SYSTEM',CURRENT_TIMESTAMP);
INSERT INTO com_ntn_cd_bsc (iata_ntn_cd,ntn_eng_nm,ntn_korn_nm,del_yn,rgtr_id,reg_dt,mdfr_id,mdfcn_dt) VALUES ('JP','JAPAN','일본','N','SYSTEM',CURRENT_TIMESTAMP,'SYSTEM',CURRENT_TIMESTAMP);
INSERT INTO com_ntn_cd_bsc (iata_ntn_cd,ntn_eng_nm,ntn_korn_nm,del_yn,rgtr_id,reg_dt,mdfr_id,mdfcn_dt) VALUES ('JM','JAMAICA','자메이카','N','SYSTEM',CURRENT_TIMESTAMP,'SYSTEM',CURRENT_TIMESTAMP);
INSERT INTO com_ntn_cd_bsc (iata_ntn_cd,ntn_eng_nm,ntn_korn_nm,del_yn,rgtr_id,reg_dt,mdfr_id,mdfcn_dt) VALUES ('ZM','ZAMBIA','잠비아','N','SYSTEM',CURRENT_TIMESTAMP,'SYSTEM',CURRENT_TIMESTAMP);
INSERT INTO com_ntn_cd_bsc (iata_ntn_cd,ntn_eng_nm,ntn_korn_nm,del_yn,rgtr_id,reg_dt,mdfr_id,mdfcn_dt) VALUES ('JE','JERSEY','저지 섬','N','SYSTEM',CURRENT_TIMESTAMP,'SYSTEM',CURRENT_TIMESTAMP);
INSERT INTO com_ntn_cd_bsc (iata_ntn_cd,ntn_eng_nm,ntn_korn_nm,del_yn,rgtr_id,reg_dt,mdfr_id,mdfcn_dt) VALUES ('GQ','EQUATORIAL GUINEA','적도 기니','N','SYSTEM',CURRENT_TIMESTAMP,'SYSTEM',CURRENT_TIMESTAMP);
INSERT INTO com_ntn_cd_bsc (iata_ntn_cd,ntn_eng_nm,ntn_korn_nm,del_yn,rgtr_id,reg_dt,mdfr_id,mdfcn_dt) VALUES ('GE','GEORGIA','조지아','N','SYSTEM',CURRENT_TIMESTAMP,'SYSTEM',CURRENT_TIMESTAMP);
INSERT INTO com_ntn_cd_bsc (iata_ntn_cd,ntn_eng_nm,ntn_korn_nm,del_yn,rgtr_id,reg_dt,mdfr_id,mdfcn_dt) VALUES ('CF','CENTRAL AFRICAN REPUBLIC','중앙아프리카 공화국','N','SYSTEM',CURRENT_TIMESTAMP,'SYSTEM',CURRENT_TIMESTAMP);
INSERT INTO com_ntn_cd_bsc (iata_ntn_cd,ntn_eng_nm,ntn_korn_nm,del_yn,rgtr_id,reg_dt,mdfr_id,mdfcn_dt) VALUES ('DJ','DJIBOUTI','지부티','N','SYSTEM',CURRENT_TIMESTAMP,'SYSTEM',CURRENT_TIMESTAMP);
INSERT INTO com_ntn_cd_bsc (iata_ntn_cd,ntn_eng_nm,ntn_korn_nm,del_yn,rgtr_id,reg_dt,mdfr_id,mdfcn_dt) VALUES ('GI','GIBRALTAR','지브롤터','N','SYSTEM',CURRENT_TIMESTAMP,'SYSTEM',CURRENT_TIMESTAMP);
INSERT INTO com_ntn_cd_bsc (iata_ntn_cd,ntn_eng_nm,ntn_korn_nm,del_yn,rgtr_id,reg_dt,mdfr_id,mdfcn_dt) VALUES ('ZW','ZIMBABWE','짐바브웨','N','SYSTEM',CURRENT_TIMESTAMP,'SYSTEM',CURRENT_TIMESTAMP);
INSERT INTO com_ntn_cd_bsc (iata_ntn_cd,ntn_eng_nm,ntn_korn_nm,del_yn,rgtr_id,reg_dt,mdfr_id,mdfcn_dt) VALUES ('TD','CHAD','차드','N','SYSTEM',CURRENT_TIMESTAMP,'SYSTEM',CURRENT_TIMESTAMP);
INSERT INTO com_ntn_cd_bsc (iata_ntn_cd,ntn_eng_nm,ntn_korn_nm,del_yn,rgtr_id,reg_dt,mdfr_id,mdfcn_dt) VALUES ('CZ','CZECH REPUBLIC','체코','N','SYSTEM',CURRENT_TIMESTAMP,'SYSTEM',CURRENT_TIMESTAMP);
INSERT INTO com_ntn_cd_bsc (iata_ntn_cd,ntn_eng_nm,ntn_korn_nm,del_yn,rgtr_id,reg_dt,mdfr_id,mdfcn_dt) VALUES ('CL','CHILE','칠레','N','SYSTEM',CURRENT_TIMESTAMP,'SYSTEM',CURRENT_TIMESTAMP);
INSERT INTO com_ntn_cd_bsc (iata_ntn_cd,ntn_eng_nm,ntn_korn_nm,del_yn,rgtr_id,reg_dt,mdfr_id,mdfcn_dt) VALUES ('CM','CAMEROON','카메룬','N','SYSTEM',CURRENT_TIMESTAMP,'SYSTEM',CURRENT_TIMESTAMP);
INSERT INTO com_ntn_cd_bsc (iata_ntn_cd,ntn_eng_nm,ntn_korn_nm,del_yn,rgtr_id,reg_dt,mdfr_id,mdfcn_dt) VALUES ('CV','CAPE VERDE','카보베르데','N','SYSTEM',CURRENT_TIMESTAMP,'SYSTEM',CURRENT_TIMESTAMP);
INSERT INTO com_ntn_cd_bsc (iata_ntn_cd,ntn_eng_nm,ntn_korn_nm,del_yn,rgtr_id,reg_dt,mdfr_id,mdfcn_dt) VALUES ('KZ','KAZAKHSTAN','카자흐스탄','N','SYSTEM',CURRENT_TIMESTAMP,'SYSTEM',CURRENT_TIMESTAMP);
INSERT INTO com_ntn_cd_bsc (iata_ntn_cd,ntn_eng_nm,ntn_korn_nm,del_yn,rgtr_id,reg_dt,mdfr_id,mdfcn_dt) VALUES ('QA','QATAR','카타르','N','SYSTEM',CURRENT_TIMESTAMP,'SYSTEM',CURRENT_TIMESTAMP);
INSERT INTO com_ntn_cd_bsc (iata_ntn_cd,ntn_eng_nm,ntn_korn_nm,del_yn,rgtr_id,reg_dt,mdfr_id,mdfcn_dt) VALUES ('TW','TAIWAN','대만','N','SYSTEM',CURRENT_TIMESTAMP,'SYSTEM',CURRENT_TIMESTAMP);
INSERT INTO com_ntn_cd_bsc (iata_ntn_cd,ntn_eng_nm,ntn_korn_nm,del_yn,rgtr_id,reg_dt,mdfr_id,mdfcn_dt) VALUES ('KH','CAMBODIA','캄보디아','N','SYSTEM',CURRENT_TIMESTAMP,'SYSTEM',CURRENT_TIMESTAMP);
INSERT INTO com_ntn_cd_bsc (iata_ntn_cd,ntn_eng_nm,ntn_korn_nm,del_yn,rgtr_id,reg_dt,mdfr_id,mdfcn_dt) VALUES ('CA','CANADA','캐나다','N','SYSTEM',CURRENT_TIMESTAMP,'SYSTEM',CURRENT_TIMESTAMP);
INSERT INTO com_ntn_cd_bsc (iata_ntn_cd,ntn_eng_nm,ntn_korn_nm,del_yn,rgtr_id,reg_dt,mdfr_id,mdfcn_dt) VALUES ('KE','KENYA','케냐','N','SYSTEM',CURRENT_TIMESTAMP,'SYSTEM',CURRENT_TIMESTAMP);
INSERT INTO com_ntn_cd_bsc (iata_ntn_cd,ntn_eng_nm,ntn_korn_nm,del_yn,rgtr_id,reg_dt,mdfr_id,mdfcn_dt) VALUES ('KY','CAYMAN ISLANDS','케이맨 제도','N','SYSTEM',CURRENT_TIMESTAMP,'SYSTEM',CURRENT_TIMESTAMP);
INSERT INTO com_ntn_cd_bsc (iata_ntn_cd,ntn_eng_nm,ntn_korn_nm,del_yn,rgtr_id,reg_dt,mdfr_id,mdfcn_dt) VALUES ('KM','COMOROS','코모로','N','SYSTEM',CURRENT_TIMESTAMP,'SYSTEM',CURRENT_TIMESTAMP);
INSERT INTO com_ntn_cd_bsc (iata_ntn_cd,ntn_eng_nm,ntn_korn_nm,del_yn,rgtr_id,reg_dt,mdfr_id,mdfcn_dt) VALUES ('CR','COSTA RICA','코스타리카','N','SYSTEM',CURRENT_TIMESTAMP,'SYSTEM',CURRENT_TIMESTAMP);
INSERT INTO com_ntn_cd_bsc (iata_ntn_cd,ntn_eng_nm,ntn_korn_nm,del_yn,rgtr_id,reg_dt,mdfr_id,mdfcn_dt) VALUES ('CC','COCOS ISLANDS','코코스 제도','N','SYSTEM',CURRENT_TIMESTAMP,'SYSTEM',CURRENT_TIMESTAMP);
INSERT INTO com_ntn_cd_bsc (iata_ntn_cd,ntn_eng_nm,ntn_korn_nm,del_yn,rgtr_id,reg_dt,mdfr_id,mdfcn_dt) VALUES ('CI','COTE D''IVOIRE','코트디부아르','N','SYSTEM',CURRENT_TIMESTAMP,'SYSTEM',CURRENT_TIMESTAMP);
INSERT INTO com_ntn_cd_bsc (iata_ntn_cd,ntn_eng_nm,ntn_korn_nm,del_yn,rgtr_id,reg_dt,mdfr_id,mdfcn_dt) VALUES ('CO','COLOMBIA','콜롬비아','N','SYSTEM',CURRENT_TIMESTAMP,'SYSTEM',CURRENT_TIMESTAMP);
INSERT INTO com_ntn_cd_bsc (iata_ntn_cd,ntn_eng_nm,ntn_korn_nm,del_yn,rgtr_id,reg_dt,mdfr_id,mdfcn_dt) VALUES ('CG','CONGO','콩고 공화국','N','SYSTEM',CURRENT_TIMESTAMP,'SYSTEM',CURRENT_TIMESTAMP);
INSERT INTO com_ntn_cd_bsc (iata_ntn_cd,ntn_eng_nm,ntn_korn_nm,del_yn,rgtr_id,reg_dt,mdfr_id,mdfcn_dt) VALUES ('CD','DEMOCRATIC REPUBLIC OF THE CONGO','콩고 민주 공화국','N','SYSTEM',CURRENT_TIMESTAMP,'SYSTEM',CURRENT_TIMESTAMP);
INSERT INTO com_ntn_cd_bsc (iata_ntn_cd,ntn_eng_nm,ntn_korn_nm,del_yn,rgtr_id,reg_dt,mdfr_id,mdfcn_dt) VALUES ('CU','CUBA','쿠바','N','SYSTEM',CURRENT_TIMESTAMP,'SYSTEM',CURRENT_TIMESTAMP);
INSERT INTO com_ntn_cd_bsc (iata_ntn_cd,ntn_eng_nm,ntn_korn_nm,del_yn,rgtr_id,reg_dt,mdfr_id,mdfcn_dt) VALUES ('KW','KUWAIT','쿠웨이트','N','SYSTEM',CURRENT_TIMESTAMP,'SYSTEM',CURRENT_TIMESTAMP);
INSERT INTO com_ntn_cd_bsc (iata_ntn_cd,ntn_eng_nm,ntn_korn_nm,del_yn,rgtr_id,reg_dt,mdfr_id,mdfcn_dt) VALUES ('CK','COOK ISLANDS','쿡 제도','N','SYSTEM',CURRENT_TIMESTAMP,'SYSTEM',CURRENT_TIMESTAMP);
INSERT INTO com_ntn_cd_bsc (iata_ntn_cd,ntn_eng_nm,ntn_korn_nm,del_yn,rgtr_id,reg_dt,mdfr_id,mdfcn_dt) VALUES ('HR','CROATIA','크로아티아','N','SYSTEM',CURRENT_TIMESTAMP,'SYSTEM',CURRENT_TIMESTAMP);
INSERT INTO com_ntn_cd_bsc (iata_ntn_cd,ntn_eng_nm,ntn_korn_nm,del_yn,rgtr_id,reg_dt,mdfr_id,mdfcn_dt) VALUES ('CX','CHRISTMAS ISLAND','크리스마스 섬','N','SYSTEM',CURRENT_TIMESTAMP,'SYSTEM',CURRENT_TIMESTAMP);
INSERT INTO com_ntn_cd_bsc (iata_ntn_cd,ntn_eng_nm,ntn_korn_nm,del_yn,rgtr_id,reg_dt,mdfr_id,mdfcn_dt) VALUES ('KG','KYRGYZSTAN','키르기스스탄','N','SYSTEM',CURRENT_TIMESTAMP,'SYSTEM',CURRENT_TIMESTAMP);
INSERT INTO com_ntn_cd_bsc (iata_ntn_cd,ntn_eng_nm,ntn_korn_nm,del_yn,rgtr_id,reg_dt,mdfr_id,mdfcn_dt) VALUES ('KI','KIRIBATI','키리바시','N','SYSTEM',CURRENT_TIMESTAMP,'SYSTEM',CURRENT_TIMESTAMP);
INSERT INTO com_ntn_cd_bsc (iata_ntn_cd,ntn_eng_nm,ntn_korn_nm,del_yn,rgtr_id,reg_dt,mdfr_id,mdfcn_dt) VALUES ('CY','CYPRUS','키프로스','N','SYSTEM',CURRENT_TIMESTAMP,'SYSTEM',CURRENT_TIMESTAMP);
INSERT INTO com_ntn_cd_bsc (iata_ntn_cd,ntn_eng_nm,ntn_korn_nm,del_yn,rgtr_id,reg_dt,mdfr_id,mdfcn_dt) VALUES ('TH','THAILAND','타이','N','SYSTEM',CURRENT_TIMESTAMP,'SYSTEM',CURRENT_TIMESTAMP);
INSERT INTO com_ntn_cd_bsc (iata_ntn_cd,ntn_eng_nm,ntn_korn_nm,del_yn,rgtr_id,reg_dt,mdfr_id,mdfcn_dt) VALUES ('TJ','TAJIKISTAN','타지키스탄','N','SYSTEM',CURRENT_TIMESTAMP,'SYSTEM',CURRENT_TIMESTAMP);
INSERT INTO com_ntn_cd_bsc (iata_ntn_cd,ntn_eng_nm,ntn_korn_nm,del_yn,rgtr_id,reg_dt,mdfr_id,mdfcn_dt) VALUES ('TZ','TANZANIA, UNITED REPUBLIC OF','탄자니아','N','SYSTEM',CURRENT_TIMESTAMP,'SYSTEM',CURRENT_TIMESTAMP);
INSERT INTO com_ntn_cd_bsc (iata_ntn_cd,ntn_eng_nm,ntn_korn_nm,del_yn,rgtr_id,reg_dt,mdfr_id,mdfcn_dt) VALUES ('TC','TURKS AND CAICOS ISLANDS','터크스 케이커스 제도','N','SYSTEM',CURRENT_TIMESTAMP,'SYSTEM',CURRENT_TIMESTAMP);
INSERT INTO com_ntn_cd_bsc (iata_ntn_cd,ntn_eng_nm,ntn_korn_nm,del_yn,rgtr_id,reg_dt,mdfr_id,mdfcn_dt) VALUES ('TR','TURKEY','터키','N','SYSTEM',CURRENT_TIMESTAMP,'SYSTEM',CURRENT_TIMESTAMP);
INSERT INTO com_ntn_cd_bsc (iata_ntn_cd,ntn_eng_nm,ntn_korn_nm,del_yn,rgtr_id,reg_dt,mdfr_id,mdfcn_dt) VALUES ('TG','TOGO','토고','N','SYSTEM',CURRENT_TIMESTAMP,'SYSTEM',CURRENT_TIMESTAMP);
INSERT INTO com_ntn_cd_bsc (iata_ntn_cd,ntn_eng_nm,ntn_korn_nm,del_yn,rgtr_id,reg_dt,mdfr_id,mdfcn_dt) VALUES ('TK','TOKELAU','토켈라우','N','SYSTEM',CURRENT_TIMESTAMP,'SYSTEM',CURRENT_TIMESTAMP);
INSERT INTO com_ntn_cd_bsc (iata_ntn_cd,ntn_eng_nm,ntn_korn_nm,del_yn,rgtr_id,reg_dt,mdfr_id,mdfcn_dt) VALUES ('TO','TONGA','통가','N','SYSTEM',CURRENT_TIMESTAMP,'SYSTEM',CURRENT_TIMESTAMP);
INSERT INTO com_ntn_cd_bsc (iata_ntn_cd,ntn_eng_nm,ntn_korn_nm,del_yn,rgtr_id,reg_dt,mdfr_id,mdfcn_dt) VALUES ('TM','TURKMENISTAN','투르크메니스탄','N','SYSTEM',CURRENT_TIMESTAMP,'SYSTEM',CURRENT_TIMESTAMP);
INSERT INTO com_ntn_cd_bsc (iata_ntn_cd,ntn_eng_nm,ntn_korn_nm,del_yn,rgtr_id,reg_dt,mdfr_id,mdfcn_dt) VALUES ('TV','TUVALU','투발루','N','SYSTEM',CURRENT_TIMESTAMP,'SYSTEM',CURRENT_TIMESTAMP);
INSERT INTO com_ntn_cd_bsc (iata_ntn_cd,ntn_eng_nm,ntn_korn_nm,del_yn,rgtr_id,reg_dt,mdfr_id,mdfcn_dt) VALUES ('TN','TUNISIA','튀니지','N','SYSTEM',CURRENT_TIMESTAMP,'SYSTEM',CURRENT_TIMESTAMP);
INSERT INTO com_ntn_cd_bsc (iata_ntn_cd,ntn_eng_nm,ntn_korn_nm,del_yn,rgtr_id,reg_dt,mdfr_id,mdfcn_dt) VALUES ('TT','TRINIDAD AND TOBAGO','트리니다드 토바고','N','SYSTEM',CURRENT_TIMESTAMP,'SYSTEM',CURRENT_TIMESTAMP);
INSERT INTO com_ntn_cd_bsc (iata_ntn_cd,ntn_eng_nm,ntn_korn_nm,del_yn,rgtr_id,reg_dt,mdfr_id,mdfcn_dt) VALUES ('PA','PANAMA','파나마','N','SYSTEM',CURRENT_TIMESTAMP,'SYSTEM',CURRENT_TIMESTAMP);
INSERT INTO com_ntn_cd_bsc (iata_ntn_cd,ntn_eng_nm,ntn_korn_nm,del_yn,rgtr_id,reg_dt,mdfr_id,mdfcn_dt) VALUES ('PY','PARAGUAY','파라과이','N','SYSTEM',CURRENT_TIMESTAMP,'SYSTEM',CURRENT_TIMESTAMP);
INSERT INTO com_ntn_cd_bsc (iata_ntn_cd,ntn_eng_nm,ntn_korn_nm,del_yn,rgtr_id,reg_dt,mdfr_id,mdfcn_dt) VALUES ('PK','PAKISTAN','파키스탄','N','SYSTEM',CURRENT_TIMESTAMP,'SYSTEM',CURRENT_TIMESTAMP);
INSERT INTO com_ntn_cd_bsc (iata_ntn_cd,ntn_eng_nm,ntn_korn_nm,del_yn,rgtr_id,reg_dt,mdfr_id,mdfcn_dt) VALUES ('PG','PAPUA NEW GUINEA','파푸아 뉴기니','N','SYSTEM',CURRENT_TIMESTAMP,'SYSTEM',CURRENT_TIMESTAMP);
INSERT INTO com_ntn_cd_bsc (iata_ntn_cd,ntn_eng_nm,ntn_korn_nm,del_yn,rgtr_id,reg_dt,mdfr_id,mdfcn_dt) VALUES ('PW','PALAU','팔라우','N','SYSTEM',CURRENT_TIMESTAMP,'SYSTEM',CURRENT_TIMESTAMP);
INSERT INTO com_ntn_cd_bsc (iata_ntn_cd,ntn_eng_nm,ntn_korn_nm,del_yn,rgtr_id,reg_dt,mdfr_id,mdfcn_dt) VALUES ('PS','PALESTINE','팔레스타인','N','SYSTEM',CURRENT_TIMESTAMP,'SYSTEM',CURRENT_TIMESTAMP);
INSERT INTO com_ntn_cd_bsc (iata_ntn_cd,ntn_eng_nm,ntn_korn_nm,del_yn,rgtr_id,reg_dt,mdfr_id,mdfcn_dt) VALUES ('FO','FAROE ISLANDS','페로 제도','N','SYSTEM',CURRENT_TIMESTAMP,'SYSTEM',CURRENT_TIMESTAMP);
INSERT INTO com_ntn_cd_bsc (iata_ntn_cd,ntn_eng_nm,ntn_korn_nm,del_yn,rgtr_id,reg_dt,mdfr_id,mdfcn_dt) VALUES ('PE','PERU','페루','N','SYSTEM',CURRENT_TIMESTAMP,'SYSTEM',CURRENT_TIMESTAMP);
INSERT INTO com_ntn_cd_bsc (iata_ntn_cd,ntn_eng_nm,ntn_korn_nm,del_yn,rgtr_id,reg_dt,mdfr_id,mdfcn_dt) VALUES ('PT','PORTUGAL','포르투갈','N','SYSTEM',CURRENT_TIMESTAMP,'SYSTEM',CURRENT_TIMESTAMP);
INSERT INTO com_ntn_cd_bsc (iata_ntn_cd,ntn_eng_nm,ntn_korn_nm,del_yn,rgtr_id,reg_dt,mdfr_id,mdfcn_dt) VALUES ('FK','FALKLAND ISLANDS','포클랜드 제도','N','SYSTEM',CURRENT_TIMESTAMP,'SYSTEM',CURRENT_TIMESTAMP);
INSERT INTO com_ntn_cd_bsc (iata_ntn_cd,ntn_eng_nm,ntn_korn_nm,del_yn,rgtr_id,reg_dt,mdfr_id,mdfcn_dt) VALUES ('PL','POLAND','폴란드','N','SYSTEM',CURRENT_TIMESTAMP,'SYSTEM',CURRENT_TIMESTAMP);
INSERT INTO com_ntn_cd_bsc (iata_ntn_cd,ntn_eng_nm,ntn_korn_nm,del_yn,rgtr_id,reg_dt,mdfr_id,mdfcn_dt) VALUES ('PR','PUERTO RICO','푸에르토리코','N','SYSTEM',CURRENT_TIMESTAMP,'SYSTEM',CURRENT_TIMESTAMP);
INSERT INTO com_ntn_cd_bsc (iata_ntn_cd,ntn_eng_nm,ntn_korn_nm,del_yn,rgtr_id,reg_dt,mdfr_id,mdfcn_dt) VALUES ('FR','FRANCE','프랑스','N','SYSTEM',CURRENT_TIMESTAMP,'SYSTEM',CURRENT_TIMESTAMP);
INSERT INTO com_ntn_cd_bsc (iata_ntn_cd,ntn_eng_nm,ntn_korn_nm,del_yn,rgtr_id,reg_dt,mdfr_id,mdfcn_dt) VALUES ('GF','FRENCH GUIANA','프랑스령 기아나','N','SYSTEM',CURRENT_TIMESTAMP,'SYSTEM',CURRENT_TIMESTAMP);
INSERT INTO com_ntn_cd_bsc (iata_ntn_cd,ntn_eng_nm,ntn_korn_nm,del_yn,rgtr_id,reg_dt,mdfr_id,mdfcn_dt) VALUES ('TF','FRENCH SOUTHERN TERRITORIES','프랑스령 남부와 남극 지역','N','SYSTEM',CURRENT_TIMESTAMP,'SYSTEM',CURRENT_TIMESTAMP);
INSERT INTO com_ntn_cd_bsc (iata_ntn_cd,ntn_eng_nm,ntn_korn_nm,del_yn,rgtr_id,reg_dt,mdfr_id,mdfcn_dt) VALUES ('PF','FRENCH POLYNESIA','프랑스령 폴리네시아','N','SYSTEM',CURRENT_TIMESTAMP,'SYSTEM',CURRENT_TIMESTAMP);
INSERT INTO com_ntn_cd_bsc (iata_ntn_cd,ntn_eng_nm,ntn_korn_nm,del_yn,rgtr_id,reg_dt,mdfr_id,mdfcn_dt) VALUES ('FJ','FIJI','피지','N','SYSTEM',CURRENT_TIMESTAMP,'SYSTEM',CURRENT_TIMESTAMP);
INSERT INTO com_ntn_cd_bsc (iata_ntn_cd,ntn_eng_nm,ntn_korn_nm,del_yn,rgtr_id,reg_dt,mdfr_id,mdfcn_dt) VALUES ('FI','FINLAND','핀란드','N','SYSTEM',CURRENT_TIMESTAMP,'SYSTEM',CURRENT_TIMESTAMP);
INSERT INTO com_ntn_cd_bsc (iata_ntn_cd,ntn_eng_nm,ntn_korn_nm,del_yn,rgtr_id,reg_dt,mdfr_id,mdfcn_dt) VALUES ('PH','PHILIPPINES','필리핀','N','SYSTEM',CURRENT_TIMESTAMP,'SYSTEM',CURRENT_TIMESTAMP);
INSERT INTO com_ntn_cd_bsc (iata_ntn_cd,ntn_eng_nm,ntn_korn_nm,del_yn,rgtr_id,reg_dt,mdfr_id,mdfcn_dt) VALUES ('PN','PITCAIRN','핏케언 제도','N','SYSTEM',CURRENT_TIMESTAMP,'SYSTEM',CURRENT_TIMESTAMP);
INSERT INTO com_ntn_cd_bsc (iata_ntn_cd,ntn_eng_nm,ntn_korn_nm,del_yn,rgtr_id,reg_dt,mdfr_id,mdfcn_dt) VALUES ('HM','HEARD AND MC DONALD ISLANDS','허드 맥도널드 제도','N','SYSTEM',CURRENT_TIMESTAMP,'SYSTEM',CURRENT_TIMESTAMP);
INSERT INTO com_ntn_cd_bsc (iata_ntn_cd,ntn_eng_nm,ntn_korn_nm,del_yn,rgtr_id,reg_dt,mdfr_id,mdfcn_dt) VALUES ('HU','HUNGARY','헝가리','N','SYSTEM',CURRENT_TIMESTAMP,'SYSTEM',CURRENT_TIMESTAMP);
INSERT INTO com_ntn_cd_bsc (iata_ntn_cd,ntn_eng_nm,ntn_korn_nm,del_yn,rgtr_id,reg_dt,mdfr_id,mdfcn_dt) VALUES ('HK','HONG KONG','홍콩','N','SYSTEM',CURRENT_TIMESTAMP,'SYSTEM',CURRENT_TIMESTAMP);
/* 243 */

/* com_group_cd_bsc */
INSERT INTO com_group_cd_bsc (group_cd_mgno,group_cd_eng_nm,group_cd_korn_nm,group_cd_cn,cd_reg_lmt_cnt,del_yn,rgtr_id,reg_dt,mdfr_id,mdfcn_dt) VALUES ('EFTVN_STTS_CD','','발효상태코드','발효상태코드',0,'N','SYSTEM','2023-10-12 14:24:06.123918','SYSTEM','2023-10-12 14:24:06.123918');
INSERT INTO com_group_cd_bsc (group_cd_mgno,group_cd_eng_nm,group_cd_korn_nm,group_cd_cn,cd_reg_lmt_cnt,del_yn,rgtr_id,reg_dt,mdfr_id,mdfcn_dt) VALUES ('DGR_REG_RSN_CD','','차수등록사유코드','차수등록사유코드',0,'N','SYSTEM','2023-10-12 14:24:06.130909','SYSTEM','2023-10-12 14:24:06.130909');
INSERT INTO com_group_cd_bsc (group_cd_mgno,group_cd_eng_nm,group_cd_korn_nm,group_cd_cn,cd_reg_lmt_cnt,del_yn,rgtr_id,reg_dt,mdfr_id,mdfcn_dt) VALUES ('APLY_CL_CD','','신청구분코드','신청구분코드',0,'N','SYSTEM','2023-10-12 14:24:06.134478','SYSTEM','2023-10-12 14:24:06.134478');
INSERT INTO com_group_cd_bsc (group_cd_mgno,group_cd_eng_nm,group_cd_korn_nm,group_cd_cn,cd_reg_lmt_cnt,del_yn,rgtr_id,reg_dt,mdfr_id,mdfcn_dt) VALUES ('PRCS_TYPE_CD','','처리유형코드','처리유형코드',0,'N','SYSTEM','2023-10-12 14:24:06.141128','SYSTEM','2023-10-12 14:24:06.141128');
INSERT INTO com_group_cd_bsc (group_cd_mgno,group_cd_eng_nm,group_cd_korn_nm,group_cd_cn,cd_reg_lmt_cnt,del_yn,rgtr_id,reg_dt,mdfr_id,mdfcn_dt) VALUES ('RVW_TYPE_CD','','검토유형코드','검토유형코드',0,'N','SYSTEM','2023-10-12 14:24:06.147481','SYSTEM','2023-10-12 14:24:06.147481');
INSERT INTO com_group_cd_bsc (group_cd_mgno,group_cd_eng_nm,group_cd_korn_nm,group_cd_cn,cd_reg_lmt_cnt,del_yn,rgtr_id,reg_dt,mdfr_id,mdfcn_dt) VALUES ('CLSG_RVW_TYPE_CD','','폐쇄검토유형코드','폐쇄검토유형코드',0,'N','SYSTEM','2023-10-12 14:24:06.150564','SYSTEM','2023-10-12 14:24:06.150564');
INSERT INTO com_group_cd_bsc (group_cd_mgno,group_cd_eng_nm,group_cd_korn_nm,group_cd_cn,cd_reg_lmt_cnt,del_yn,rgtr_id,reg_dt,mdfr_id,mdfcn_dt) VALUES ('DLBR_TYPE_CD','','심의유형코드','심의유형코드',0,'N','SYSTEM','2023-10-12 14:24:06.157187','SYSTEM','2023-10-12 14:24:06.157187');
INSERT INTO com_group_cd_bsc (group_cd_mgno,group_cd_eng_nm,group_cd_korn_nm,group_cd_cn,cd_reg_lmt_cnt,del_yn,rgtr_id,reg_dt,mdfr_id,mdfcn_dt) VALUES ('EVL_TYPE_CD','','평가유형코드','평가유형코드',0,'N','SYSTEM','2023-10-12 14:24:06.16036','SYSTEM','2023-10-12 14:24:06.16036');
INSERT INTO com_group_cd_bsc (group_cd_mgno,group_cd_eng_nm,group_cd_korn_nm,group_cd_cn,cd_reg_lmt_cnt,del_yn,rgtr_id,reg_dt,mdfr_id,mdfcn_dt) VALUES ('DATA_DMND_TYPE_CD','','자료요청유형코드','자료요청유형코드',0,'N','SYSTEM','2023-10-12 14:24:06.163686','SYSTEM','2023-10-12 14:24:06.163686');
INSERT INTO com_group_cd_bsc (group_cd_mgno,group_cd_eng_nm,group_cd_korn_nm,group_cd_cn,cd_reg_lmt_cnt,del_yn,rgtr_id,reg_dt,mdfr_id,mdfcn_dt) VALUES ('DATA_REG_TYPE_CD','','자료등록유형코드','자료등록유형코드',0,'N','SYSTEM','2023-10-12 14:24:06.166931','SYSTEM','2023-10-12 14:24:06.166931');
INSERT INTO com_group_cd_bsc (group_cd_mgno,group_cd_eng_nm,group_cd_korn_nm,group_cd_cn,cd_reg_lmt_cnt,del_yn,rgtr_id,reg_dt,mdfr_id,mdfcn_dt) VALUES ('DATA_IDNTY_TYPE_CD','','자료확인유형코드','자료확인유형코드',0,'N','SYSTEM','2023-10-12 14:24:06.170345','SYSTEM','2023-10-12 14:24:06.170345');
INSERT INTO com_group_cd_bsc (group_cd_mgno,group_cd_eng_nm,group_cd_korn_nm,group_cd_cn,cd_reg_lmt_cnt,del_yn,rgtr_id,reg_dt,mdfr_id,mdfcn_dt) VALUES ('BIZ_HSTRY_TYPE_CD','','업무이력유형코드','업무이력유형코드',0,'N','SYSTEM','2023-10-12 14:24:06.173635','SYSTEM','2023-10-12 14:24:06.173635');
INSERT INTO com_group_cd_bsc (group_cd_mgno,group_cd_eng_nm,group_cd_korn_nm,group_cd_cn,cd_reg_lmt_cnt,del_yn,rgtr_id,reg_dt,mdfr_id,mdfcn_dt) VALUES ('BIZ_HSTRY_RSLT_CD','','업무이력결과코드','업무이력결과코드',0,'N','SYSTEM','2023-10-12 14:24:06.177115','SYSTEM','2023-10-12 14:24:06.177115');
INSERT INTO com_group_cd_bsc (group_cd_mgno,group_cd_eng_nm,group_cd_korn_nm,group_cd_cn,cd_reg_lmt_cnt,del_yn,rgtr_id,reg_dt,mdfr_id,mdfcn_dt) VALUES ('BIZ_TYPE_CD','','사업유형코드','사업유형코드',0,'N','SYSTEM','2023-10-12 14:24:06.180362','SYSTEM','2023-10-12 14:24:06.180362');
INSERT INTO com_group_cd_bsc (group_cd_mgno,group_cd_eng_nm,group_cd_korn_nm,group_cd_cn,cd_reg_lmt_cnt,del_yn,rgtr_id,reg_dt,mdfr_id,mdfcn_dt) VALUES ('BIZ_SCAL_CD','','사업규모코드','사업규모코드',0,'N','SYSTEM','2023-10-12 14:24:06.18341','SYSTEM','2023-10-12 14:24:06.18341');
INSERT INTO com_group_cd_bsc (group_cd_mgno,group_cd_eng_nm,group_cd_korn_nm,group_cd_cn,cd_reg_lmt_cnt,del_yn,rgtr_id,reg_dt,mdfr_id,mdfcn_dt) VALUES ('BIZ_FORM_CD','','사업형태코드','사업형태코드',0,'N','SYSTEM','2023-10-12 14:24:06.186608','SYSTEM','2023-10-12 14:24:06.186608');
INSERT INTO com_group_cd_bsc (group_cd_mgno,group_cd_eng_nm,group_cd_korn_nm,group_cd_cn,cd_reg_lmt_cnt,del_yn,rgtr_id,reg_dt,mdfr_id,mdfcn_dt) VALUES ('CERT_VLD_TYPE_CD','','인증유효기간유형코드','인증유효기간유형코드',0,'N','SYSTEM','2023-10-12 14:24:06.189989','SYSTEM','2023-10-12 14:24:06.189989');
INSERT INTO com_group_cd_bsc (group_cd_mgno,group_cd_eng_nm,group_cd_korn_nm,group_cd_cn,cd_reg_lmt_cnt,del_yn,rgtr_id,reg_dt,mdfr_id,mdfcn_dt) VALUES ('RDC_UNIT_CD','','감축단위코드','감축단위코드',0,'N','SYSTEM','2023-10-12 14:24:06.193161','SYSTEM','2023-10-12 14:24:06.193161');
INSERT INTO com_group_cd_bsc (group_cd_mgno,group_cd_eng_nm,group_cd_korn_nm,group_cd_cn,cd_reg_lmt_cnt,del_yn,rgtr_id,reg_dt,mdfr_id,mdfcn_dt) VALUES ('DMST_CL_CD','','국내외구분','국내외구분',0,'N','SYSTEM','2023-10-12 14:24:06.19637','SYSTEM','2023-10-12 14:24:06.19637');
INSERT INTO com_group_cd_bsc (group_cd_mgno,group_cd_eng_nm,group_cd_korn_nm,group_cd_cn,cd_reg_lmt_cnt,del_yn,rgtr_id,reg_dt,mdfr_id,mdfcn_dt) VALUES ('DLAY_DMND_TYPE_CD','','지연요청유형코드','지연요청유형코드',0,'N','SYSTEM','2023-10-12 14:24:06.199505','SYSTEM','2023-10-12 14:24:06.199505');
INSERT INTO com_group_cd_bsc (group_cd_mgno,group_cd_eng_nm,group_cd_korn_nm,group_cd_cn,cd_reg_lmt_cnt,del_yn,rgtr_id,reg_dt,mdfr_id,mdfcn_dt) VALUES ('DLAY_IDNTY_TYPE_CD','','지연확인유형코드','지연확인유형코드',0,'N','SYSTEM','2023-10-12 14:24:06.203152','SYSTEM','2023-10-12 14:24:06.203152');
INSERT INTO com_group_cd_bsc (group_cd_mgno,group_cd_eng_nm,group_cd_korn_nm,group_cd_cn,cd_reg_lmt_cnt,del_yn,rgtr_id,reg_dt,mdfr_id,mdfcn_dt) VALUES ('RTRCN_DMND_TYPE_CD','','취소요청유형코드','취소요청유형코드',0,'N','SYSTEM','2023-10-12 14:24:06.206242','SYSTEM','2023-10-12 14:24:06.206242');
INSERT INTO com_group_cd_bsc (group_cd_mgno,group_cd_eng_nm,group_cd_korn_nm,group_cd_cn,cd_reg_lmt_cnt,del_yn,rgtr_id,reg_dt,mdfr_id,mdfcn_dt) VALUES ('RTRCN_DMND_CL_CD','','취소요청구분코드','취소요청구분코드',0,'N','SYSTEM','2023-10-12 14:24:06.209395','SYSTEM','2023-10-12 14:24:06.209395');
INSERT INTO com_group_cd_bsc (group_cd_mgno,group_cd_eng_nm,group_cd_korn_nm,group_cd_cn,cd_reg_lmt_cnt,del_yn,rgtr_id,reg_dt,mdfr_id,mdfcn_dt) VALUES ('RTRCN_PRCS_RSLT_CD','','취소처리결과코드','취소처리결과코드',0,'N','SYSTEM','2023-10-12 14:24:06.212561','SYSTEM','2023-10-12 14:24:06.212561');
INSERT INTO com_group_cd_bsc (group_cd_mgno,group_cd_eng_nm,group_cd_korn_nm,group_cd_cn,cd_reg_lmt_cnt,del_yn,rgtr_id,reg_dt,mdfr_id,mdfcn_dt) VALUES ('PRVT_TRGT_CL_CD','','비공개대상구분코드','비공개대상구분코드',0,'N','SYSTEM','2023-10-12 14:24:06.216211','SYSTEM','2023-10-12 14:24:06.216211');
INSERT INTO com_group_cd_bsc (group_cd_mgno,group_cd_eng_nm,group_cd_korn_nm,group_cd_cn,cd_reg_lmt_cnt,del_yn,rgtr_id,reg_dt,mdfr_id,mdfcn_dt) VALUES ('MENU_CL_CD','','메뉴구분코드','메뉴구분코드',0,'N','SYSTEM','2023-10-12 14:24:06.219454','SYSTEM','2023-10-12 14:24:06.219454');
INSERT INTO com_group_cd_bsc (group_cd_mgno,group_cd_eng_nm,group_cd_korn_nm,group_cd_cn,cd_reg_lmt_cnt,del_yn,rgtr_id,reg_dt,mdfr_id,mdfcn_dt) VALUES ('SYS_CL_CD','','시스템구분코드','시스템구분코드',0,'N','SYSTEM','2023-10-12 14:24:06.222787','SYSTEM','2023-10-12 14:24:06.222787');
INSERT INTO com_group_cd_bsc (group_cd_mgno,group_cd_eng_nm,group_cd_korn_nm,group_cd_cn,cd_reg_lmt_cnt,del_yn,rgtr_id,reg_dt,mdfr_id,mdfcn_dt) VALUES ('USER_CL_CD','','사용자구분코드','사용자구분코드',0,'N','SYSTEM','2023-10-12 14:24:06.226353','SYSTEM','2023-10-12 14:24:06.226353');
INSERT INTO com_group_cd_bsc (group_cd_mgno,group_cd_eng_nm,group_cd_korn_nm,group_cd_cn,cd_reg_lmt_cnt,del_yn,rgtr_id,reg_dt,mdfr_id,mdfcn_dt) VALUES ('INQ_CL_CD','','조회구분코드','조회구분코드',0,'N','SYSTEM','2023-10-12 14:24:06.229407','SYSTEM','2023-10-12 14:24:06.229407');
INSERT INTO com_group_cd_bsc (group_cd_mgno,group_cd_eng_nm,group_cd_korn_nm,group_cd_cn,cd_reg_lmt_cnt,del_yn,rgtr_id,reg_dt,mdfr_id,mdfcn_dt) VALUES ('ERR_MSG_CL_CD','','오류메시지구분코드','오류메시지구분코드',0,'N','SYSTEM','2023-10-12 14:24:06.232453','SYSTEM','2023-10-12 14:24:06.232453');
INSERT INTO com_group_cd_bsc (group_cd_mgno,group_cd_eng_nm,group_cd_korn_nm,group_cd_cn,cd_reg_lmt_cnt,del_yn,rgtr_id,reg_dt,mdfr_id,mdfcn_dt) VALUES ('CL_CD','','구분코드','구분코드',0,'N','SYSTEM','2023-10-12 14:24:06.23552','SYSTEM','2023-10-12 14:24:06.23552');
INSERT INTO com_group_cd_bsc (group_cd_mgno,group_cd_eng_nm,group_cd_korn_nm,group_cd_cn,cd_reg_lmt_cnt,del_yn,rgtr_id,reg_dt,mdfr_id,mdfcn_dt) VALUES ('INPT_TYPE_CD','','메시지입력유형코드','메시지입력유형코드',0,'N','SYSTEM','2023-10-12 14:24:06.241777','SYSTEM','2023-10-12 14:24:06.241777');
INSERT INTO com_group_cd_bsc (group_cd_mgno,group_cd_eng_nm,group_cd_korn_nm,group_cd_cn,cd_reg_lmt_cnt,del_yn,rgtr_id,reg_dt,mdfr_id,mdfcn_dt) VALUES ('TRSM_TYPE_CD','','전송유형코드','전송유형코드',0,'N','SYSTEM','2023-10-12 14:24:06.244879','SYSTEM','2023-10-12 14:24:06.244879');
INSERT INTO com_group_cd_bsc (group_cd_mgno,group_cd_eng_nm,group_cd_korn_nm,group_cd_cn,cd_reg_lmt_cnt,del_yn,rgtr_id,reg_dt,mdfr_id,mdfcn_dt) VALUES ('TRSM_RSLT_CD','','전송결과코드','전송결과코드',0,'N','SYSTEM','2023-10-12 14:24:06.248894','SYSTEM','2023-10-12 14:24:06.248894');
INSERT INTO com_group_cd_bsc (group_cd_mgno,group_cd_eng_nm,group_cd_korn_nm,group_cd_cn,cd_reg_lmt_cnt,del_yn,rgtr_id,reg_dt,mdfr_id,mdfcn_dt) VALUES ('TASK_TRGT_CD','','전송업무대상코드','전송업무대상코드',0,'N','SYSTEM','2023-10-12 14:24:06.252','SYSTEM','2023-10-12 14:24:06.252');
INSERT INTO com_group_cd_bsc (group_cd_mgno,group_cd_eng_nm,group_cd_korn_nm,group_cd_cn,cd_reg_lmt_cnt,del_yn,rgtr_id,reg_dt,mdfr_id,mdfcn_dt) VALUES ('TRSM_SYS_CD','','전송시스템코드','전송시스템코드',0,'N','SYSTEM','2023-10-12 14:24:06.255505','SYSTEM','2023-10-12 14:24:06.255505');
INSERT INTO com_group_cd_bsc (group_cd_mgno,group_cd_eng_nm,group_cd_korn_nm,group_cd_cn,cd_reg_lmt_cnt,del_yn,rgtr_id,reg_dt,mdfr_id,mdfcn_dt) VALUES ('BZENT_CL_CD','','사업체구분코드','사업체구분코드',0,'N','SYSTEM','2023-10-12 14:24:06.258923','SYSTEM','2023-10-12 14:24:06.258923');
INSERT INTO com_group_cd_bsc (group_cd_mgno,group_cd_eng_nm,group_cd_korn_nm,group_cd_cn,cd_reg_lmt_cnt,del_yn,rgtr_id,reg_dt,mdfr_id,mdfcn_dt) VALUES ('INST_CLSF_CD','','기관분류코드','기관분류코드',0,'N','SYSTEM','2023-10-12 14:24:06.262194','SYSTEM','2023-10-12 14:24:06.262194');
INSERT INTO com_group_cd_bsc (group_cd_mgno,group_cd_eng_nm,group_cd_korn_nm,group_cd_cn,cd_reg_lmt_cnt,del_yn,rgtr_id,reg_dt,mdfr_id,mdfcn_dt) VALUES ('TEL_DDD','','지역번호코드','지역번호코드',0,'N','SYSTEM','2023-10-12 14:24:06.267974','SYSTEM','2023-10-12 14:24:06.267974');
INSERT INTO com_group_cd_bsc (group_cd_mgno,group_cd_eng_nm,group_cd_korn_nm,group_cd_cn,cd_reg_lmt_cnt,del_yn,rgtr_id,reg_dt,mdfr_id,mdfcn_dt) VALUES ('USER_APLY_TYPE_CD','','사용자신청유형코드','사용자신청유형코드',0,'N','SYSTEM','2023-10-12 14:24:06.270976','SYSTEM','2023-10-12 14:24:06.270976');
INSERT INTO com_group_cd_bsc (group_cd_mgno,group_cd_eng_nm,group_cd_korn_nm,group_cd_cn,cd_reg_lmt_cnt,del_yn,rgtr_id,reg_dt,mdfr_id,mdfcn_dt) VALUES ('USER_PRCS_TYPE_CD','','사용자처리유형코드','사용자처리유형코드',0,'N','SYSTEM','2023-10-12 14:24:06.273962','SYSTEM','2023-10-12 14:24:06.273962');
INSERT INTO com_group_cd_bsc (group_cd_mgno,group_cd_eng_nm,group_cd_korn_nm,group_cd_cn,cd_reg_lmt_cnt,del_yn,rgtr_id,reg_dt,mdfr_id,mdfcn_dt) VALUES ('ACNT_STTS_CL_CD','','사용자계정상태구분코드','사용자계정상태구분코드',0,'N','SYSTEM','2023-10-12 14:24:06.276909','SYSTEM','2023-10-12 14:24:06.276909');
INSERT INTO com_group_cd_bsc (group_cd_mgno,group_cd_eng_nm,group_cd_korn_nm,group_cd_cn,cd_reg_lmt_cnt,del_yn,rgtr_id,reg_dt,mdfr_id,mdfcn_dt) VALUES ('ACNT_STTS_CD','','계정상태코드','계정상태코드',0,'N','SYSTEM','2023-10-12 14:24:06.279926','SYSTEM','2023-10-12 14:24:06.279926');
INSERT INTO com_group_cd_bsc (group_cd_mgno,group_cd_eng_nm,group_cd_korn_nm,group_cd_cn,cd_reg_lmt_cnt,del_yn,rgtr_id,reg_dt,mdfr_id,mdfcn_dt) VALUES ('CHG_CL_CD','','변경구분코드','변경구분코드',0,'N','SYSTEM','2023-10-12 14:24:06.283083','SYSTEM','2023-10-12 14:24:06.283083');
INSERT INTO com_group_cd_bsc (group_cd_mgno,group_cd_eng_nm,group_cd_korn_nm,group_cd_cn,cd_reg_lmt_cnt,del_yn,rgtr_id,reg_dt,mdfr_id,mdfcn_dt) VALUES ('PRCS_CL_CD','','처리구분코드','처리구분코드',0,'N','SYSTEM','2023-10-12 14:24:06.286385','SYSTEM','2023-10-12 14:24:06.286385');
INSERT INTO com_group_cd_bsc (group_cd_mgno,group_cd_eng_nm,group_cd_korn_nm,group_cd_cn,cd_reg_lmt_cnt,del_yn,rgtr_id,reg_dt,mdfr_id,mdfcn_dt) VALUES ('USER_PRCS_STTS_CD','','사용자처리상태코드','사용자처리상태코드',0,'N','SYSTEM','2023-10-12 14:24:06.289454','SYSTEM','2023-10-12 14:24:06.289454');
INSERT INTO com_group_cd_bsc (group_cd_mgno,group_cd_eng_nm,group_cd_korn_nm,group_cd_cn,cd_reg_lmt_cnt,del_yn,rgtr_id,reg_dt,mdfr_id,mdfcn_dt) VALUES ('CLSG_APLY_CL_CD','','폐쇄신청구분코드','폐쇄신청구분코드',0,'N','SYSTEM','2023-10-12 14:24:06.292375','SYSTEM','2023-10-12 14:24:06.292375');
INSERT INTO com_group_cd_bsc (group_cd_mgno,group_cd_eng_nm,group_cd_korn_nm,group_cd_cn,cd_reg_lmt_cnt,del_yn,rgtr_id,reg_dt,mdfr_id,mdfcn_dt) VALUES ('FILE_TYPE_CL_CD','','파일유형구분코드','파일유형구분코드',0,'N','SYSTEM','2023-10-12 14:24:06.295344','SYSTEM','2023-10-12 14:24:06.295344');
INSERT INTO com_group_cd_bsc (group_cd_mgno,group_cd_eng_nm,group_cd_korn_nm,group_cd_cn,cd_reg_lmt_cnt,del_yn,rgtr_id,reg_dt,mdfr_id,mdfcn_dt) VALUES ('USER_HSTRY_TYPE_CD','','사용자이력유형코드','사용자이력유형코드',0,'N','SYSTEM','2023-10-12 14:24:06.298389','SYSTEM','2023-10-12 14:24:06.298389');
INSERT INTO com_group_cd_bsc (group_cd_mgno,group_cd_eng_nm,group_cd_korn_nm,group_cd_cn,cd_reg_lmt_cnt,del_yn,rgtr_id,reg_dt,mdfr_id,mdfcn_dt) VALUES ('BIZ_PRCS_CL_CD','','사업처리구분코드','사업처리구분코드',0,'N','SYSTEM','2023-10-12 14:24:06.305057','SYSTEM','2023-10-12 14:24:06.305057');
INSERT INTO com_group_cd_bsc (group_cd_mgno,group_cd_eng_nm,group_cd_korn_nm,group_cd_cn,cd_reg_lmt_cnt,del_yn,rgtr_id,reg_dt,mdfr_id,mdfcn_dt) VALUES ('DATA_TYPE_CD',' ','문서유형코드','문서유형코드',0,'N','SYSTEM','2023-10-12 14:24:06.123','SYSTEM','2023-10-12 14:24:06.123');
INSERT INTO com_group_cd_bsc (group_cd_mgno,group_cd_eng_nm,group_cd_korn_nm,group_cd_cn,cd_reg_lmt_cnt,del_yn,rgtr_id,reg_dt,mdfr_id,mdfcn_dt) VALUES ('APLY_TYPE_CD',' ','사업등록사유코드','사업등록사유코드',0,'N','SYSTEM','2023-10-12 14:24:06.13','SYSTEM','2023-10-12 14:24:06.13');
INSERT INTO com_group_cd_bsc (group_cd_mgno,group_cd_eng_nm,group_cd_korn_nm,group_cd_cn,cd_reg_lmt_cnt,del_yn,rgtr_id,reg_dt,mdfr_id,mdfcn_dt) VALUES ('BIZ_GBN_CD',' ','사업구분코드','사업구분코드',0,'N','SYSTEM','2023-10-12 14:24:06.13','SYSTEM','2023-10-12 14:24:06.13');
INSERT INTO com_group_cd_bsc (group_cd_mgno,group_cd_eng_nm,group_cd_korn_nm,group_cd_cn,cd_reg_lmt_cnt,del_yn,rgtr_id,reg_dt,mdfr_id,mdfcn_dt) VALUES ('CNCLD_CL_CD',' ','체결구분코드','체결구분코드',0,'N','SYSTEM','2023-10-12 14:24:06.13','SYSTEM','2023-10-12 14:24:06.13');
INSERT INTO com_group_cd_bsc (group_cd_mgno,group_cd_eng_nm,group_cd_korn_nm,group_cd_cn,cd_reg_lmt_cnt,del_yn,rgtr_id,reg_dt,mdfr_id,mdfcn_dt) VALUES ('REG_TYPE_CD',' ','등록유형코드','등록유형코드',0,'N','SYSTEM','2023-10-12 14:24:06.13','SYSTEM','2023-10-12 14:24:06.13');
INSERT INTO com_group_cd_bsc (group_cd_mgno,group_cd_eng_nm,group_cd_korn_nm,group_cd_cn,cd_reg_lmt_cnt,del_yn,rgtr_id,reg_dt,mdfr_id,mdfcn_dt) VALUES ('NEW_RVSN_TYPE_CD',' ','신규개정유형코드','신규개정유형코드',0,'N','SYSTEM','2023-10-12 14:24:06.13','SYSTEM','2023-10-12 14:24:06.13');
INSERT INTO com_group_cd_bsc (group_cd_mgno,group_cd_eng_nm,group_cd_korn_nm,group_cd_cn,cd_reg_lmt_cnt,del_yn,rgtr_id,reg_dt,mdfr_id,mdfcn_dt) VALUES ('AGR_HSTRY_TYPE_CD','','이력유형코드','이력유형코드',0,'N','SYSTEM','2023-10-12 14:24:06.12786','SYSTEM','2023-10-12 14:24:06.12786');
INSERT INTO com_group_cd_bsc (group_cd_mgno,group_cd_eng_nm,group_cd_korn_nm,group_cd_cn,cd_reg_lmt_cnt,del_yn,rgtr_id,reg_dt,mdfr_id,mdfcn_dt) VALUES ('BFDLBR_TYPE_CD','','사전심의유형코드','사전심의유형코드',0,'N','SYSTEM','2023-10-12 14:24:06.154078','SYSTEM','2023-10-12 14:24:06.154078');
INSERT INTO com_group_cd_bsc (group_cd_mgno,group_cd_eng_nm,group_cd_korn_nm,group_cd_cn,cd_reg_lmt_cnt,del_yn,rgtr_id,reg_dt,mdfr_id,mdfcn_dt) VALUES ('ADDT_DATA_TYPE_CD','','추가자료유형코드','추가자료유형코드',0,'N','SYSTEM','2023-10-12 14:24:06.144352','SYSTEM','2023-10-12 14:24:06.144352');
INSERT INTO com_group_cd_bsc (group_cd_mgno,group_cd_eng_nm,group_cd_korn_nm,group_cd_cn,cd_reg_lmt_cnt,del_yn,rgtr_id,reg_dt,mdfr_id,mdfcn_dt) VALUES ('INST_DTL_CLSF_CD','','기관세부분류코드','기관세부분류코드',0,'N','SYSTEM','2023-10-12 14:24:06.264993','SYSTEM','2023-10-12 14:24:06.264993');
INSERT INTO com_group_cd_bsc (group_cd_mgno,group_cd_eng_nm,group_cd_korn_nm,group_cd_cn,cd_reg_lmt_cnt,del_yn,rgtr_id,reg_dt,mdfr_id,mdfcn_dt) VALUES ('ACNT_CL_CD',' ','계정구분코드','계정구분코드',0,'N','SYSTEM','2023-10-12 14:24:06.301678','UR00000018','2024-01-31 11:20:19.186258');
INSERT INTO com_group_cd_bsc (group_cd_mgno,group_cd_eng_nm,group_cd_korn_nm,group_cd_cn,cd_reg_lmt_cnt,del_yn,rgtr_id,reg_dt,mdfr_id,mdfcn_dt) VALUES ('TYPE_CD',' ','유형코드','유형코드',0,'N','SYSTEM','2023-10-12 14:24:06.238731','UR00000018','2024-02-07 16:41:36.762286');
INSERT INTO com_group_cd_bsc (group_cd_mgno,group_cd_eng_nm,group_cd_korn_nm,group_cd_cn,cd_reg_lmt_cnt,del_yn,rgtr_id,reg_dt,mdfr_id,mdfcn_dt) VALUES ('MHDLG_PRCND_TYPE_CD','','제정개정유형코드','제정개정유형코드',0,'N','SYSTEM','2023-10-12 14:24:06.13','SYSTEM','2023-10-12 14:24:06.13');
INSERT INTO com_group_cd_bsc (group_cd_mgno,group_cd_eng_nm,group_cd_korn_nm,group_cd_cn,cd_reg_lmt_cnt,del_yn,rgtr_id,reg_dt,mdfr_id,mdfcn_dt) VALUES ('SOP_UNIT_CD','','SOP단위코드','SOP단위코드',0,'N','SYSTEM','2023-10-12 14:24:06.13','SYSTEM','2023-10-12 14:24:06.13');
INSERT INTO com_group_cd_bsc (group_cd_mgno,group_cd_eng_nm,group_cd_korn_nm,group_cd_cn,cd_reg_lmt_cnt,del_yn,rgtr_id,reg_dt,mdfr_id,mdfcn_dt) VALUES ('OMGE_UNIT_CD','','OMGE단위코드','OMGE단위코드',0,'N','SYSTEM','2023-10-12 14:24:06.13','SYSTEM','2023-10-12 14:24:06.13');
INSERT INTO com_group_cd_bsc (group_cd_mgno,group_cd_eng_nm,group_cd_korn_nm,group_cd_cn,cd_reg_lmt_cnt,del_yn,rgtr_id,reg_dt,mdfr_id,mdfcn_dt) VALUES ('MHDLG_RVW_TYPE_CD','','방법론검토구분코드','방법론검토구분코드',0,'N','SYSTEM','2023-10-12 14:24:06.13','SYSTEM','2023-10-12 14:24:06.13');
INSERT INTO com_group_cd_bsc (group_cd_mgno,group_cd_eng_nm,group_cd_korn_nm,group_cd_cn,cd_reg_lmt_cnt,del_yn,rgtr_id,reg_dt,mdfr_id,mdfcn_dt) VALUES ('MHDLG_DLBR_TYPE_CD','','심의처리결과','심의처리결과',0,'N','SYSTEM','2023-10-12 14:24:06.13','SYSTEM','2023-10-12 14:24:06.13');
INSERT INTO com_group_cd_bsc (group_cd_mgno,group_cd_eng_nm,group_cd_korn_nm,group_cd_cn,cd_reg_lmt_cnt,del_yn,rgtr_id,reg_dt,mdfr_id,mdfcn_dt) VALUES ('MHDLG_PRCS_TYPE_CD','','방법론처리유형코드','방법론처리유형코드',0,'N','SYSTEM','2023-10-12 14:24:06.166','SYSTEM','2023-10-12 14:24:06.166');
INSERT INTO com_group_cd_bsc (group_cd_mgno,group_cd_eng_nm,group_cd_korn_nm,group_cd_cn,cd_reg_lmt_cnt,del_yn,rgtr_id,reg_dt,mdfr_id,mdfcn_dt) VALUES ('MHDLG_REG_RSN_CD','','방법론차수등록사유코드','방법론차수등록사유코드',0,'N','SYSTEM','2023-10-12 14:24:06.13','SYSTEM','2023-10-12 14:24:06.13');
INSERT INTO com_group_cd_bsc (group_cd_mgno,group_cd_eng_nm,group_cd_korn_nm,group_cd_cn,cd_reg_lmt_cnt,del_yn,rgtr_id,reg_dt,mdfr_id,mdfcn_dt) VALUES ('MHDLG_APLY_CL_CD','','방법론신청구분코드','방법론신청구분코드',0,'N','SYSTEM','2023-10-12 14:24:06.13','SYSTEM','2023-10-12 14:24:06.13');
INSERT INTO com_group_cd_bsc (group_cd_mgno,group_cd_eng_nm,group_cd_korn_nm,group_cd_cn,cd_reg_lmt_cnt,del_yn,rgtr_id,reg_dt,mdfr_id,mdfcn_dt) VALUES ('APLY_PRCS_TYPE_CD','','신청처리구분코드','사용자신청처리구분코드',0,'N','SYSTEM','2023-10-12 14:24:06.123','SYSTEM','2023-10-12 14:24:06.123');
INSERT INTO com_group_cd_bsc (group_cd_mgno,group_cd_eng_nm,group_cd_korn_nm,group_cd_cn,cd_reg_lmt_cnt,del_yn,rgtr_id,reg_dt,mdfr_id,mdfcn_dt) VALUES ('MHLDG_HSTRY_TYPE_CD','','업무이력유형코드','업무이력유형코드',0,'N','SYSTEM','2023-10-12 14:24:06.173','SYSTEM','2023-10-12 14:24:06.173');
INSERT INTO com_group_cd_bsc (group_cd_mgno,group_cd_eng_nm,group_cd_korn_nm,group_cd_cn,cd_reg_lmt_cnt,del_yn,rgtr_id,reg_dt,mdfr_id,mdfcn_dt) VALUES ('CHG_PRCS_TYPE_CD','','변경처리구분코드','기관변경처리구분코드',0,'N','SYSTEM','2023-10-12 14:24:06.154','SYSTEM','2023-10-12 14:24:06.154');
INSERT INTO com_group_cd_bsc (group_cd_mgno,group_cd_eng_nm,group_cd_korn_nm,group_cd_cn,cd_reg_lmt_cnt,del_yn,rgtr_id,reg_dt,mdfr_id,mdfcn_dt) VALUES ('PSN_ACNT_STTS_CL_CD','','보유계정상태구분코드','보유계정상태구분코드',0,'N','SYSTEM','2023-10-12 14:24:06.123','SYSTEM','2023-10-12 14:24:06.123');
INSERT INTO com_group_cd_bsc (group_cd_mgno,group_cd_eng_nm,group_cd_korn_nm,group_cd_cn,cd_reg_lmt_cnt,del_yn,rgtr_id,reg_dt,mdfr_id,mdfcn_dt) VALUES ('GRP_PRCS_TYPE_CD','','그룹처리유형코드','그룹처리유형코드',0,'N','SYSTEM','2023-10-12 14:24:06.157','SYSTEM','2023-10-12 14:24:06.157');
INSERT INTO com_group_cd_bsc (group_cd_mgno,group_cd_eng_nm,group_cd_korn_nm,group_cd_cn,cd_reg_lmt_cnt,del_yn,rgtr_id,reg_dt,mdfr_id,mdfcn_dt) VALUES ('PRVT_PRCS_TYPE_CD',' ','사업비공개심의코드','사업비공개심의코드',0,'N','SYSTEM','2023-12-07 14:41:00.977','SYSTEM','2023-12-07 14:41:00.977');
INSERT INTO com_group_cd_bsc (group_cd_mgno,group_cd_eng_nm,group_cd_korn_nm,group_cd_cn,cd_reg_lmt_cnt,del_yn,rgtr_id,reg_dt,mdfr_id,mdfcn_dt) VALUES ('PRVT_APLY_TYPE_CD',' ','사업비공개신청코드','사업비공개신청코드',0,'N','SYSTEM','2023-12-07 14:41:00.977','SYSTEM','2023-12-07 14:41:00.977');
INSERT INTO com_group_cd_bsc (group_cd_mgno,group_cd_eng_nm,group_cd_korn_nm,group_cd_cn,cd_reg_lmt_cnt,del_yn,rgtr_id,reg_dt,mdfr_id,mdfcn_dt) VALUES ('PRVT_DLBR_TYPE_CD',' ','사업비공개심의유형코드','사업비공개심의유형코드',0,'N','SYSTEM','2023-12-07 14:41:00.977','SYSTEM','2023-12-07 14:41:00.977');
INSERT INTO com_group_cd_bsc (group_cd_mgno,group_cd_eng_nm,group_cd_korn_nm,group_cd_cn,cd_reg_lmt_cnt,del_yn,rgtr_id,reg_dt,mdfr_id,mdfcn_dt) VALUES ('APLY_REG_CL_CD','','신청등록구분코드','신청등록구분코드',0,'N','SYSTEM','2023-10-12 14:24:06.123',NULL,NULL);
INSERT INTO com_group_cd_bsc (group_cd_mgno,group_cd_eng_nm,group_cd_korn_nm,group_cd_cn,cd_reg_lmt_cnt,del_yn,rgtr_id,reg_dt,mdfr_id,mdfcn_dt) VALUES ('APLY_DLBR_TYPE_CD','','신청심의유형코드','신청심의유형코드',0,'N','SYSTEM','2023-10-12 14:24:06.123',NULL,NULL);
INSERT INTO com_group_cd_bsc (group_cd_mgno,group_cd_eng_nm,group_cd_korn_nm,group_cd_cn,cd_reg_lmt_cnt,del_yn,rgtr_id,reg_dt,mdfr_id,mdfcn_dt) VALUES ('CHG_ARTCL_CD','','변경항목코드','변경항목코드',0,'N','SYSTEM','2023-10-12 14:24:06.123',NULL,NULL);
INSERT INTO com_group_cd_bsc (group_cd_mgno,group_cd_eng_nm,group_cd_korn_nm,group_cd_cn,cd_reg_lmt_cnt,del_yn,rgtr_id,reg_dt,mdfr_id,mdfcn_dt) VALUES ('AGR_CLAUS_CD','','파리협정조항코드','파리협정조항코드',0,'N','SYSTEM','2023-10-12 14:24:06.137763','SYSTEM','2023-10-12 14:24:06.137763');
INSERT INTO com_group_cd_bsc (group_cd_mgno,group_cd_eng_nm,group_cd_korn_nm,group_cd_cn,cd_reg_lmt_cnt,del_yn,rgtr_id,reg_dt,mdfr_id,mdfcn_dt) VALUES ('SCSN_CL_CD','','승계구분코드','승계구분코드',0,'N','SYSTEM','2023-10-12 14:24:06.141128','SYSTEM','2023-10-12 14:24:06.141128');
INSERT INTO com_group_cd_bsc (group_cd_mgno,group_cd_eng_nm,group_cd_korn_nm,group_cd_cn,cd_reg_lmt_cnt,del_yn,rgtr_id,reg_dt,mdfr_id,mdfcn_dt) VALUES ('CLSG_CL_CD','','폐쇄구분코드','폐쇄구분코드',0,'N','SYSTEM','2023-12-26 14:24:06.292','SYSTEM','2023-12-26 14:24:06.292');
INSERT INTO com_group_cd_bsc (group_cd_mgno,group_cd_eng_nm,group_cd_korn_nm,group_cd_cn,cd_reg_lmt_cnt,del_yn,rgtr_id,reg_dt,mdfr_id,mdfcn_dt) VALUES ('PRCS_STTS_CD','','처리상태코드','처리상태코드',0,'N','SYSTEM','2023-12-26 14:24:06.292','SYSTEM','2023-12-26 14:24:06.292');
/* 85 */

/* com_cd_dtl */
INSERT INTO com_cd_dtl (cd_mgno,group_cd_mgno,cd_eng_nm,cd_korn_nm,cd_cn,sort_seqo,del_yn,rgtr_id,reg_dt,mdfr_id,mdfcn_dt) VALUES ('PTC0009','PRCS_TYPE_CD','','심의요청','심의요청',9,'N','SYSTEM','2023-10-12 14:41:01.057543','SYSTEM','2023-10-12 14:41:01.057543');
INSERT INTO com_cd_dtl (cd_mgno,group_cd_mgno,cd_eng_nm,cd_korn_nm,cd_cn,sort_seqo,del_yn,rgtr_id,reg_dt,mdfr_id,mdfcn_dt) VALUES ('ATC0006','APLY_TYPE_CD','','변경신청','변경신청',6,'N','SYSTEM','2023-10-12 14:41:00.989','SYSTEM','2023-10-12 14:41:00.989');
INSERT INTO com_cd_dtl (cd_mgno,group_cd_mgno,cd_eng_nm,cd_korn_nm,cd_cn,sort_seqo,del_yn,rgtr_id,reg_dt,mdfr_id,mdfcn_dt) VALUES ('DTC0001','DLBR_TYPE_CD','','심의승인','심의승인',1,'N','SYSTEM','2023-10-12 14:41:01.13793','SYSTEM','2023-10-12 14:41:01.13793');
INSERT INTO com_cd_dtl (cd_mgno,group_cd_mgno,cd_eng_nm,cd_korn_nm,cd_cn,sort_seqo,del_yn,rgtr_id,reg_dt,mdfr_id,mdfcn_dt) VALUES ('PTC0016','PRCS_TYPE_CD','','기승인신청','기승인신청',16,'N','SYSTEM','2023-10-12 14:41:01.079428','SYSTEM','2023-10-12 14:41:01.079428');
INSERT INTO com_cd_dtl (cd_mgno,group_cd_mgno,cd_eng_nm,cd_korn_nm,cd_cn,sort_seqo,del_yn,rgtr_id,reg_dt,mdfr_id,mdfcn_dt) VALUES ('PTC0003','PRCS_TYPE_CD','','신청','신청',3,'N','SYSTEM','2023-10-12 14:41:01.039683','SYSTEM','2023-10-12 14:41:01.039683');
INSERT INTO com_cd_dtl (cd_mgno,group_cd_mgno,cd_eng_nm,cd_korn_nm,cd_cn,sort_seqo,del_yn,rgtr_id,reg_dt,mdfr_id,mdfcn_dt) VALUES ('PTC0011','PRCS_TYPE_CD','','사전심의반려','사전심의반려',11,'N','SYSTEM','2023-10-12 14:41:01.064137','SYSTEM','2023-10-12 14:41:01.064137');
INSERT INTO com_cd_dtl (cd_mgno,group_cd_mgno,cd_eng_nm,cd_korn_nm,cd_cn,sort_seqo,del_yn,rgtr_id,reg_dt,mdfr_id,mdfcn_dt) VALUES ('PTC0012','PRCS_TYPE_CD','','사전심의승인','사전심의승인',12,'N','SYSTEM','2023-10-12 14:41:01.067263','SYSTEM','2023-10-12 14:41:01.067263');
INSERT INTO com_cd_dtl (cd_mgno,group_cd_mgno,cd_eng_nm,cd_korn_nm,cd_cn,sort_seqo,del_yn,rgtr_id,reg_dt,mdfr_id,mdfcn_dt) VALUES ('RTC0001','RVW_TYPE_CD','','승인','승인',1,'N','SYSTEM','2023-10-12 14:41:01.122335','SYSTEM','2023-10-12 14:41:01.122335');
INSERT INTO com_cd_dtl (cd_mgno,group_cd_mgno,cd_eng_nm,cd_korn_nm,cd_cn,sort_seqo,del_yn,rgtr_id,reg_dt,mdfr_id,mdfcn_dt) VALUES ('PTC0013','PRCS_TYPE_CD','','이의신청','이의신청',13,'N','SYSTEM','2023-10-12 14:41:01.07033','SYSTEM','2023-10-12 14:41:01.07033');
INSERT INTO com_cd_dtl (cd_mgno,group_cd_mgno,cd_eng_nm,cd_korn_nm,cd_cn,sort_seqo,del_yn,rgtr_id,reg_dt,mdfr_id,mdfcn_dt) VALUES ('PTC0021','PRCS_TYPE_CD','','문서재제출요청','문서재제출요청',21,'N','SYSTEM','2023-10-12 14:41:01.09472','SYSTEM','2023-10-12 14:41:01.09472');
INSERT INTO com_cd_dtl (cd_mgno,group_cd_mgno,cd_eng_nm,cd_korn_nm,cd_cn,sort_seqo,del_yn,rgtr_id,reg_dt,mdfr_id,mdfcn_dt) VALUES ('BSC0004','BIZ_SCAL_CD','','소규모','소규모',4,'N','SYSTEM','2023-10-12 14:41:01.310964','SYSTEM','2023-10-12 14:41:01.310964');
INSERT INTO com_cd_dtl (cd_mgno,group_cd_mgno,cd_eng_nm,cd_korn_nm,cd_cn,sort_seqo,del_yn,rgtr_id,reg_dt,mdfr_id,mdfcn_dt) VALUES ('BSC0005','BIZ_SCAL_CD','','극소규모','극소규모',5,'N','SYSTEM','2023-10-12 14:41:01.310964','SYSTEM','2023-10-12 14:41:01.310964');
INSERT INTO com_cd_dtl (cd_mgno,group_cd_mgno,cd_eng_nm,cd_korn_nm,cd_cn,sort_seqo,del_yn,rgtr_id,reg_dt,mdfr_id,mdfcn_dt) VALUES ('APC0001','APLY_CL_CD','','사전승인신청','사전승인신청',1,'N','SYSTEM','2023-10-12 14:41:01.014845','SYSTEM','2023-10-12 14:41:01.014845');
INSERT INTO com_cd_dtl (cd_mgno,group_cd_mgno,cd_eng_nm,cd_korn_nm,cd_cn,sort_seqo,del_yn,rgtr_id,reg_dt,mdfr_id,mdfcn_dt) VALUES ('APC0002','APLY_CL_CD','','심의신청','심의신청',2,'N','SYSTEM','2023-10-12 14:41:01.018091','SYSTEM','2023-10-12 14:41:01.018091');
INSERT INTO com_cd_dtl (cd_mgno,group_cd_mgno,cd_eng_nm,cd_korn_nm,cd_cn,sort_seqo,del_yn,rgtr_id,reg_dt,mdfr_id,mdfcn_dt) VALUES ('PTC0004','PRCS_TYPE_CD','','보완요청','보완요청',4,'N','SYSTEM','2023-10-12 14:41:01.042429','SYSTEM','2023-10-12 14:41:01.042429');
INSERT INTO com_cd_dtl (cd_mgno,group_cd_mgno,cd_eng_nm,cd_korn_nm,cd_cn,sort_seqo,del_yn,rgtr_id,reg_dt,mdfr_id,mdfcn_dt) VALUES ('PTC0008','PRCS_TYPE_CD','','평가반려','평가반려',8,'N','SYSTEM','2023-10-12 14:41:01.054537','SYSTEM','2023-10-12 14:41:01.054537');
INSERT INTO com_cd_dtl (cd_mgno,group_cd_mgno,cd_eng_nm,cd_korn_nm,cd_cn,sort_seqo,del_yn,rgtr_id,reg_dt,mdfr_id,mdfcn_dt) VALUES ('CRT0001','CLSG_RVW_TYPE_CD','','검토반려','검토반려',1,'N','SYSTEM','2023-10-12 14:41:01.125275','SYSTEM','2023-10-12 14:41:01.125275');
INSERT INTO com_cd_dtl (cd_mgno,group_cd_mgno,cd_eng_nm,cd_korn_nm,cd_cn,sort_seqo,del_yn,rgtr_id,reg_dt,mdfr_id,mdfcn_dt) VALUES ('CRT0002','CLSG_RVW_TYPE_CD','','검토승인','검토승인',2,'N','SYSTEM','2023-10-12 14:41:01.128241','SYSTEM','2023-10-12 14:41:01.128241');
INSERT INTO com_cd_dtl (cd_mgno,group_cd_mgno,cd_eng_nm,cd_korn_nm,cd_cn,sort_seqo,del_yn,rgtr_id,reg_dt,mdfr_id,mdfcn_dt) VALUES ('MHT0001','MHLDG_HSTRY_TYPE_CD','','관장기관 변경','관장기관 변경',1,'N','SYSTEM','2023-10-12 14:41:01.171','SYSTEM','2023-10-12 14:41:01.171');
INSERT INTO com_cd_dtl (cd_mgno,group_cd_mgno,cd_eng_nm,cd_korn_nm,cd_cn,sort_seqo,del_yn,rgtr_id,reg_dt,mdfr_id,mdfcn_dt) VALUES ('ATC0001','APLY_TYPE_CD','','신규신청','신규신청',1,'N','SYSTEM','2023-10-12 14:41:00.977338','SYSTEM','2023-10-12 14:41:00.977338');
INSERT INTO com_cd_dtl (cd_mgno,group_cd_mgno,cd_eng_nm,cd_korn_nm,cd_cn,sort_seqo,del_yn,rgtr_id,reg_dt,mdfr_id,mdfcn_dt) VALUES ('MHT0002','MHLDG_HSTRY_TYPE_CD','','신규신청','신규신청',2,'N','SYSTEM','2023-10-12 14:41:01.174','SYSTEM','2023-10-12 14:41:01.174');
INSERT INTO com_cd_dtl (cd_mgno,group_cd_mgno,cd_eng_nm,cd_korn_nm,cd_cn,sort_seqo,del_yn,rgtr_id,reg_dt,mdfr_id,mdfcn_dt) VALUES ('PTC0019','PRCS_TYPE_CD','','보완요청','보완요청',19,'N','SYSTEM','2023-10-12 14:41:01.088825','SYSTEM','2023-10-12 14:41:01.088825');
INSERT INTO com_cd_dtl (cd_mgno,group_cd_mgno,cd_eng_nm,cd_korn_nm,cd_cn,sort_seqo,del_yn,rgtr_id,reg_dt,mdfr_id,mdfcn_dt) VALUES ('MHT0003','MHLDG_HSTRY_TYPE_CD','','문서보완','문서보완',3,'N','SYSTEM','2023-10-12 14:41:01.177','SYSTEM','2023-10-12 14:41:01.177');
INSERT INTO com_cd_dtl (cd_mgno,group_cd_mgno,cd_eng_nm,cd_korn_nm,cd_cn,sort_seqo,del_yn,rgtr_id,reg_dt,mdfr_id,mdfcn_dt) VALUES ('ETC0001','EVL_TYPE_CD','','평가승인','평가승인',1,'N','SYSTEM','2023-10-12 14:41:01.148246','SYSTEM','2023-10-12 14:41:01.148246');
INSERT INTO com_cd_dtl (cd_mgno,group_cd_mgno,cd_eng_nm,cd_korn_nm,cd_cn,sort_seqo,del_yn,rgtr_id,reg_dt,mdfr_id,mdfcn_dt) VALUES ('PTC0015','PRCS_TYPE_CD','','심의중','심의중',15,'N','SYSTEM','2023-10-12 14:41:01.076298','SYSTEM','2023-10-12 14:41:01.076298');
INSERT INTO com_cd_dtl (cd_mgno,group_cd_mgno,cd_eng_nm,cd_korn_nm,cd_cn,sort_seqo,del_yn,rgtr_id,reg_dt,mdfr_id,mdfcn_dt) VALUES ('PTC0017','PRCS_TYPE_CD','','심의반려','심의반려',17,'N','SYSTEM','2023-10-12 14:41:01.082914','SYSTEM','2023-10-12 14:41:01.082914');
INSERT INTO com_cd_dtl (cd_mgno,group_cd_mgno,cd_eng_nm,cd_korn_nm,cd_cn,sort_seqo,del_yn,rgtr_id,reg_dt,mdfr_id,mdfcn_dt) VALUES ('PTC0018','PRCS_TYPE_CD','','심의승인','심의승인',18,'N','SYSTEM','2023-10-12 14:41:01.085895','SYSTEM','2023-10-12 14:41:01.085895');
INSERT INTO com_cd_dtl (cd_mgno,group_cd_mgno,cd_eng_nm,cd_korn_nm,cd_cn,sort_seqo,del_yn,rgtr_id,reg_dt,mdfr_id,mdfcn_dt) VALUES ('ATC0002','APLY_TYPE_CD','','문서보완','문서보완',2,'N','SYSTEM','2023-10-12 14:41:00.980223','SYSTEM','2023-10-12 14:41:00.980223');
INSERT INTO com_cd_dtl (cd_mgno,group_cd_mgno,cd_eng_nm,cd_korn_nm,cd_cn,sort_seqo,del_yn,rgtr_id,reg_dt,mdfr_id,mdfcn_dt) VALUES ('PTC0022','PRCS_TYPE_CD','','저장','저장',22,'N','SYSTEM','2023-10-12 14:41:01.097714','SYSTEM','2023-10-12 14:41:01.097714');
INSERT INTO com_cd_dtl (cd_mgno,group_cd_mgno,cd_eng_nm,cd_korn_nm,cd_cn,sort_seqo,del_yn,rgtr_id,reg_dt,mdfr_id,mdfcn_dt) VALUES ('PTC0025','PRCS_TYPE_CD','','심의','심의',25,'N','SYSTEM','2023-10-12 14:41:01.100815','SYSTEM','2023-10-12 14:41:01.100815');
INSERT INTO com_cd_dtl (cd_mgno,group_cd_mgno,cd_eng_nm,cd_korn_nm,cd_cn,sort_seqo,del_yn,rgtr_id,reg_dt,mdfr_id,mdfcn_dt) VALUES ('PTC0014','PRCS_TYPE_CD','','심의대기','심의대기',14,'N','SYSTEM','2023-10-12 14:41:01.073289','SYSTEM','2023-10-12 14:41:01.073289');
INSERT INTO com_cd_dtl (cd_mgno,group_cd_mgno,cd_eng_nm,cd_korn_nm,cd_cn,sort_seqo,del_yn,rgtr_id,reg_dt,mdfr_id,mdfcn_dt) VALUES ('PTC0005','PRCS_TYPE_CD','','저장','저장',5,'N','SYSTEM','2023-10-12 14:41:01.045432','SYSTEM','2023-10-12 14:41:01.045432');
INSERT INTO com_cd_dtl (cd_mgno,group_cd_mgno,cd_eng_nm,cd_korn_nm,cd_cn,sort_seqo,del_yn,rgtr_id,reg_dt,mdfr_id,mdfcn_dt) VALUES ('PTC0023','PRCS_TYPE_CD','','이의신청','이의신청',23,'N','SYSTEM','2023-10-12 14:41:01.100815','SYSTEM','2023-10-12 14:41:01.100815');
INSERT INTO com_cd_dtl (cd_mgno,group_cd_mgno,cd_eng_nm,cd_korn_nm,cd_cn,sort_seqo,del_yn,rgtr_id,reg_dt,mdfr_id,mdfcn_dt) VALUES ('MHT0006','MHLDG_HSTRY_TYPE_CD','','문서재제출(심의)','문서재제출(심의)',6,'N','SYSTEM','2023-10-12 14:41:01.188','SYSTEM','2023-10-12 14:41:01.188');
INSERT INTO com_cd_dtl (cd_mgno,group_cd_mgno,cd_eng_nm,cd_korn_nm,cd_cn,sort_seqo,del_yn,rgtr_id,reg_dt,mdfr_id,mdfcn_dt) VALUES ('MHT0004','MHLDG_HSTRY_TYPE_CD','','문서재제출','문서재제출',4,'N','SYSTEM','2023-10-12 14:41:01.181','SYSTEM','2023-10-12 14:41:01.181');
INSERT INTO com_cd_dtl (cd_mgno,group_cd_mgno,cd_eng_nm,cd_korn_nm,cd_cn,sort_seqo,del_yn,rgtr_id,reg_dt,mdfr_id,mdfcn_dt) VALUES ('MHT0005','MHLDG_HSTRY_TYPE_CD','','문서보완(심의)','문서보완(심의)',5,'N','SYSTEM','2023-10-12 14:41:01.185','SYSTEM','2023-10-12 14:41:01.185');
INSERT INTO com_cd_dtl (cd_mgno,group_cd_mgno,cd_eng_nm,cd_korn_nm,cd_cn,sort_seqo,del_yn,rgtr_id,reg_dt,mdfr_id,mdfcn_dt) VALUES ('PTC0007','PRCS_TYPE_CD','','저장','저장',7,'N','SYSTEM','2023-10-12 14:41:01.051743','SYSTEM','2023-10-12 14:41:01.051743');
INSERT INTO com_cd_dtl (cd_mgno,group_cd_mgno,cd_eng_nm,cd_korn_nm,cd_cn,sort_seqo,del_yn,rgtr_id,reg_dt,mdfr_id,mdfcn_dt) VALUES ('ATC0003','APLY_TYPE_CD','','문서재제출','문서재제출',3,'N','SYSTEM','2023-10-12 14:41:00.983236','SYSTEM','2023-10-12 14:41:00.983236');
INSERT INTO com_cd_dtl (cd_mgno,group_cd_mgno,cd_eng_nm,cd_korn_nm,cd_cn,sort_seqo,del_yn,rgtr_id,reg_dt,mdfr_id,mdfcn_dt) VALUES ('ATC0004','APLY_TYPE_CD','','문서보완(심의)','문서보완(심의)',4,'N','SYSTEM','2023-10-12 14:41:00.986197','SYSTEM','2023-10-12 14:41:00.986197');
INSERT INTO com_cd_dtl (cd_mgno,group_cd_mgno,cd_eng_nm,cd_korn_nm,cd_cn,sort_seqo,del_yn,rgtr_id,reg_dt,mdfr_id,mdfcn_dt) VALUES ('ATC0005','APLY_TYPE_CD','','문서재제출(심의)','문서재제출(심의)',5,'N','SYSTEM','2023-10-12 14:41:00.989086','SYSTEM','2023-10-12 14:41:00.989086');
INSERT INTO com_cd_dtl (cd_mgno,group_cd_mgno,cd_eng_nm,cd_korn_nm,cd_cn,sort_seqo,del_yn,rgtr_id,reg_dt,mdfr_id,mdfcn_dt) VALUES ('PTC0024','PRCS_TYPE_CD','','접수','접수',24,'N','SYSTEM','2023-10-12 14:41:01.100815','SYSTEM','2023-10-12 14:41:01.100815');
INSERT INTO com_cd_dtl (cd_mgno,group_cd_mgno,cd_eng_nm,cd_korn_nm,cd_cn,sort_seqo,del_yn,rgtr_id,reg_dt,mdfr_id,mdfcn_dt) VALUES ('PTC0006','PRCS_TYPE_CD','','문서재제출요청','문서재제출요청',6,'N','SYSTEM','2023-10-12 14:41:01.048527','SYSTEM','2023-10-12 14:41:01.048527');
INSERT INTO com_cd_dtl (cd_mgno,group_cd_mgno,cd_eng_nm,cd_korn_nm,cd_cn,sort_seqo,del_yn,rgtr_id,reg_dt,mdfr_id,mdfcn_dt) VALUES ('ETC0003','EVL_TYPE_CD','','문서보완','문서보완',3,'N','SYSTEM','2023-10-12 14:41:01.154607','SYSTEM','2023-10-12 14:41:01.154607');
INSERT INTO com_cd_dtl (cd_mgno,group_cd_mgno,cd_eng_nm,cd_korn_nm,cd_cn,sort_seqo,del_yn,rgtr_id,reg_dt,mdfr_id,mdfcn_dt) VALUES ('ETC0002','EVL_TYPE_CD','','평가반려','평가반려',2,'N','SYSTEM','2023-10-12 14:41:01.15124','SYSTEM','2023-10-12 14:41:01.15124');
INSERT INTO com_cd_dtl (cd_mgno,group_cd_mgno,cd_eng_nm,cd_korn_nm,cd_cn,sort_seqo,del_yn,rgtr_id,reg_dt,mdfr_id,mdfcn_dt) VALUES ('PTC0010','PRCS_TYPE_CD','','평가승인','평가승인',10,'N','SYSTEM','2023-10-12 14:41:01.060679','SYSTEM','2023-10-12 14:41:01.060679');
INSERT INTO com_cd_dtl (cd_mgno,group_cd_mgno,cd_eng_nm,cd_korn_nm,cd_cn,sort_seqo,del_yn,rgtr_id,reg_dt,mdfr_id,mdfcn_dt) VALUES ('DTC0002','DLBR_TYPE_CD','','심의반려','심의반려',2,'N','SYSTEM','2023-10-12 14:41:01.140565','SYSTEM','2023-10-12 14:41:01.140565');
INSERT INTO com_cd_dtl (cd_mgno,group_cd_mgno,cd_eng_nm,cd_korn_nm,cd_cn,sort_seqo,del_yn,rgtr_id,reg_dt,mdfr_id,mdfcn_dt) VALUES ('PTC0020','PRCS_TYPE_CD','','저장','저장',20,'N','SYSTEM','2023-10-12 14:41:01.091768','SYSTEM','2023-10-12 14:41:01.091768');
INSERT INTO com_cd_dtl (cd_mgno,group_cd_mgno,cd_eng_nm,cd_korn_nm,cd_cn,sort_seqo,del_yn,rgtr_id,reg_dt,mdfr_id,mdfcn_dt) VALUES ('TAC0002','TASK_TRGT_CD','','착수보고 알림','착수보고 알림',2,'N','SYSTEM','2023-10-12 14:41:01.467','SYSTEM','2023-10-12 14:41:01.467');
INSERT INTO com_cd_dtl (cd_mgno,group_cd_mgno,cd_eng_nm,cd_korn_nm,cd_cn,sort_seqo,del_yn,rgtr_id,reg_dt,mdfr_id,mdfcn_dt) VALUES ('PTC0001','PRCS_TYPE_CD','','저장','저장',1,'N','SYSTEM','2023-10-12 14:41:01.033915','SYSTEM','2023-10-12 14:41:01.033915');
INSERT INTO com_cd_dtl (cd_mgno,group_cd_mgno,cd_eng_nm,cd_korn_nm,cd_cn,sort_seqo,del_yn,rgtr_id,reg_dt,mdfr_id,mdfcn_dt) VALUES ('PTC0002','PRCS_TYPE_CD','','접수','접수',2,'N','SYSTEM','2023-10-12 14:41:01.036791','SYSTEM','2023-10-12 14:41:01.036791');
INSERT INTO com_cd_dtl (cd_mgno,group_cd_mgno,cd_eng_nm,cd_korn_nm,cd_cn,sort_seqo,del_yn,rgtr_id,reg_dt,mdfr_id,mdfcn_dt) VALUES ('RTC0002','RVW_TYPE_CD','','반려','반려',2,'N','SYSTEM','2023-10-12 14:41:01.119201','SYSTEM','2023-10-12 14:41:01.119201');
INSERT INTO com_cd_dtl (cd_mgno,group_cd_mgno,cd_eng_nm,cd_korn_nm,cd_cn,sort_seqo,del_yn,rgtr_id,reg_dt,mdfr_id,mdfcn_dt) VALUES ('AHT0002','AGR_HSTRY_TYPE_CD','','수정','수정',2,'N','SYSTEM','2023-10-12 14:41:00.971079','SYSTEM','2023-10-12 14:41:00.971079');
INSERT INTO com_cd_dtl (cd_mgno,group_cd_mgno,cd_eng_nm,cd_korn_nm,cd_cn,sort_seqo,del_yn,rgtr_id,reg_dt,mdfr_id,mdfcn_dt) VALUES ('AHT0003','AGR_HSTRY_TYPE_CD','','삭제','삭제',3,'N','SYSTEM','2023-10-12 14:41:00.974037','SYSTEM','2023-10-12 14:41:00.974037');
INSERT INTO com_cd_dtl (cd_mgno,group_cd_mgno,cd_eng_nm,cd_korn_nm,cd_cn,sort_seqo,del_yn,rgtr_id,reg_dt,mdfr_id,mdfcn_dt) VALUES ('AGC0001','AGR_CLAUS_CD','','제 6.2조','제 6.2조',1,'N','SYSTEM','2023-10-12 14:41:01.024579','SYSTEM','2023-10-12 14:41:01.024579');
INSERT INTO com_cd_dtl (cd_mgno,group_cd_mgno,cd_eng_nm,cd_korn_nm,cd_cn,sort_seqo,del_yn,rgtr_id,reg_dt,mdfr_id,mdfcn_dt) VALUES ('AGC0002','AGR_CLAUS_CD','','제 6.4조','제 6.4조',2,'N','SYSTEM','2023-10-12 14:41:01.027866','SYSTEM','2023-10-12 14:41:01.027866');
INSERT INTO com_cd_dtl (cd_mgno,group_cd_mgno,cd_eng_nm,cd_korn_nm,cd_cn,sort_seqo,del_yn,rgtr_id,reg_dt,mdfr_id,mdfcn_dt) VALUES ('DDT0001','BFDLBR_TYPE_CD','','사전심의반려','사전심의반려',1,'N','SYSTEM','2023-10-12 14:41:01.132267','SYSTEM','2023-10-12 14:41:01.132267');
INSERT INTO com_cd_dtl (cd_mgno,group_cd_mgno,cd_eng_nm,cd_korn_nm,cd_cn,sort_seqo,del_yn,rgtr_id,reg_dt,mdfr_id,mdfcn_dt) VALUES ('DDT0002','BFDLBR_TYPE_CD','','사전심의승인','사전심의승인',2,'N','SYSTEM','2023-10-12 14:41:01.135221','SYSTEM','2023-10-12 14:41:01.135221');
INSERT INTO com_cd_dtl (cd_mgno,group_cd_mgno,cd_eng_nm,cd_korn_nm,cd_cn,sort_seqo,del_yn,rgtr_id,reg_dt,mdfr_id,mdfcn_dt) VALUES ('ADT0001','ADDT_DATA_TYPE_CD','','추가자료요청','추가자료요청',1,'N','SYSTEM','2023-10-12 14:41:01.103879','SYSTEM','2023-10-12 14:41:01.103879');
INSERT INTO com_cd_dtl (cd_mgno,group_cd_mgno,cd_eng_nm,cd_korn_nm,cd_cn,sort_seqo,del_yn,rgtr_id,reg_dt,mdfr_id,mdfcn_dt) VALUES ('ADT0002','ADDT_DATA_TYPE_CD','','추가자료제출','추가자료제출',2,'N','SYSTEM','2023-10-12 14:41:01.106867','SYSTEM','2023-10-12 14:41:01.106867');
INSERT INTO com_cd_dtl (cd_mgno,group_cd_mgno,cd_eng_nm,cd_korn_nm,cd_cn,sort_seqo,del_yn,rgtr_id,reg_dt,mdfr_id,mdfcn_dt) VALUES ('ADT0003','ADDT_DATA_TYPE_CD','','추가자료반려','추가자료반려',3,'N','SYSTEM','2023-10-12 14:41:01.109903','SYSTEM','2023-10-12 14:41:01.109903');
INSERT INTO com_cd_dtl (cd_mgno,group_cd_mgno,cd_eng_nm,cd_korn_nm,cd_cn,sort_seqo,del_yn,rgtr_id,reg_dt,mdfr_id,mdfcn_dt) VALUES ('ADT0004','ADDT_DATA_TYPE_CD','','추가자료승인','추가자료승인',4,'N','SYSTEM','2023-10-12 14:41:01.11298','SYSTEM','2023-10-12 14:41:01.11298');
INSERT INTO com_cd_dtl (cd_mgno,group_cd_mgno,cd_eng_nm,cd_korn_nm,cd_cn,sort_seqo,del_yn,rgtr_id,reg_dt,mdfr_id,mdfcn_dt) VALUES ('DAT0001','DATA_DMND_TYPE_CD','','추가자료요청','추가자료요청',1,'N','SYSTEM','2023-10-12 14:41:01.157766','SYSTEM','2023-10-12 14:41:01.157766');
INSERT INTO com_cd_dtl (cd_mgno,group_cd_mgno,cd_eng_nm,cd_korn_nm,cd_cn,sort_seqo,del_yn,rgtr_id,reg_dt,mdfr_id,mdfcn_dt) VALUES ('DRT0001','DATA_REG_TYPE_CD','','추가자료제출','추가자료제출',1,'N','SYSTEM','2023-10-12 14:41:01.161558','SYSTEM','2023-10-12 14:41:01.161558');
INSERT INTO com_cd_dtl (cd_mgno,group_cd_mgno,cd_eng_nm,cd_korn_nm,cd_cn,sort_seqo,del_yn,rgtr_id,reg_dt,mdfr_id,mdfcn_dt) VALUES ('DIT0001','DATA_IDNTY_TYPE_CD','','승인','승인',1,'N','SYSTEM','2023-10-12 14:41:01.164735','SYSTEM','2023-10-12 14:41:01.164735');
INSERT INTO com_cd_dtl (cd_mgno,group_cd_mgno,cd_eng_nm,cd_korn_nm,cd_cn,sort_seqo,del_yn,rgtr_id,reg_dt,mdfr_id,mdfcn_dt) VALUES ('DIT0002','DATA_IDNTY_TYPE_CD','','반려','반려',2,'N','SYSTEM','2023-10-12 14:41:01.16798','SYSTEM','2023-10-12 14:41:01.16798');
INSERT INTO com_cd_dtl (cd_mgno,group_cd_mgno,cd_eng_nm,cd_korn_nm,cd_cn,sort_seqo,del_yn,rgtr_id,reg_dt,mdfr_id,mdfcn_dt) VALUES ('BHT0002','BIZ_HSTRY_TYPE_CD','','신규신청','신규신청',2,'N','SYSTEM','2023-10-12 14:41:01.174527','SYSTEM','2023-10-12 14:41:01.174527');
INSERT INTO com_cd_dtl (cd_mgno,group_cd_mgno,cd_eng_nm,cd_korn_nm,cd_cn,sort_seqo,del_yn,rgtr_id,reg_dt,mdfr_id,mdfcn_dt) VALUES ('BHT0003','BIZ_HSTRY_TYPE_CD','','문서보완','문서보완',3,'N','SYSTEM','2023-10-12 14:41:01.17787','SYSTEM','2023-10-12 14:41:01.17787');
INSERT INTO com_cd_dtl (cd_mgno,group_cd_mgno,cd_eng_nm,cd_korn_nm,cd_cn,sort_seqo,del_yn,rgtr_id,reg_dt,mdfr_id,mdfcn_dt) VALUES ('TAC0003','TASK_TRGT_CD','','사업평가결과 알림','사업평가결과 알림',3,'N','SYSTEM','2023-10-12 14:41:01.467','SYSTEM','2023-10-12 14:41:01.467');
INSERT INTO com_cd_dtl (cd_mgno,group_cd_mgno,cd_eng_nm,cd_korn_nm,cd_cn,sort_seqo,del_yn,rgtr_id,reg_dt,mdfr_id,mdfcn_dt) VALUES ('TAC0004','TASK_TRGT_CD','','사업사전심의결과 알림','사업사전심의결과 알림',4,'N','SYSTEM','2023-10-12 14:41:01.467','SYSTEM','2023-10-12 14:41:01.467');
INSERT INTO com_cd_dtl (cd_mgno,group_cd_mgno,cd_eng_nm,cd_korn_nm,cd_cn,sort_seqo,del_yn,rgtr_id,reg_dt,mdfr_id,mdfcn_dt) VALUES ('TAC0005','TASK_TRGT_CD','','사업심의결과 알림','사업심의결과 알림',5,'N','SYSTEM','2023-10-12 14:41:01.467','SYSTEM','2023-10-12 14:41:01.467');
INSERT INTO com_cd_dtl (cd_mgno,group_cd_mgno,cd_eng_nm,cd_korn_nm,cd_cn,sort_seqo,del_yn,rgtr_id,reg_dt,mdfr_id,mdfcn_dt) VALUES ('TAC0006','TASK_TRGT_CD','','착수지연평가결과 알림','착수지연평가결과 알림',6,'N','SYSTEM','2023-10-12 14:41:01.467','SYSTEM','2023-10-12 14:41:01.467');
INSERT INTO com_cd_dtl (cd_mgno,group_cd_mgno,cd_eng_nm,cd_korn_nm,cd_cn,sort_seqo,del_yn,rgtr_id,reg_dt,mdfr_id,mdfcn_dt) VALUES ('TAC0007','TASK_TRGT_CD','','착수지연심의결과 알림','착수지연심의결과 알림',7,'N','SYSTEM','2023-10-12 14:41:01.467','SYSTEM','2023-10-12 14:41:01.467');
INSERT INTO com_cd_dtl (cd_mgno,group_cd_mgno,cd_eng_nm,cd_korn_nm,cd_cn,sort_seqo,del_yn,rgtr_id,reg_dt,mdfr_id,mdfcn_dt) VALUES ('TAC0008','TASK_TRGT_CD','','방법론검토결과 알림','방법론검토결과 알림',8,'N','SYSTEM','2023-10-12 14:41:01.467','SYSTEM','2023-10-12 14:41:01.467');
INSERT INTO com_cd_dtl (cd_mgno,group_cd_mgno,cd_eng_nm,cd_korn_nm,cd_cn,sort_seqo,del_yn,rgtr_id,reg_dt,mdfr_id,mdfcn_dt) VALUES ('TAC0009','TASK_TRGT_CD','','방법론사전심의결과 알림','방법론사전심의결과 알림',9,'N','SYSTEM','2023-10-12 14:41:01.467','SYSTEM','2023-10-12 14:41:01.467');
INSERT INTO com_cd_dtl (cd_mgno,group_cd_mgno,cd_eng_nm,cd_korn_nm,cd_cn,sort_seqo,del_yn,rgtr_id,reg_dt,mdfr_id,mdfcn_dt) VALUES ('BHR0001','BIZ_HSTRY_RSLT_CD','','임시저장','임시저장',1,'N','SYSTEM','2023-10-12 14:41:01.231549','SYSTEM','2023-10-12 14:41:01.231549');
INSERT INTO com_cd_dtl (cd_mgno,group_cd_mgno,cd_eng_nm,cd_korn_nm,cd_cn,sort_seqo,del_yn,rgtr_id,reg_dt,mdfr_id,mdfcn_dt) VALUES ('BHR0002','BIZ_HSTRY_RSLT_CD','','신청','신청',2,'N','SYSTEM','2023-10-12 14:41:01.235045','SYSTEM','2023-10-12 14:41:01.235045');
INSERT INTO com_cd_dtl (cd_mgno,group_cd_mgno,cd_eng_nm,cd_korn_nm,cd_cn,sort_seqo,del_yn,rgtr_id,reg_dt,mdfr_id,mdfcn_dt) VALUES ('BHR0003','BIZ_HSTRY_RSLT_CD','','참여자확인','참여자확인',3,'N','SYSTEM','2023-10-12 14:41:01.238331','SYSTEM','2023-10-12 14:41:01.238331');
INSERT INTO com_cd_dtl (cd_mgno,group_cd_mgno,cd_eng_nm,cd_korn_nm,cd_cn,sort_seqo,del_yn,rgtr_id,reg_dt,mdfr_id,mdfcn_dt) VALUES ('BHT0006','BIZ_HSTRY_TYPE_CD','','문서재제출(심의)','문서재제출(심의)',6,'N','SYSTEM','2023-10-12 14:41:01.188582','SYSTEM','2023-10-12 14:41:01.188582');
INSERT INTO com_cd_dtl (cd_mgno,group_cd_mgno,cd_eng_nm,cd_korn_nm,cd_cn,sort_seqo,del_yn,rgtr_id,reg_dt,mdfr_id,mdfcn_dt) VALUES ('BSC0003','BIZ_SCAL_CD','','극소규모(100tCO2-eq 이하)','극소규모(100 tCO2-eq 이하)',3,'N','SYSTEM','2023-10-12 14:41:01.310964','SYSTEM','2023-10-12 14:41:01.310964');
INSERT INTO com_cd_dtl (cd_mgno,group_cd_mgno,cd_eng_nm,cd_korn_nm,cd_cn,sort_seqo,del_yn,rgtr_id,reg_dt,mdfr_id,mdfcn_dt) VALUES ('RDT0001','RTRCN_DMND_TYPE_CD','','사업취소 사전통보','사업취소 사전통보',1,'N','SYSTEM','2023-10-12 14:41:01.355651','SYSTEM','2023-10-12 14:41:01.355651');
INSERT INTO com_cd_dtl (cd_mgno,group_cd_mgno,cd_eng_nm,cd_korn_nm,cd_cn,sort_seqo,del_yn,rgtr_id,reg_dt,mdfr_id,mdfcn_dt) VALUES ('BHT0001','BIZ_HSTRY_TYPE_CD','','관장기관 지정','관장기관 지정',1,'N','SYSTEM','2023-10-12 14:41:01.171316','SYSTEM','2023-10-12 14:41:01.171316');
INSERT INTO com_cd_dtl (cd_mgno,group_cd_mgno,cd_eng_nm,cd_korn_nm,cd_cn,sort_seqo,del_yn,rgtr_id,reg_dt,mdfr_id,mdfcn_dt) VALUES ('BHR0008','BIZ_HSTRY_RSLT_CD','','검토반려','검토반려',8,'N','SYSTEM','2023-10-12 14:41:01.253258','SYSTEM','2023-10-12 14:41:01.253258');
INSERT INTO com_cd_dtl (cd_mgno,group_cd_mgno,cd_eng_nm,cd_korn_nm,cd_cn,sort_seqo,del_yn,rgtr_id,reg_dt,mdfr_id,mdfcn_dt) VALUES ('BHR0009','BIZ_HSTRY_RSLT_CD','','검토승인','검토승인',9,'N','SYSTEM','2023-10-12 14:41:01.256234','SYSTEM','2023-10-12 14:41:01.256234');
INSERT INTO com_cd_dtl (cd_mgno,group_cd_mgno,cd_eng_nm,cd_korn_nm,cd_cn,sort_seqo,del_yn,rgtr_id,reg_dt,mdfr_id,mdfcn_dt) VALUES ('BHR0010','BIZ_HSTRY_RSLT_CD','','평가반려','평가반려',10,'N','SYSTEM','2023-10-12 14:41:01.259222','SYSTEM','2023-10-12 14:41:01.259222');
INSERT INTO com_cd_dtl (cd_mgno,group_cd_mgno,cd_eng_nm,cd_korn_nm,cd_cn,sort_seqo,del_yn,rgtr_id,reg_dt,mdfr_id,mdfcn_dt) VALUES ('BHR0011','BIZ_HSTRY_RSLT_CD','','평가승인','평가승인',11,'N','SYSTEM','2023-10-12 14:41:01.262174','SYSTEM','2023-10-12 14:41:01.262174');
INSERT INTO com_cd_dtl (cd_mgno,group_cd_mgno,cd_eng_nm,cd_korn_nm,cd_cn,sort_seqo,del_yn,rgtr_id,reg_dt,mdfr_id,mdfcn_dt) VALUES ('BHR0012','BIZ_HSTRY_RSLT_CD','','사전심의반려','사전심의반려',12,'N','SYSTEM','2023-10-12 14:41:01.264995','SYSTEM','2023-10-12 14:41:01.264995');
INSERT INTO com_cd_dtl (cd_mgno,group_cd_mgno,cd_eng_nm,cd_korn_nm,cd_cn,sort_seqo,del_yn,rgtr_id,reg_dt,mdfr_id,mdfcn_dt) VALUES ('BHR0013','BIZ_HSTRY_RSLT_CD','','사전심의승인','사전심의승인',13,'N','SYSTEM','2023-10-12 14:41:01.267778','SYSTEM','2023-10-12 14:41:01.267778');
INSERT INTO com_cd_dtl (cd_mgno,group_cd_mgno,cd_eng_nm,cd_korn_nm,cd_cn,sort_seqo,del_yn,rgtr_id,reg_dt,mdfr_id,mdfcn_dt) VALUES ('BHR0014','BIZ_HSTRY_RSLT_CD','','이의신청','이의신청',14,'N','SYSTEM','2023-10-12 14:41:01.270771','SYSTEM','2023-10-12 14:41:01.270771');
INSERT INTO com_cd_dtl (cd_mgno,group_cd_mgno,cd_eng_nm,cd_korn_nm,cd_cn,sort_seqo,del_yn,rgtr_id,reg_dt,mdfr_id,mdfcn_dt) VALUES ('BHR0015','BIZ_HSTRY_RSLT_CD','','심의반려','심의반려',15,'N','SYSTEM','2023-10-12 14:41:01.273559','SYSTEM','2023-10-12 14:41:01.273559');
INSERT INTO com_cd_dtl (cd_mgno,group_cd_mgno,cd_eng_nm,cd_korn_nm,cd_cn,sort_seqo,del_yn,rgtr_id,reg_dt,mdfr_id,mdfcn_dt) VALUES ('BHR0016','BIZ_HSTRY_RSLT_CD','','심의승인','심의승인',16,'N','SYSTEM','2023-10-12 14:41:01.276837','SYSTEM','2023-10-12 14:41:01.276837');
INSERT INTO com_cd_dtl (cd_mgno,group_cd_mgno,cd_eng_nm,cd_korn_nm,cd_cn,sort_seqo,del_yn,rgtr_id,reg_dt,mdfr_id,mdfcn_dt) VALUES ('BHR0018','BIZ_HSTRY_RSLT_CD','','착수지연 문서보완','착수지연 문서보완',18,'N','SYSTEM','2023-10-12 14:41:01.282481','SYSTEM','2023-10-12 14:41:01.282481');
INSERT INTO com_cd_dtl (cd_mgno,group_cd_mgno,cd_eng_nm,cd_korn_nm,cd_cn,sort_seqo,del_yn,rgtr_id,reg_dt,mdfr_id,mdfcn_dt) VALUES ('BHR0019','BIZ_HSTRY_RSLT_CD','','착수지연 문서보완제출','착수지연 문서보완제출',19,'N','SYSTEM','2023-10-12 14:41:01.285159','SYSTEM','2023-10-12 14:41:01.285159');
INSERT INTO com_cd_dtl (cd_mgno,group_cd_mgno,cd_eng_nm,cd_korn_nm,cd_cn,sort_seqo,del_yn,rgtr_id,reg_dt,mdfr_id,mdfcn_dt) VALUES ('BTC0001','BIZ_TYPE_CD','','단일감축사업','단일감축사업',1,'N','SYSTEM','2023-10-12 14:41:01.296914','SYSTEM','2023-10-12 14:41:01.296914');
INSERT INTO com_cd_dtl (cd_mgno,group_cd_mgno,cd_eng_nm,cd_korn_nm,cd_cn,sort_seqo,del_yn,rgtr_id,reg_dt,mdfr_id,mdfcn_dt) VALUES ('BTC0002','BIZ_TYPE_CD','','묶음감축사업','묶음감축사업',2,'N','SYSTEM','2023-10-12 14:41:01.299754','SYSTEM','2023-10-12 14:41:01.299754');
INSERT INTO com_cd_dtl (cd_mgno,group_cd_mgno,cd_eng_nm,cd_korn_nm,cd_cn,sort_seqo,del_yn,rgtr_id,reg_dt,mdfr_id,mdfcn_dt) VALUES ('BTC0003','BIZ_TYPE_CD','','프로그램감축사업','프로그램감축사업',3,'N','SYSTEM','2023-10-12 14:41:01.302556','SYSTEM','2023-10-12 14:41:01.302556');
INSERT INTO com_cd_dtl (cd_mgno,group_cd_mgno,cd_eng_nm,cd_korn_nm,cd_cn,sort_seqo,del_yn,rgtr_id,reg_dt,mdfr_id,mdfcn_dt) VALUES ('BFC0001','BIZ_FORM_CD','','지원사업','지원사업',1,'N','SYSTEM','2023-10-12 14:41:01.313636','SYSTEM','2023-10-12 14:41:01.313636');
INSERT INTO com_cd_dtl (cd_mgno,group_cd_mgno,cd_eng_nm,cd_korn_nm,cd_cn,sort_seqo,del_yn,rgtr_id,reg_dt,mdfr_id,mdfcn_dt) VALUES ('BFC0002','BIZ_FORM_CD','','구매사업','구매사업',2,'N','SYSTEM','2023-10-12 14:41:01.316326','SYSTEM','2023-10-12 14:41:01.316326');
INSERT INTO com_cd_dtl (cd_mgno,group_cd_mgno,cd_eng_nm,cd_korn_nm,cd_cn,sort_seqo,del_yn,rgtr_id,reg_dt,mdfr_id,mdfcn_dt) VALUES ('BFC0003','BIZ_FORM_CD','','투자사업','투자사업',3,'N','SYSTEM','2023-10-12 14:41:01.319027','SYSTEM','2023-10-12 14:41:01.319027');
INSERT INTO com_cd_dtl (cd_mgno,group_cd_mgno,cd_eng_nm,cd_korn_nm,cd_cn,sort_seqo,del_yn,rgtr_id,reg_dt,mdfr_id,mdfcn_dt) VALUES ('CVT0001','CERT_VLD_TYPE_CD','','갱신형','갱신형',1,'N','SYSTEM','2023-10-12 14:41:01.321524','SYSTEM','2023-10-12 14:41:01.321524');
INSERT INTO com_cd_dtl (cd_mgno,group_cd_mgno,cd_eng_nm,cd_korn_nm,cd_cn,sort_seqo,del_yn,rgtr_id,reg_dt,mdfr_id,mdfcn_dt) VALUES ('CVT0002','CERT_VLD_TYPE_CD','','고정형','고정형',2,'N','SYSTEM','2023-10-12 14:41:01.324415','SYSTEM','2023-10-12 14:41:01.324415');
INSERT INTO com_cd_dtl (cd_mgno,group_cd_mgno,cd_eng_nm,cd_korn_nm,cd_cn,sort_seqo,del_yn,rgtr_id,reg_dt,mdfr_id,mdfcn_dt) VALUES ('BHR0020','BIZ_HSTRY_RSLT_CD','','착수지연 검토승인','착수지연 검토승인',20,'N','SYSTEM','2023-10-12 14:41:01.288102','SYSTEM','2023-10-12 14:41:01.288102');
INSERT INTO com_cd_dtl (cd_mgno,group_cd_mgno,cd_eng_nm,cd_korn_nm,cd_cn,sort_seqo,del_yn,rgtr_id,reg_dt,mdfr_id,mdfcn_dt) VALUES ('RUC0002','RDC_UNIT_CD','','GWH','GWH',2,'N','SYSTEM','2023-10-12 14:41:01.329889','SYSTEM','2023-10-12 14:41:01.329889');
INSERT INTO com_cd_dtl (cd_mgno,group_cd_mgno,cd_eng_nm,cd_korn_nm,cd_cn,sort_seqo,del_yn,rgtr_id,reg_dt,mdfr_id,mdfcn_dt) VALUES ('DCC0001','DMST_CL_CD','','국내','국내',1,'N','SYSTEM','2023-10-12 14:41:01.335053','SYSTEM','2023-10-12 14:41:01.335053');
INSERT INTO com_cd_dtl (cd_mgno,group_cd_mgno,cd_eng_nm,cd_korn_nm,cd_cn,sort_seqo,del_yn,rgtr_id,reg_dt,mdfr_id,mdfcn_dt) VALUES ('DCC0002','DMST_CL_CD','','해외','해외',2,'N','SYSTEM','2023-10-12 14:41:01.337706','SYSTEM','2023-10-12 14:41:01.337706');
INSERT INTO com_cd_dtl (cd_mgno,group_cd_mgno,cd_eng_nm,cd_korn_nm,cd_cn,sort_seqo,del_yn,rgtr_id,reg_dt,mdfr_id,mdfcn_dt) VALUES ('DLC0001','DLAY_DMND_TYPE_CD','','착수지연 등록','착수지연 등록',1,'N','SYSTEM','2023-10-12 14:41:01.340364','SYSTEM','2023-10-12 14:41:01.340364');
INSERT INTO com_cd_dtl (cd_mgno,group_cd_mgno,cd_eng_nm,cd_korn_nm,cd_cn,sort_seqo,del_yn,rgtr_id,reg_dt,mdfr_id,mdfcn_dt) VALUES ('DLC0002','DLAY_DMND_TYPE_CD','','착수지연 문서보완','착수지연 문서보완',2,'N','SYSTEM','2023-10-12 14:41:01.344005','SYSTEM','2023-10-12 14:41:01.344005');
INSERT INTO com_cd_dtl (cd_mgno,group_cd_mgno,cd_eng_nm,cd_korn_nm,cd_cn,sort_seqo,del_yn,rgtr_id,reg_dt,mdfr_id,mdfcn_dt) VALUES ('DIT0001','DLAY_IDNTY_TYPE_CD','','문서보완','문서보완',1,'N','SYSTEM','2023-10-12 14:41:01.346977','SYSTEM','2023-10-12 14:41:01.346977');
INSERT INTO com_cd_dtl (cd_mgno,group_cd_mgno,cd_eng_nm,cd_korn_nm,cd_cn,sort_seqo,del_yn,rgtr_id,reg_dt,mdfr_id,mdfcn_dt) VALUES ('DIT0002','DLAY_IDNTY_TYPE_CD','','승인','승인',2,'N','SYSTEM','2023-10-12 14:41:01.349807','SYSTEM','2023-10-12 14:41:01.349807');
INSERT INTO com_cd_dtl (cd_mgno,group_cd_mgno,cd_eng_nm,cd_korn_nm,cd_cn,sort_seqo,del_yn,rgtr_id,reg_dt,mdfr_id,mdfcn_dt) VALUES ('DIT0003','DLAY_IDNTY_TYPE_CD','','반려','반려',3,'N','SYSTEM','2023-10-12 14:41:01.352788','SYSTEM','2023-10-12 14:41:01.352788');
INSERT INTO com_cd_dtl (cd_mgno,group_cd_mgno,cd_eng_nm,cd_korn_nm,cd_cn,sort_seqo,del_yn,rgtr_id,reg_dt,mdfr_id,mdfcn_dt) VALUES ('RDC0001','RTRCN_DMND_CL_CD','','문서 허위 작성','문서 허위 작성',1,'N','SYSTEM','2023-10-12 14:41:01.35856','SYSTEM','2023-10-12 14:41:01.35856');
INSERT INTO com_cd_dtl (cd_mgno,group_cd_mgno,cd_eng_nm,cd_korn_nm,cd_cn,sort_seqo,del_yn,rgtr_id,reg_dt,mdfr_id,mdfcn_dt) VALUES ('RUC0003','RDC_UNIT_CD','','MW','MW',3,'N','SYSTEM','2023-10-12 14:41:01.332451','SYSTEM','2023-10-12 14:41:01.332451');
INSERT INTO com_cd_dtl (cd_mgno,group_cd_mgno,cd_eng_nm,cd_korn_nm,cd_cn,sort_seqo,del_yn,rgtr_id,reg_dt,mdfr_id,mdfcn_dt) VALUES ('BHT0004','BIZ_HSTRY_TYPE_CD','','문서재제출','문서재제출',4,'N','SYSTEM','2023-10-12 14:41:01.181516','SYSTEM','2023-10-12 14:41:01.181516');
INSERT INTO com_cd_dtl (cd_mgno,group_cd_mgno,cd_eng_nm,cd_korn_nm,cd_cn,sort_seqo,del_yn,rgtr_id,reg_dt,mdfr_id,mdfcn_dt) VALUES ('BHT0005','BIZ_HSTRY_TYPE_CD','','문서보완(심의)','문서보완(심의)',5,'N','SYSTEM','2023-10-12 14:41:01.18522','SYSTEM','2023-10-12 14:41:01.18522');
INSERT INTO com_cd_dtl (cd_mgno,group_cd_mgno,cd_eng_nm,cd_korn_nm,cd_cn,sort_seqo,del_yn,rgtr_id,reg_dt,mdfr_id,mdfcn_dt) VALUES ('BHR0022','BIZ_HSTRY_RSLT_CD','','착수지연 심의승인','착수지연 심의승인',22,'N','SYSTEM','2023-10-12 14:41:01.294066','SYSTEM','2023-10-12 14:41:01.294066');
INSERT INTO com_cd_dtl (cd_mgno,group_cd_mgno,cd_eng_nm,cd_korn_nm,cd_cn,sort_seqo,del_yn,rgtr_id,reg_dt,mdfr_id,mdfcn_dt) VALUES ('BSC0001','BIZ_SCAL_CD','','일반(3,000tCO2-eq 초과)','일반(3,000 tCO2-eq 초과)',1,'N','SYSTEM','2023-10-12 14:41:01.305271','SYSTEM','2023-10-12 14:41:01.305271');
INSERT INTO com_cd_dtl (cd_mgno,group_cd_mgno,cd_eng_nm,cd_korn_nm,cd_cn,sort_seqo,del_yn,rgtr_id,reg_dt,mdfr_id,mdfcn_dt) VALUES ('BHR0021','BIZ_HSTRY_RSLT_CD','','착수지연 검토반려','착수지연 검토반려',21,'N','SYSTEM','2023-10-12 14:41:01.290908','SYSTEM','2023-10-12 14:41:01.290908');
INSERT INTO com_cd_dtl (cd_mgno,group_cd_mgno,cd_eng_nm,cd_korn_nm,cd_cn,sort_seqo,del_yn,rgtr_id,reg_dt,mdfr_id,mdfcn_dt) VALUES ('BHT0007','BIZ_HSTRY_TYPE_CD','','착수예정일자변경','착수예정일자변경',7,'N','SYSTEM','2023-10-12 14:41:01.20599','SYSTEM','2023-10-12 14:41:01.20599');
INSERT INTO com_cd_dtl (cd_mgno,group_cd_mgno,cd_eng_nm,cd_korn_nm,cd_cn,sort_seqo,del_yn,rgtr_id,reg_dt,mdfr_id,mdfcn_dt) VALUES ('BHR0017','BIZ_HSTRY_RSLT_CD','','착수지연신청','착수지연신청',17,'N','SYSTEM','2023-10-12 14:41:01.279694','SYSTEM','2023-10-12 14:41:01.279694');
INSERT INTO com_cd_dtl (cd_mgno,group_cd_mgno,cd_eng_nm,cd_korn_nm,cd_cn,sort_seqo,del_yn,rgtr_id,reg_dt,mdfr_id,mdfcn_dt) VALUES ('TAC0010','TASK_TRGT_CD','','방법론심의결과 알림','방법론심의 알림',10,'N','SYSTEM','2023-10-12 14:41:01.467','SYSTEM','2023-10-12 14:41:01.467');
INSERT INTO com_cd_dtl (cd_mgno,group_cd_mgno,cd_eng_nm,cd_korn_nm,cd_cn,sort_seqo,del_yn,rgtr_id,reg_dt,mdfr_id,mdfcn_dt) VALUES ('BSC0002','BIZ_SCAL_CD','','소규모(100tCO2-eq 초과 ~ 3,000tCO2-eq 이하)','소규모(100 tCO2-eq 초과 ~ 3,000 tCO2-eq 이하)',2,'N','SYSTEM','2023-10-12 14:41:01.308095','SYSTEM','2023-10-12 14:41:01.308095');
INSERT INTO com_cd_dtl (cd_mgno,group_cd_mgno,cd_eng_nm,cd_korn_nm,cd_cn,sort_seqo,del_yn,rgtr_id,reg_dt,mdfr_id,mdfcn_dt) VALUES ('RDC0002','RTRCN_DMND_CL_CD','','사업 미시작','사업 미시작',2,'N','SYSTEM','2023-10-12 14:41:01.361502','SYSTEM','2023-10-12 14:41:01.361502');
INSERT INTO com_cd_dtl (cd_mgno,group_cd_mgno,cd_eng_nm,cd_korn_nm,cd_cn,sort_seqo,del_yn,rgtr_id,reg_dt,mdfr_id,mdfcn_dt) VALUES ('RDC0003','RTRCN_DMND_CL_CD','','사업자 취소 요청','사업자 취소 요청',3,'N','SYSTEM','2023-10-12 14:41:01.364561','SYSTEM','2023-10-12 14:41:01.364561');
INSERT INTO com_cd_dtl (cd_mgno,group_cd_mgno,cd_eng_nm,cd_korn_nm,cd_cn,sort_seqo,del_yn,rgtr_id,reg_dt,mdfr_id,mdfcn_dt) VALUES ('RDC0004','RTRCN_DMND_CL_CD','','기타','기타',4,'N','SYSTEM','2023-10-12 14:41:01.367313','SYSTEM','2023-10-12 14:41:01.367313');
INSERT INTO com_cd_dtl (cd_mgno,group_cd_mgno,cd_eng_nm,cd_korn_nm,cd_cn,sort_seqo,del_yn,rgtr_id,reg_dt,mdfr_id,mdfcn_dt) VALUES ('PTC0001','PRVT_TRGT_CL_CD','','사업 비공개','사업 비공개',1,'N','SYSTEM','2023-10-12 14:41:01.375668','SYSTEM','2023-10-12 14:41:01.375668');
INSERT INTO com_cd_dtl (cd_mgno,group_cd_mgno,cd_eng_nm,cd_korn_nm,cd_cn,sort_seqo,del_yn,rgtr_id,reg_dt,mdfr_id,mdfcn_dt) VALUES ('PTC0002','PRVT_TRGT_CL_CD','','실적 비공개','실적 비공개',2,'N','SYSTEM','2023-10-12 14:41:01.378396','SYSTEM','2023-10-12 14:41:01.378396');
INSERT INTO com_cd_dtl (cd_mgno,group_cd_mgno,cd_eng_nm,cd_korn_nm,cd_cn,sort_seqo,del_yn,rgtr_id,reg_dt,mdfr_id,mdfcn_dt) VALUES ('MCC0001','MENU_CL_CD','','메뉴폴더','메뉴폴더',1,'N','SYSTEM','2023-10-12 14:41:01.381047','SYSTEM','2023-10-12 14:41:01.381047');
INSERT INTO com_cd_dtl (cd_mgno,group_cd_mgno,cd_eng_nm,cd_korn_nm,cd_cn,sort_seqo,del_yn,rgtr_id,reg_dt,mdfr_id,mdfcn_dt) VALUES ('MCC0002','MENU_CL_CD','','메뉴링크','메뉴링크',2,'N','SYSTEM','2023-10-12 14:41:01.383805','SYSTEM','2023-10-12 14:41:01.383805');
INSERT INTO com_cd_dtl (cd_mgno,group_cd_mgno,cd_eng_nm,cd_korn_nm,cd_cn,sort_seqo,del_yn,rgtr_id,reg_dt,mdfr_id,mdfcn_dt) VALUES ('SCC0001','SYS_CL_CD','','IRS','IRS',1,'N','SYSTEM','2023-10-12 14:41:01.38649','SYSTEM','2023-10-12 14:41:01.38649');
INSERT INTO com_cd_dtl (cd_mgno,group_cd_mgno,cd_eng_nm,cd_korn_nm,cd_cn,sort_seqo,del_yn,rgtr_id,reg_dt,mdfr_id,mdfcn_dt) VALUES ('SCC0002','SYS_CL_CD','','ORS','ORS',2,'N','SYSTEM','2023-10-12 14:41:01.389122','SYSTEM','2023-10-12 14:41:01.389122');
INSERT INTO com_cd_dtl (cd_mgno,group_cd_mgno,cd_eng_nm,cd_korn_nm,cd_cn,sort_seqo,del_yn,rgtr_id,reg_dt,mdfr_id,mdfcn_dt) VALUES ('SCC0003','SYS_CL_CD','','ETRS','ETRS',3,'N','SYSTEM','2023-10-12 14:41:01.391754','SYSTEM','2023-10-12 14:41:01.391754');
INSERT INTO com_cd_dtl (cd_mgno,group_cd_mgno,cd_eng_nm,cd_korn_nm,cd_cn,sort_seqo,del_yn,rgtr_id,reg_dt,mdfr_id,mdfcn_dt) VALUES ('MPT0001','MHDLG_PRCS_TYPE_CD','','임시저장','임시저장',1,'N','SYSTEM','2023-10-12 14:41:01.033','SYSTEM','2023-10-12 14:41:01.033');
INSERT INTO com_cd_dtl (cd_mgno,group_cd_mgno,cd_eng_nm,cd_korn_nm,cd_cn,sort_seqo,del_yn,rgtr_id,reg_dt,mdfr_id,mdfcn_dt) VALUES ('MPT0002','MHDLG_PRCS_TYPE_CD','','신청','검토대기 또는 평가대기',2,'N','SYSTEM','2023-10-12 14:41:01.033','SYSTEM','2023-10-12 14:41:01.033');
INSERT INTO com_cd_dtl (cd_mgno,group_cd_mgno,cd_eng_nm,cd_korn_nm,cd_cn,sort_seqo,del_yn,rgtr_id,reg_dt,mdfr_id,mdfcn_dt) VALUES ('MPT0003','MHDLG_PRCS_TYPE_CD','','문서보완','문서보완',3,'N','SYSTEM','2023-10-12 14:41:01.033','SYSTEM','2023-10-12 14:41:01.033');
INSERT INTO com_cd_dtl (cd_mgno,group_cd_mgno,cd_eng_nm,cd_korn_nm,cd_cn,sort_seqo,del_yn,rgtr_id,reg_dt,mdfr_id,mdfcn_dt) VALUES ('IQC0001','INQ_CL_CD','','조회','조회',1,'N','SYSTEM','2023-10-12 14:41:01.405708','SYSTEM','2023-10-12 14:41:01.405708');
INSERT INTO com_cd_dtl (cd_mgno,group_cd_mgno,cd_eng_nm,cd_korn_nm,cd_cn,sort_seqo,del_yn,rgtr_id,reg_dt,mdfr_id,mdfcn_dt) VALUES ('IQC0002','INQ_CL_CD','','등록','등록',2,'N','SYSTEM','2023-10-12 14:41:01.408489','SYSTEM','2023-10-12 14:41:01.408489');
INSERT INTO com_cd_dtl (cd_mgno,group_cd_mgno,cd_eng_nm,cd_korn_nm,cd_cn,sort_seqo,del_yn,rgtr_id,reg_dt,mdfr_id,mdfcn_dt) VALUES ('IQC0003','INQ_CL_CD','','수정','수정',3,'N','SYSTEM','2023-10-12 14:41:01.411349','SYSTEM','2023-10-12 14:41:01.411349');
INSERT INTO com_cd_dtl (cd_mgno,group_cd_mgno,cd_eng_nm,cd_korn_nm,cd_cn,sort_seqo,del_yn,rgtr_id,reg_dt,mdfr_id,mdfcn_dt) VALUES ('IQC0004','INQ_CL_CD','','삭제','삭제',4,'N','SYSTEM','2023-10-12 14:41:01.41425','SYSTEM','2023-10-12 14:41:01.41425');
INSERT INTO com_cd_dtl (cd_mgno,group_cd_mgno,cd_eng_nm,cd_korn_nm,cd_cn,sort_seqo,del_yn,rgtr_id,reg_dt,mdfr_id,mdfcn_dt) VALUES ('CLC0001','CL_CD','','관장기관','관장기관',1,'N','SYSTEM','2023-10-12 14:41:01.423715','SYSTEM','2023-10-12 14:41:01.423715');
INSERT INTO com_cd_dtl (cd_mgno,group_cd_mgno,cd_eng_nm,cd_korn_nm,cd_cn,sort_seqo,del_yn,rgtr_id,reg_dt,mdfr_id,mdfcn_dt) VALUES ('CLC0002','CL_CD','','위탁기관','위탁기관',2,'N','SYSTEM','2023-10-12 14:41:01.427255','SYSTEM','2023-10-12 14:41:01.427255');
INSERT INTO com_cd_dtl (cd_mgno,group_cd_mgno,cd_eng_nm,cd_korn_nm,cd_cn,sort_seqo,del_yn,rgtr_id,reg_dt,mdfr_id,mdfcn_dt) VALUES ('TCD0001','TYPE_CD','','시스템공지','시스템공지',1,'N','SYSTEM','2023-10-12 14:41:01.430152','SYSTEM','2023-10-12 14:41:01.430152');
INSERT INTO com_cd_dtl (cd_mgno,group_cd_mgno,cd_eng_nm,cd_korn_nm,cd_cn,sort_seqo,del_yn,rgtr_id,reg_dt,mdfr_id,mdfcn_dt) VALUES ('TCD0002','TYPE_CD','','업무공지','업무공지',2,'N','SYSTEM','2023-10-12 14:41:01.433106','SYSTEM','2023-10-12 14:41:01.433106');
INSERT INTO com_cd_dtl (cd_mgno,group_cd_mgno,cd_eng_nm,cd_korn_nm,cd_cn,sort_seqo,del_yn,rgtr_id,reg_dt,mdfr_id,mdfcn_dt) VALUES ('ITC0001','INPT_TYPE_CD','','사업참여자명','사업참여자명',1,'N','SYSTEM','2023-10-12 14:41:01.435888','SYSTEM','2023-10-12 14:41:01.435888');
INSERT INTO com_cd_dtl (cd_mgno,group_cd_mgno,cd_eng_nm,cd_korn_nm,cd_cn,sort_seqo,del_yn,rgtr_id,reg_dt,mdfr_id,mdfcn_dt) VALUES ('ITC0002','INPT_TYPE_CD','','사용자명','사용자명',2,'N','SYSTEM','2023-10-12 14:41:01.438803','SYSTEM','2023-10-12 14:41:01.438803');
INSERT INTO com_cd_dtl (cd_mgno,group_cd_mgno,cd_eng_nm,cd_korn_nm,cd_cn,sort_seqo,del_yn,rgtr_id,reg_dt,mdfr_id,mdfcn_dt) VALUES ('ITC0003','INPT_TYPE_CD','','사업명','사업명',3,'N','SYSTEM','2023-10-12 14:41:01.441592','SYSTEM','2023-10-12 14:41:01.441592');
INSERT INTO com_cd_dtl (cd_mgno,group_cd_mgno,cd_eng_nm,cd_korn_nm,cd_cn,sort_seqo,del_yn,rgtr_id,reg_dt,mdfr_id,mdfcn_dt) VALUES ('ITC0004','INPT_TYPE_CD','','차수','차수',4,'N','SYSTEM','2023-10-12 14:41:01.444487','SYSTEM','2023-10-12 14:41:01.444487');
INSERT INTO com_cd_dtl (cd_mgno,group_cd_mgno,cd_eng_nm,cd_korn_nm,cd_cn,sort_seqo,del_yn,rgtr_id,reg_dt,mdfr_id,mdfcn_dt) VALUES ('ITC0005','INPT_TYPE_CD','','일자지정','일자지정',5,'N','SYSTEM','2023-10-12 14:41:01.447288','SYSTEM','2023-10-12 14:41:01.447288');
INSERT INTO com_cd_dtl (cd_mgno,group_cd_mgno,cd_eng_nm,cd_korn_nm,cd_cn,sort_seqo,del_yn,rgtr_id,reg_dt,mdfr_id,mdfcn_dt) VALUES ('ITC0006','INPT_TYPE_CD','','기타','기타',6,'N','SYSTEM','2023-10-12 14:41:01.450223','SYSTEM','2023-10-12 14:41:01.450223');
INSERT INTO com_cd_dtl (cd_mgno,group_cd_mgno,cd_eng_nm,cd_korn_nm,cd_cn,sort_seqo,del_yn,rgtr_id,reg_dt,mdfr_id,mdfcn_dt) VALUES ('TTC0001','TRSM_TYPE_CD','','BATCH','BATCH',1,'N','SYSTEM','2023-10-12 14:41:01.453107','SYSTEM','2023-10-12 14:41:01.453107');
INSERT INTO com_cd_dtl (cd_mgno,group_cd_mgno,cd_eng_nm,cd_korn_nm,cd_cn,sort_seqo,del_yn,rgtr_id,reg_dt,mdfr_id,mdfcn_dt) VALUES ('TTC0002','TRSM_TYPE_CD','','SYSTEM','SYSTEM',2,'N','SYSTEM','2023-10-12 14:41:01.455969','SYSTEM','2023-10-12 14:41:01.455969');
INSERT INTO com_cd_dtl (cd_mgno,group_cd_mgno,cd_eng_nm,cd_korn_nm,cd_cn,sort_seqo,del_yn,rgtr_id,reg_dt,mdfr_id,mdfcn_dt) VALUES ('TTC0003','TRSM_TYPE_CD','','사용자정의전송','사용자정의전송',3,'N','SYSTEM','2023-10-12 14:41:01.458975','SYSTEM','2023-10-12 14:41:01.458975');
INSERT INTO com_cd_dtl (cd_mgno,group_cd_mgno,cd_eng_nm,cd_korn_nm,cd_cn,sort_seqo,del_yn,rgtr_id,reg_dt,mdfr_id,mdfcn_dt) VALUES ('TRC0001','TRSM_RSLT_CD','','전송성공','전송성공',1,'N','SYSTEM','2023-10-12 14:41:01.461978','SYSTEM','2023-10-12 14:41:01.461978');
INSERT INTO com_cd_dtl (cd_mgno,group_cd_mgno,cd_eng_nm,cd_korn_nm,cd_cn,sort_seqo,del_yn,rgtr_id,reg_dt,mdfr_id,mdfcn_dt) VALUES ('TRC0002','TRSM_RSLT_CD','','전송실패','전송실패',2,'N','SYSTEM','2023-10-12 14:41:01.464856','SYSTEM','2023-10-12 14:41:01.464856');
INSERT INTO com_cd_dtl (cd_mgno,group_cd_mgno,cd_eng_nm,cd_korn_nm,cd_cn,sort_seqo,del_yn,rgtr_id,reg_dt,mdfr_id,mdfcn_dt) VALUES ('TSC0001','TRSM_SYS_CD','','SMS','SMS',1,'N','SYSTEM','2023-10-12 14:41:01.470901','SYSTEM','2023-10-12 14:41:01.470901');
INSERT INTO com_cd_dtl (cd_mgno,group_cd_mgno,cd_eng_nm,cd_korn_nm,cd_cn,sort_seqo,del_yn,rgtr_id,reg_dt,mdfr_id,mdfcn_dt) VALUES ('BCC0001','BZENT_CL_CD','','할당대상업체','할당대상업체',1,'N','SYSTEM','2023-10-12 14:41:01.473864','SYSTEM','2023-10-12 14:41:01.473864');
INSERT INTO com_cd_dtl (cd_mgno,group_cd_mgno,cd_eng_nm,cd_korn_nm,cd_cn,sort_seqo,del_yn,rgtr_id,reg_dt,mdfr_id,mdfcn_dt) VALUES ('BCC0002','BZENT_CL_CD','','비할당대상업체','비할당대상업체',2,'N','SYSTEM','2023-10-12 14:41:01.476852','SYSTEM','2023-10-12 14:41:01.476852');
INSERT INTO com_cd_dtl (cd_mgno,group_cd_mgno,cd_eng_nm,cd_korn_nm,cd_cn,sort_seqo,del_yn,rgtr_id,reg_dt,mdfr_id,mdfcn_dt) VALUES ('ICC0001','INST_CLSF_CD','','관리운영','관리운영',1,'N','SYSTEM','2023-10-12 14:41:01.479815','SYSTEM','2023-10-12 14:41:01.479815');
INSERT INTO com_cd_dtl (cd_mgno,group_cd_mgno,cd_eng_nm,cd_korn_nm,cd_cn,sort_seqo,del_yn,rgtr_id,reg_dt,mdfr_id,mdfcn_dt) VALUES ('MPT0005','MHDLG_PRCS_TYPE_CD','','문서재제출','문서재제출',5,'N','SYSTEM','2023-10-12 14:41:01.033','SYSTEM','2023-10-12 14:41:01.033');
INSERT INTO com_cd_dtl (cd_mgno,group_cd_mgno,cd_eng_nm,cd_korn_nm,cd_cn,sort_seqo,del_yn,rgtr_id,reg_dt,mdfr_id,mdfcn_dt) VALUES ('ICC0005','INST_CLSF_CD','','일반사업체','일반사업체',5,'N','SYSTEM','2023-10-12 14:41:01.491104','SYSTEM','2023-10-12 14:41:01.491104');
INSERT INTO com_cd_dtl (cd_mgno,group_cd_mgno,cd_eng_nm,cd_korn_nm,cd_cn,sort_seqo,del_yn,rgtr_id,reg_dt,mdfr_id,mdfcn_dt) VALUES ('RPR0001','RTRCN_PRCS_RSLT_CD','','사전통보','사전통보',1,'N','SYSTEM','2023-10-12 14:41:01.36999','SYSTEM','2023-10-12 14:41:01.36999');
INSERT INTO com_cd_dtl (cd_mgno,group_cd_mgno,cd_eng_nm,cd_korn_nm,cd_cn,sort_seqo,del_yn,rgtr_id,reg_dt,mdfr_id,mdfcn_dt) VALUES ('02','TEL_DDD','','02','02',1,'N','SYSTEM','2023-10-12 14:41:01.508262','SYSTEM','2023-10-12 14:41:01.508262');
INSERT INTO com_cd_dtl (cd_mgno,group_cd_mgno,cd_eng_nm,cd_korn_nm,cd_cn,sort_seqo,del_yn,rgtr_id,reg_dt,mdfr_id,mdfcn_dt) VALUES ('031','TEL_DDD','','031','031',2,'N','SYSTEM','2023-10-12 14:41:01.511065','SYSTEM','2023-10-12 14:41:01.511065');
INSERT INTO com_cd_dtl (cd_mgno,group_cd_mgno,cd_eng_nm,cd_korn_nm,cd_cn,sort_seqo,del_yn,rgtr_id,reg_dt,mdfr_id,mdfcn_dt) VALUES ('032','TEL_DDD','','032','032',3,'N','SYSTEM','2023-10-12 14:41:01.513669','SYSTEM','2023-10-12 14:41:01.513669');
INSERT INTO com_cd_dtl (cd_mgno,group_cd_mgno,cd_eng_nm,cd_korn_nm,cd_cn,sort_seqo,del_yn,rgtr_id,reg_dt,mdfr_id,mdfcn_dt) VALUES ('033','TEL_DDD','','033','033',4,'N','SYSTEM','2023-10-12 14:41:01.516564','SYSTEM','2023-10-12 14:41:01.516564');
INSERT INTO com_cd_dtl (cd_mgno,group_cd_mgno,cd_eng_nm,cd_korn_nm,cd_cn,sort_seqo,del_yn,rgtr_id,reg_dt,mdfr_id,mdfcn_dt) VALUES ('041','TEL_DDD','','041','041',5,'N','SYSTEM','2023-10-12 14:41:01.51916','SYSTEM','2023-10-12 14:41:01.51916');
INSERT INTO com_cd_dtl (cd_mgno,group_cd_mgno,cd_eng_nm,cd_korn_nm,cd_cn,sort_seqo,del_yn,rgtr_id,reg_dt,mdfr_id,mdfcn_dt) VALUES ('042','TEL_DDD','','042','042',6,'N','SYSTEM','2023-10-12 14:41:01.52198','SYSTEM','2023-10-12 14:41:01.52198');
INSERT INTO com_cd_dtl (cd_mgno,group_cd_mgno,cd_eng_nm,cd_korn_nm,cd_cn,sort_seqo,del_yn,rgtr_id,reg_dt,mdfr_id,mdfcn_dt) VALUES ('043','TEL_DDD','','043','043',7,'N','SYSTEM','2023-10-12 14:41:01.524719','SYSTEM','2023-10-12 14:41:01.524719');
INSERT INTO com_cd_dtl (cd_mgno,group_cd_mgno,cd_eng_nm,cd_korn_nm,cd_cn,sort_seqo,del_yn,rgtr_id,reg_dt,mdfr_id,mdfcn_dt) VALUES ('044','TEL_DDD','','044','044',8,'N','SYSTEM','2023-10-12 14:41:01.528023','SYSTEM','2023-10-12 14:41:01.528023');
INSERT INTO com_cd_dtl (cd_mgno,group_cd_mgno,cd_eng_nm,cd_korn_nm,cd_cn,sort_seqo,del_yn,rgtr_id,reg_dt,mdfr_id,mdfcn_dt) VALUES ('051','TEL_DDD','','051','051',9,'N','SYSTEM','2023-10-12 14:41:01.530605','SYSTEM','2023-10-12 14:41:01.530605');
INSERT INTO com_cd_dtl (cd_mgno,group_cd_mgno,cd_eng_nm,cd_korn_nm,cd_cn,sort_seqo,del_yn,rgtr_id,reg_dt,mdfr_id,mdfcn_dt) VALUES ('052','TEL_DDD','','052','052',10,'N','SYSTEM','2023-10-12 14:41:01.533539','SYSTEM','2023-10-12 14:41:01.533539');
INSERT INTO com_cd_dtl (cd_mgno,group_cd_mgno,cd_eng_nm,cd_korn_nm,cd_cn,sort_seqo,del_yn,rgtr_id,reg_dt,mdfr_id,mdfcn_dt) VALUES ('053','TEL_DDD','','053','053',11,'N','SYSTEM','2023-10-12 14:41:01.53632','SYSTEM','2023-10-12 14:41:01.53632');
INSERT INTO com_cd_dtl (cd_mgno,group_cd_mgno,cd_eng_nm,cd_korn_nm,cd_cn,sort_seqo,del_yn,rgtr_id,reg_dt,mdfr_id,mdfcn_dt) VALUES ('054','TEL_DDD','','054','054',12,'N','SYSTEM','2023-10-12 14:41:01.539017','SYSTEM','2023-10-12 14:41:01.539017');
INSERT INTO com_cd_dtl (cd_mgno,group_cd_mgno,cd_eng_nm,cd_korn_nm,cd_cn,sort_seqo,del_yn,rgtr_id,reg_dt,mdfr_id,mdfcn_dt) VALUES ('055','TEL_DDD','','055','055',13,'N','SYSTEM','2023-10-12 14:41:01.541641','SYSTEM','2023-10-12 14:41:01.541641');
INSERT INTO com_cd_dtl (cd_mgno,group_cd_mgno,cd_eng_nm,cd_korn_nm,cd_cn,sort_seqo,del_yn,rgtr_id,reg_dt,mdfr_id,mdfcn_dt) VALUES ('061','TEL_DDD','','061','061',14,'N','SYSTEM','2023-10-12 14:41:01.544427','SYSTEM','2023-10-12 14:41:01.544427');
INSERT INTO com_cd_dtl (cd_mgno,group_cd_mgno,cd_eng_nm,cd_korn_nm,cd_cn,sort_seqo,del_yn,rgtr_id,reg_dt,mdfr_id,mdfcn_dt) VALUES ('062','TEL_DDD','','062','062',15,'N','SYSTEM','2023-10-12 14:41:01.54722','SYSTEM','2023-10-12 14:41:01.54722');
INSERT INTO com_cd_dtl (cd_mgno,group_cd_mgno,cd_eng_nm,cd_korn_nm,cd_cn,sort_seqo,del_yn,rgtr_id,reg_dt,mdfr_id,mdfcn_dt) VALUES ('063','TEL_DDD','','063','063',16,'N','SYSTEM','2023-10-12 14:41:01.549947','SYSTEM','2023-10-12 14:41:01.549947');
INSERT INTO com_cd_dtl (cd_mgno,group_cd_mgno,cd_eng_nm,cd_korn_nm,cd_cn,sort_seqo,del_yn,rgtr_id,reg_dt,mdfr_id,mdfcn_dt) VALUES ('064','TEL_DDD','','064','064',17,'N','SYSTEM','2023-10-12 14:41:01.552584','SYSTEM','2023-10-12 14:41:01.552584');
INSERT INTO com_cd_dtl (cd_mgno,group_cd_mgno,cd_eng_nm,cd_korn_nm,cd_cn,sort_seqo,del_yn,rgtr_id,reg_dt,mdfr_id,mdfcn_dt) VALUES ('UAT0001','USER_APLY_TYPE_CD','','최초신청','최초신청',1,'N','SYSTEM','2023-10-12 14:41:01.555493','SYSTEM','2023-10-12 14:41:01.555493');
INSERT INTO com_cd_dtl (cd_mgno,group_cd_mgno,cd_eng_nm,cd_korn_nm,cd_cn,sort_seqo,del_yn,rgtr_id,reg_dt,mdfr_id,mdfcn_dt) VALUES ('UAT0002','USER_APLY_TYPE_CD','','이의신청','이의신청',2,'N','SYSTEM','2023-10-12 14:41:01.558182','SYSTEM','2023-10-12 14:41:01.558182');
INSERT INTO com_cd_dtl (cd_mgno,group_cd_mgno,cd_eng_nm,cd_korn_nm,cd_cn,sort_seqo,del_yn,rgtr_id,reg_dt,mdfr_id,mdfcn_dt) VALUES ('UPT0001','USER_PRCS_TYPE_CD','','승인','승인',1,'N','SYSTEM','2023-10-12 14:41:01.561104','SYSTEM','2023-10-12 14:41:01.561104');
INSERT INTO com_cd_dtl (cd_mgno,group_cd_mgno,cd_eng_nm,cd_korn_nm,cd_cn,sort_seqo,del_yn,rgtr_id,reg_dt,mdfr_id,mdfcn_dt) VALUES ('UPT0002','USER_PRCS_TYPE_CD','','문서보완','문서보완',2,'N','SYSTEM','2023-10-12 14:41:01.564224','SYSTEM','2023-10-12 14:41:01.564224');
INSERT INTO com_cd_dtl (cd_mgno,group_cd_mgno,cd_eng_nm,cd_korn_nm,cd_cn,sort_seqo,del_yn,rgtr_id,reg_dt,mdfr_id,mdfcn_dt) VALUES ('UPT0003','USER_PRCS_TYPE_CD','','반려','반려',3,'N','SYSTEM','2023-10-12 14:41:01.567448','SYSTEM','2023-10-12 14:41:01.567448');
INSERT INTO com_cd_dtl (cd_mgno,group_cd_mgno,cd_eng_nm,cd_korn_nm,cd_cn,sort_seqo,del_yn,rgtr_id,reg_dt,mdfr_id,mdfcn_dt) VALUES ('EMC0001','ERR_MSG_CL_CD','INFO','알림','알림',1,'N','SYSTEM','2023-10-12 14:41:01.418129','SYSTEM','2023-10-12 14:41:01.418129');
INSERT INTO com_cd_dtl (cd_mgno,group_cd_mgno,cd_eng_nm,cd_korn_nm,cd_cn,sort_seqo,del_yn,rgtr_id,reg_dt,mdfr_id,mdfcn_dt) VALUES ('IDC0001','INST_DTL_CLSF_CD','','관리운영','관리운영',1,'N','SYSTEM','2023-10-12 14:41:01.49409','SYSTEM','2023-10-12 14:41:01.49409');
INSERT INTO com_cd_dtl (cd_mgno,group_cd_mgno,cd_eng_nm,cd_korn_nm,cd_cn,sort_seqo,del_yn,rgtr_id,reg_dt,mdfr_id,mdfcn_dt) VALUES ('IDC0003','INST_DTL_CLSF_CD','','관장기관','관장기관',3,'N','SYSTEM','2023-10-12 14:41:01.499989','SYSTEM','2023-10-12 14:41:01.499989');
INSERT INTO com_cd_dtl (cd_mgno,group_cd_mgno,cd_eng_nm,cd_korn_nm,cd_cn,sort_seqo,del_yn,rgtr_id,reg_dt,mdfr_id,mdfcn_dt) VALUES ('EMC0002','ERR_MSG_CL_CD','CONFIRM','확인','확인',2,'N','SYSTEM','2023-10-12 14:41:01.420903','SYSTEM','2023-10-12 14:41:01.420903');
INSERT INTO com_cd_dtl (cd_mgno,group_cd_mgno,cd_eng_nm,cd_korn_nm,cd_cn,sort_seqo,del_yn,rgtr_id,reg_dt,mdfr_id,mdfcn_dt) VALUES ('UCC0003','USER_CL_CD','','위탁기관','위탁기관',3,'N','SYSTEM','2023-10-12 14:41:01.400305','SYSTEM','2023-10-12 14:41:01.400305');
INSERT INTO com_cd_dtl (cd_mgno,group_cd_mgno,cd_eng_nm,cd_korn_nm,cd_cn,sort_seqo,del_yn,rgtr_id,reg_dt,mdfr_id,mdfcn_dt) VALUES ('IDC0004','INST_DTL_CLSF_CD','','위탁기관','위탁기관',4,'N','SYSTEM','2023-10-12 14:41:01.502717','SYSTEM','2023-10-12 14:41:01.502717');
INSERT INTO com_cd_dtl (cd_mgno,group_cd_mgno,cd_eng_nm,cd_korn_nm,cd_cn,sort_seqo,del_yn,rgtr_id,reg_dt,mdfr_id,mdfcn_dt) VALUES ('IDC0005','INST_DTL_CLSF_CD','','일반사업체','일반사업체',5,'N','SYSTEM','2023-10-12 14:41:01.505522','SYSTEM','2023-10-12 14:41:01.505522');
INSERT INTO com_cd_dtl (cd_mgno,group_cd_mgno,cd_eng_nm,cd_korn_nm,cd_cn,sort_seqo,del_yn,rgtr_id,reg_dt,mdfr_id,mdfcn_dt) VALUES ('ASC0001','ACNT_STTS_CL_CD','','미승인','미승인',1,'N','SYSTEM','2023-10-12 14:41:01.570451','SYSTEM','2023-10-12 14:41:01.570451');
INSERT INTO com_cd_dtl (cd_mgno,group_cd_mgno,cd_eng_nm,cd_korn_nm,cd_cn,sort_seqo,del_yn,rgtr_id,reg_dt,mdfr_id,mdfcn_dt) VALUES ('ASC0002','ACNT_STTS_CL_CD','','승인','승인',2,'N','SYSTEM','2023-10-12 14:41:01.573282','SYSTEM','2023-10-12 14:41:01.573282');
INSERT INTO com_cd_dtl (cd_mgno,group_cd_mgno,cd_eng_nm,cd_korn_nm,cd_cn,sort_seqo,del_yn,rgtr_id,reg_dt,mdfr_id,mdfcn_dt) VALUES ('ASC0003','ACNT_STTS_CL_CD','','정지','정지',3,'N','SYSTEM','2023-10-12 14:41:01.575988','SYSTEM','2023-10-12 14:41:01.575988');
INSERT INTO com_cd_dtl (cd_mgno,group_cd_mgno,cd_eng_nm,cd_korn_nm,cd_cn,sort_seqo,del_yn,rgtr_id,reg_dt,mdfr_id,mdfcn_dt) VALUES ('ASC0004','ACNT_STTS_CL_CD','','폐쇄','폐쇄',4,'N','SYSTEM','2023-10-12 14:41:01.578794','SYSTEM','2023-10-12 14:41:01.578794');
INSERT INTO com_cd_dtl (cd_mgno,group_cd_mgno,cd_eng_nm,cd_korn_nm,cd_cn,sort_seqo,del_yn,rgtr_id,reg_dt,mdfr_id,mdfcn_dt) VALUES ('ACD0001','ACNT_STTS_CD','','사용','사용',1,'N','SYSTEM','2023-10-12 14:41:01.581482','SYSTEM','2023-10-12 14:41:01.581482');
INSERT INTO com_cd_dtl (cd_mgno,group_cd_mgno,cd_eng_nm,cd_korn_nm,cd_cn,sort_seqo,del_yn,rgtr_id,reg_dt,mdfr_id,mdfcn_dt) VALUES ('ACD0002','ACNT_STTS_CD','','정지','정지',2,'N','SYSTEM','2023-10-12 14:41:01.584124','SYSTEM','2023-10-12 14:41:01.584124');
INSERT INTO com_cd_dtl (cd_mgno,group_cd_mgno,cd_eng_nm,cd_korn_nm,cd_cn,sort_seqo,del_yn,rgtr_id,reg_dt,mdfr_id,mdfcn_dt) VALUES ('ACD0003','ACNT_STTS_CD','','폐쇄','폐쇄',3,'N','SYSTEM','2023-10-12 14:41:01.586848','SYSTEM','2023-10-12 14:41:01.586848');
INSERT INTO com_cd_dtl (cd_mgno,group_cd_mgno,cd_eng_nm,cd_korn_nm,cd_cn,sort_seqo,del_yn,rgtr_id,reg_dt,mdfr_id,mdfcn_dt) VALUES ('CCC0002','CHG_CL_CD','','사용자정보','사용자정보',2,'N','SYSTEM','2023-10-12 14:41:01.592496','SYSTEM','2023-10-12 14:41:01.592496');
INSERT INTO com_cd_dtl (cd_mgno,group_cd_mgno,cd_eng_nm,cd_korn_nm,cd_cn,sort_seqo,del_yn,rgtr_id,reg_dt,mdfr_id,mdfcn_dt) VALUES ('MPT0011','MHDLG_PRCS_TYPE_CD','','이의신청(사전심의)','이의신청(사전심의)',11,'N','SYSTEM','2023-10-12 14:41:01.033','SYSTEM','2023-10-12 14:41:01.033');
INSERT INTO com_cd_dtl (cd_mgno,group_cd_mgno,cd_eng_nm,cd_korn_nm,cd_cn,sort_seqo,del_yn,rgtr_id,reg_dt,mdfr_id,mdfcn_dt) VALUES ('MPT0007','MHDLG_PRCS_TYPE_CD','','검토반려','검토반려',7,'N','SYSTEM','2023-10-12 14:41:01.033','SYSTEM','2023-10-12 14:41:01.033');
INSERT INTO com_cd_dtl (cd_mgno,group_cd_mgno,cd_eng_nm,cd_korn_nm,cd_cn,sort_seqo,del_yn,rgtr_id,reg_dt,mdfr_id,mdfcn_dt) VALUES ('UPS0001','USER_PRCS_STTS_CD','','심의반려','심의반려',1,'N','SYSTEM','2023-10-12 14:41:01.601062','SYSTEM','2023-10-12 14:41:01.601062');
INSERT INTO com_cd_dtl (cd_mgno,group_cd_mgno,cd_eng_nm,cd_korn_nm,cd_cn,sort_seqo,del_yn,rgtr_id,reg_dt,mdfr_id,mdfcn_dt) VALUES ('UPS0002','USER_PRCS_STTS_CD','','심의승인','심의승인',2,'N','SYSTEM','2023-10-12 14:41:01.603825','SYSTEM','2023-10-12 14:41:01.603825');
INSERT INTO com_cd_dtl (cd_mgno,group_cd_mgno,cd_eng_nm,cd_korn_nm,cd_cn,sort_seqo,del_yn,rgtr_id,reg_dt,mdfr_id,mdfcn_dt) VALUES ('CAC0001','CLSG_APLY_CL_CD','','정지','정지',1,'N','SYSTEM','2023-10-12 14:41:01.60652','SYSTEM','2023-10-12 14:41:01.60652');
INSERT INTO com_cd_dtl (cd_mgno,group_cd_mgno,cd_eng_nm,cd_korn_nm,cd_cn,sort_seqo,del_yn,rgtr_id,reg_dt,mdfr_id,mdfcn_dt) VALUES ('CAC0002','CLSG_APLY_CL_CD','','폐쇄','폐쇄',2,'N','SYSTEM','2023-10-12 14:41:01.609653','SYSTEM','2023-10-12 14:41:01.609653');
INSERT INTO com_cd_dtl (cd_mgno,group_cd_mgno,cd_eng_nm,cd_korn_nm,cd_cn,sort_seqo,del_yn,rgtr_id,reg_dt,mdfr_id,mdfcn_dt) VALUES ('UHT0001','USER_HSTRY_TYPE_CD','','신청','신청',1,'N','SYSTEM','2023-10-12 14:41:01.619088','SYSTEM','2023-10-12 14:41:01.619088');
INSERT INTO com_cd_dtl (cd_mgno,group_cd_mgno,cd_eng_nm,cd_korn_nm,cd_cn,sort_seqo,del_yn,rgtr_id,reg_dt,mdfr_id,mdfcn_dt) VALUES ('UHT0002','USER_HSTRY_TYPE_CD','','이의신청','이의신청',2,'N','SYSTEM','2023-10-12 14:41:01.622157','SYSTEM','2023-10-12 14:41:01.622157');
INSERT INTO com_cd_dtl (cd_mgno,group_cd_mgno,cd_eng_nm,cd_korn_nm,cd_cn,sort_seqo,del_yn,rgtr_id,reg_dt,mdfr_id,mdfcn_dt) VALUES ('BPC0001','BIZ_PRCS_CL_CD','','사업신청','사업신청',1,'N','SYSTEM','2023-10-12 14:41:01.634218','SYSTEM','2023-10-12 14:41:01.634218');
INSERT INTO com_cd_dtl (cd_mgno,group_cd_mgno,cd_eng_nm,cd_korn_nm,cd_cn,sort_seqo,del_yn,rgtr_id,reg_dt,mdfr_id,mdfcn_dt) VALUES ('BPC0002','BIZ_PRCS_CL_CD','','사업변경','사업변경',2,'N','SYSTEM','2023-10-12 14:41:01.636755','SYSTEM','2023-10-12 14:41:01.636755');
INSERT INTO com_cd_dtl (cd_mgno,group_cd_mgno,cd_eng_nm,cd_korn_nm,cd_cn,sort_seqo,del_yn,rgtr_id,reg_dt,mdfr_id,mdfcn_dt) VALUES ('BPC0003','BIZ_PRCS_CL_CD','','인증유효기간갱신','인증유효기간갱신',3,'N','SYSTEM','2023-10-12 14:41:01.639581','SYSTEM','2023-10-12 14:41:01.639581');
INSERT INTO com_cd_dtl (cd_mgno,group_cd_mgno,cd_eng_nm,cd_korn_nm,cd_cn,sort_seqo,del_yn,rgtr_id,reg_dt,mdfr_id,mdfcn_dt) VALUES ('BPC0004','BIZ_PRCS_CL_CD','','인증유효기간시작일변경','인증유효기간시작일변경',4,'N','SYSTEM','2023-10-12 14:41:01.642361','SYSTEM','2023-10-12 14:41:01.642361');
INSERT INTO com_cd_dtl (cd_mgno,group_cd_mgno,cd_eng_nm,cd_korn_nm,cd_cn,sort_seqo,del_yn,rgtr_id,reg_dt,mdfr_id,mdfcn_dt) VALUES ('BPC0005','BIZ_PRCS_CL_CD','','권리의무승계','권리의무승계',5,'N','SYSTEM','2023-10-12 14:41:01.645176','SYSTEM','2023-10-12 14:41:01.645176');
INSERT INTO com_cd_dtl (cd_mgno,group_cd_mgno,cd_eng_nm,cd_korn_nm,cd_cn,sort_seqo,del_yn,rgtr_id,reg_dt,mdfr_id,mdfcn_dt) VALUES ('APC0003','APLY_CL_CD','','기승인건 신청(협의체 또는 감독기구)','기승인건 신청(협의체 또는 감독기구)',3,'N','SYSTEM','2023-10-12 14:41:01.021028','SYSTEM','2023-10-12 14:41:01.021028');
INSERT INTO com_cd_dtl (cd_mgno,group_cd_mgno,cd_eng_nm,cd_korn_nm,cd_cn,sort_seqo,del_yn,rgtr_id,reg_dt,mdfr_id,mdfcn_dt) VALUES ('UCC0006','USER_CL_CD','','외교부','외교부',6,'N','SYSTEM','2023-10-12 15:08:11.716031',NULL,NULL);
INSERT INTO com_cd_dtl (cd_mgno,group_cd_mgno,cd_eng_nm,cd_korn_nm,cd_cn,sort_seqo,del_yn,rgtr_id,reg_dt,mdfr_id,mdfcn_dt) VALUES ('UCC0007','USER_CL_CD','','기타부처','기타부처',7,'N','SYSTEM','2023-10-12 15:08:11.716961',NULL,NULL);
INSERT INTO com_cd_dtl (cd_mgno,group_cd_mgno,cd_eng_nm,cd_korn_nm,cd_cn,sort_seqo,del_yn,rgtr_id,reg_dt,mdfr_id,mdfcn_dt) VALUES ('RUC0001','RDC_UNIT_CD','','tCO2-eq','tCO2-eq',1,'N','SYSTEM','2023-10-12 14:41:01.327261','SYSTEM','2023-10-12 14:41:01.327261');
INSERT INTO com_cd_dtl (cd_mgno,group_cd_mgno,cd_eng_nm,cd_korn_nm,cd_cn,sort_seqo,del_yn,rgtr_id,reg_dt,mdfr_id,mdfcn_dt) VALUES ('ACC0001','ACNT_CL_CD','','보유계정','보유계정',1,'N','SYSTEM','2023-10-12 14:41:01.625015','SYSTEM','2023-10-12 14:41:01.625015');
INSERT INTO com_cd_dtl (cd_mgno,group_cd_mgno,cd_eng_nm,cd_korn_nm,cd_cn,sort_seqo,del_yn,rgtr_id,reg_dt,mdfr_id,mdfcn_dt) VALUES ('MPT0008','MHDLG_PRCS_TYPE_CD','','검토승인','검토승인',8,'N','SYSTEM','2023-10-12 14:41:01.033','SYSTEM','2023-10-12 14:41:01.033');
INSERT INTO com_cd_dtl (cd_mgno,group_cd_mgno,cd_eng_nm,cd_korn_nm,cd_cn,sort_seqo,del_yn,rgtr_id,reg_dt,mdfr_id,mdfcn_dt) VALUES ('EMC0003','ERR_MSG_CL_CD','WARNING','경고','경고',3,'N','SYSTEM','2023-10-12 14:41:01.42','SYSTEM','2023-10-12 14:41:01.42');
INSERT INTO com_cd_dtl (cd_mgno,group_cd_mgno,cd_eng_nm,cd_korn_nm,cd_cn,sort_seqo,del_yn,rgtr_id,reg_dt,mdfr_id,mdfcn_dt) VALUES ('EMC0004','ERR_MSG_CL_CD','ERROR','오류','오류',4,'N','SYSTEM','2023-10-12 14:41:01.42','SYSTEM','2023-10-12 14:41:01.42');
INSERT INTO com_cd_dtl (cd_mgno,group_cd_mgno,cd_eng_nm,cd_korn_nm,cd_cn,sort_seqo,del_yn,rgtr_id,reg_dt,mdfr_id,mdfcn_dt) VALUES ('UCC0001','USER_CL_CD','','전체관리자','전체관리자',1,'N','SYSTEM','2023-10-12 14:41:01.394906','SYSTEM','2023-10-12 14:41:01.394906');
INSERT INTO com_cd_dtl (cd_mgno,group_cd_mgno,cd_eng_nm,cd_korn_nm,cd_cn,sort_seqo,del_yn,rgtr_id,reg_dt,mdfr_id,mdfcn_dt) VALUES ('UCC0002','USER_CL_CD','','관장기관','관장기관',2,'N','SYSTEM','2023-10-12 14:41:01.397596','SYSTEM','2023-10-12 14:41:01.397596');
INSERT INTO com_cd_dtl (cd_mgno,group_cd_mgno,cd_eng_nm,cd_korn_nm,cd_cn,sort_seqo,del_yn,rgtr_id,reg_dt,mdfr_id,mdfcn_dt) VALUES ('ACC0002','ACNT_CL_CD','','처분계정','처분계정',2,'N','SYSTEM','2023-10-12 14:41:01.628067','SYSTEM','2023-10-12 14:41:01.628067');
INSERT INTO com_cd_dtl (cd_mgno,group_cd_mgno,cd_eng_nm,cd_korn_nm,cd_cn,sort_seqo,del_yn,rgtr_id,reg_dt,mdfr_id,mdfcn_dt) VALUES ('UCC0008','USER_CL_CD','','비승인사용자','비승인사용자',8,'N','SYSTEM','2023-10-12 15:08:11.717919',NULL,NULL);
INSERT INTO com_cd_dtl (cd_mgno,group_cd_mgno,cd_eng_nm,cd_korn_nm,cd_cn,sort_seqo,del_yn,rgtr_id,reg_dt,mdfr_id,mdfcn_dt) VALUES ('MPT0010','MHDLG_PRCS_TYPE_CD','','사전심의반려','사전심의반려',10,'N','SYSTEM','2023-10-12 14:41:01.033','SYSTEM','2023-10-12 14:41:01.033');
INSERT INTO com_cd_dtl (cd_mgno,group_cd_mgno,cd_eng_nm,cd_korn_nm,cd_cn,sort_seqo,del_yn,rgtr_id,reg_dt,mdfr_id,mdfcn_dt) VALUES ('NRT0001','NEW_RVSN_TYPE_CD',' ','신규','신규',1,'N','SYSTEM','2023-10-12 14:41:01.567','SYSTEM','2023-10-12 14:41:01.567');
INSERT INTO com_cd_dtl (cd_mgno,group_cd_mgno,cd_eng_nm,cd_korn_nm,cd_cn,sort_seqo,del_yn,rgtr_id,reg_dt,mdfr_id,mdfcn_dt) VALUES ('NRT0002','NEW_RVSN_TYPE_CD',' ','개정','개정',2,'N','SYSTEM','2023-10-12 14:41:01.567','SYSTEM','2023-10-12 14:41:01.567');
INSERT INTO com_cd_dtl (cd_mgno,group_cd_mgno,cd_eng_nm,cd_korn_nm,cd_cn,sort_seqo,del_yn,rgtr_id,reg_dt,mdfr_id,mdfcn_dt) VALUES ('MPT0012','MHDLG_PRCS_TYPE_CD','','사전심의승인','사전심의승인',12,'N','SYSTEM','2023-10-12 14:41:01.033','SYSTEM','2023-10-12 14:41:01.033');
INSERT INTO com_cd_dtl (cd_mgno,group_cd_mgno,cd_eng_nm,cd_korn_nm,cd_cn,sort_seqo,del_yn,rgtr_id,reg_dt,mdfr_id,mdfcn_dt) VALUES ('MPT0013','MHDLG_PRCS_TYPE_CD','','심의대기','심의대기',13,'N','SYSTEM','2023-10-12 14:41:01.033','SYSTEM','2023-10-12 14:41:01.033');
INSERT INTO com_cd_dtl (cd_mgno,group_cd_mgno,cd_eng_nm,cd_korn_nm,cd_cn,sort_seqo,del_yn,rgtr_id,reg_dt,mdfr_id,mdfcn_dt) VALUES ('UCC0004','USER_CL_CD','','계정관리인','사업수행자 계정관리인',4,'N','SYSTEM','2023-10-12 14:41:01.403044','SYSTEM','2023-10-12 14:41:01.403044');
INSERT INTO com_cd_dtl (cd_mgno,group_cd_mgno,cd_eng_nm,cd_korn_nm,cd_cn,sort_seqo,del_yn,rgtr_id,reg_dt,mdfr_id,mdfcn_dt) VALUES ('DTC0001','DATA_TYPE_CD',' ','보완','보완',1,'N','SYSTEM','2023-10-12 14:41:00.967','SYSTEM','2023-10-12 14:41:00.967');
INSERT INTO com_cd_dtl (cd_mgno,group_cd_mgno,cd_eng_nm,cd_korn_nm,cd_cn,sort_seqo,del_yn,rgtr_id,reg_dt,mdfr_id,mdfcn_dt) VALUES ('CCC0001','CHG_CL_CD','','사업체정보','사업체정보 일반항목',1,'N','SYSTEM','2023-10-12 14:41:01.589525','SYSTEM','2023-10-12 14:41:01.589525');
INSERT INTO com_cd_dtl (cd_mgno,group_cd_mgno,cd_eng_nm,cd_korn_nm,cd_cn,sort_seqo,del_yn,rgtr_id,reg_dt,mdfr_id,mdfcn_dt) VALUES ('FTC0001','FILE_TYPE_CL_CD','','단일첨부파일','단일첨부파일',1,'N','SYSTEM','2023-10-12 14:41:01.612629','SYSTEM','2023-10-12 14:41:01.612629');
INSERT INTO com_cd_dtl (cd_mgno,group_cd_mgno,cd_eng_nm,cd_korn_nm,cd_cn,sort_seqo,del_yn,rgtr_id,reg_dt,mdfr_id,mdfcn_dt) VALUES ('BGC0001','BIZ_GBN_CD',' ','사업신청','사업신청',1,'N','SYSTEM','2023-10-12 14:41:00.989','SYSTEM','2023-10-12 14:41:00.989');
INSERT INTO com_cd_dtl (cd_mgno,group_cd_mgno,cd_eng_nm,cd_korn_nm,cd_cn,sort_seqo,del_yn,rgtr_id,reg_dt,mdfr_id,mdfcn_dt) VALUES ('IDC0002','INST_DTL_CLSF_CD','','그외 정부기관','관장 및 위탁제외 정부기관',2,'N','SYSTEM','2023-10-12 14:41:01.497142','SYSTEM','2023-10-12 14:41:01.497142');
INSERT INTO com_cd_dtl (cd_mgno,group_cd_mgno,cd_eng_nm,cd_korn_nm,cd_cn,sort_seqo,del_yn,rgtr_id,reg_dt,mdfr_id,mdfcn_dt) VALUES ('RTC0001','REG_TYPE_CD','','발효','발효',1,'N','SYSTEM','2023-10-12 14:41:00.956992','SYSTEM','2023-10-12 14:41:00.956992');
INSERT INTO com_cd_dtl (cd_mgno,group_cd_mgno,cd_eng_nm,cd_korn_nm,cd_cn,sort_seqo,del_yn,rgtr_id,reg_dt,mdfr_id,mdfcn_dt) VALUES ('RTC0002','REG_TYPE_CD','','미발효','미발효',2,'N','SYSTEM','2023-10-12 14:41:00.961688','SYSTEM','2023-10-12 14:41:00.961688');
INSERT INTO com_cd_dtl (cd_mgno,group_cd_mgno,cd_eng_nm,cd_korn_nm,cd_cn,sort_seqo,del_yn,rgtr_id,reg_dt,mdfr_id,mdfcn_dt) VALUES ('RTC0003','REG_TYPE_CD','','체결중','체결중',3,'N','SYSTEM','2023-10-12 14:41:00.96473','SYSTEM','2023-10-12 14:41:00.96473');
INSERT INTO com_cd_dtl (cd_mgno,group_cd_mgno,cd_eng_nm,cd_korn_nm,cd_cn,sort_seqo,del_yn,rgtr_id,reg_dt,mdfr_id,mdfcn_dt) VALUES ('ACC0003','ACNT_CL_CD','','취소계정','취소계정',3,'N','SYSTEM','2023-10-12 14:41:01.631126','SYSTEM','2023-10-12 14:41:01.631126');
INSERT INTO com_cd_dtl (cd_mgno,group_cd_mgno,cd_eng_nm,cd_korn_nm,cd_cn,sort_seqo,del_yn,rgtr_id,reg_dt,mdfr_id,mdfcn_dt) VALUES ('ICC0002','INST_CLSF_CD','','그외 정부기관','관장 및 위탁 제외 정부기관',2,'N','SYSTEM','2023-10-12 14:41:01.48255','SYSTEM','2023-10-12 14:41:01.48255');
INSERT INTO com_cd_dtl (cd_mgno,group_cd_mgno,cd_eng_nm,cd_korn_nm,cd_cn,sort_seqo,del_yn,rgtr_id,reg_dt,mdfr_id,mdfcn_dt) VALUES ('ICC0003','INST_CLSF_CD','','관장기관','관장기관',3,'N','SYSTEM','2023-10-12 14:41:01.485413','SYSTEM','2023-10-12 14:41:01.485413');
INSERT INTO com_cd_dtl (cd_mgno,group_cd_mgno,cd_eng_nm,cd_korn_nm,cd_cn,sort_seqo,del_yn,rgtr_id,reg_dt,mdfr_id,mdfcn_dt) VALUES ('ICC0004','INST_CLSF_CD','','위탁기관','위탁기관',4,'N','SYSTEM','2023-10-12 14:41:01.488179','SYSTEM','2023-10-12 14:41:01.488179');
INSERT INTO com_cd_dtl (cd_mgno,group_cd_mgno,cd_eng_nm,cd_korn_nm,cd_cn,sort_seqo,del_yn,rgtr_id,reg_dt,mdfr_id,mdfcn_dt) VALUES ('BGC0002','BIZ_GBN_CD',' ','사업계획변경','사업계획변경',2,'N','SYSTEM','2023-10-12 14:41:00.989','SYSTEM','2023-10-12 14:41:00.989');
INSERT INTO com_cd_dtl (cd_mgno,group_cd_mgno,cd_eng_nm,cd_korn_nm,cd_cn,sort_seqo,del_yn,rgtr_id,reg_dt,mdfr_id,mdfcn_dt) VALUES ('BGC0003','BIZ_GBN_CD',' ','인증유효기간갱신','인증유효기간갱신',3,'N','SYSTEM','2023-10-12 14:41:00.989','SYSTEM','2023-10-12 14:41:00.989');
INSERT INTO com_cd_dtl (cd_mgno,group_cd_mgno,cd_eng_nm,cd_korn_nm,cd_cn,sort_seqo,del_yn,rgtr_id,reg_dt,mdfr_id,mdfcn_dt) VALUES ('BGC0004','BIZ_GBN_CD',' ','인증유효시작일변경','인증유효시작일변경',4,'N','SYSTEM','2023-10-12 14:41:00.989','SYSTEM','2023-10-12 14:41:00.989');
INSERT INTO com_cd_dtl (cd_mgno,group_cd_mgno,cd_eng_nm,cd_korn_nm,cd_cn,sort_seqo,del_yn,rgtr_id,reg_dt,mdfr_id,mdfcn_dt) VALUES ('BGC0005','BIZ_GBN_CD',' ','권리의무승계','권리의무승계',5,'N','SYSTEM','2023-10-12 14:41:00.989','SYSTEM','2023-10-12 14:41:00.989');
INSERT INTO com_cd_dtl (cd_mgno,group_cd_mgno,cd_eng_nm,cd_korn_nm,cd_cn,sort_seqo,del_yn,rgtr_id,reg_dt,mdfr_id,mdfcn_dt) VALUES ('BGC0006','BIZ_GBN_CD',' ','사업취소','사업취소',6,'N','SYSTEM','2023-10-12 14:41:00.989','SYSTEM','2023-10-12 14:41:00.989');
INSERT INTO com_cd_dtl (cd_mgno,group_cd_mgno,cd_eng_nm,cd_korn_nm,cd_cn,sort_seqo,del_yn,rgtr_id,reg_dt,mdfr_id,mdfcn_dt) VALUES ('CNC0001','CNCLD_CL_CD',' ','협정','협정',1,'N','SYSTEM','2023-10-12 14:41:01.567','SYSTEM','2023-10-12 14:41:01.567');
INSERT INTO com_cd_dtl (cd_mgno,group_cd_mgno,cd_eng_nm,cd_korn_nm,cd_cn,sort_seqo,del_yn,rgtr_id,reg_dt,mdfr_id,mdfcn_dt) VALUES ('CNC0002','CNCLD_CL_CD',' ','약정','약정',2,'N','SYSTEM','2023-10-12 14:41:01.567','SYSTEM','2023-10-12 14:41:01.567');
INSERT INTO com_cd_dtl (cd_mgno,group_cd_mgno,cd_eng_nm,cd_korn_nm,cd_cn,sort_seqo,del_yn,rgtr_id,reg_dt,mdfr_id,mdfcn_dt) VALUES ('CNC0003','CNCLD_CL_CD',' ','MOU','MOU',3,'N','SYSTEM','2023-10-12 14:41:01.567','SYSTEM','2023-10-12 14:41:01.567');
INSERT INTO com_cd_dtl (cd_mgno,group_cd_mgno,cd_eng_nm,cd_korn_nm,cd_cn,sort_seqo,del_yn,rgtr_id,reg_dt,mdfr_id,mdfcn_dt) VALUES ('MRT0001','MHDLG_PRCND_TYPE_CD','','제정','제정',1,'N','SYSTEM','2023-10-12 14:41:01.435','SYSTEM','2023-10-12 14:41:01.435');
INSERT INTO com_cd_dtl (cd_mgno,group_cd_mgno,cd_eng_nm,cd_korn_nm,cd_cn,sort_seqo,del_yn,rgtr_id,reg_dt,mdfr_id,mdfcn_dt) VALUES ('MRT0002','MHDLG_PRCND_TYPE_CD','','개정','개정',2,'N','SYSTEM','2023-10-12 14:41:01.435','SYSTEM','2023-10-12 14:41:01.435');
INSERT INTO com_cd_dtl (cd_mgno,group_cd_mgno,cd_eng_nm,cd_korn_nm,cd_cn,sort_seqo,del_yn,rgtr_id,reg_dt,mdfr_id,mdfcn_dt) VALUES ('SUC0001','SOP_UNIT_CD','','tCO2-eq','tCO2-eq',1,'N','SYSTEM','2023-10-12 14:41:01.435','SYSTEM','2023-10-12 14:41:01.435');
INSERT INTO com_cd_dtl (cd_mgno,group_cd_mgno,cd_eng_nm,cd_korn_nm,cd_cn,sort_seqo,del_yn,rgtr_id,reg_dt,mdfr_id,mdfcn_dt) VALUES ('SUC0002','SOP_UNIT_CD','','비율(%)','비율(%)',2,'N','SYSTEM','2023-10-12 14:41:01.435','SYSTEM','2023-10-12 14:41:01.435');
INSERT INTO com_cd_dtl (cd_mgno,group_cd_mgno,cd_eng_nm,cd_korn_nm,cd_cn,sort_seqo,del_yn,rgtr_id,reg_dt,mdfr_id,mdfcn_dt) VALUES ('OUC0001','OMGE_UNIT_CD','','tCO2-eq','tCO2-eq',1,'N','SYSTEM','2023-10-12 14:41:01.435','SYSTEM','2023-10-12 14:41:01.435');
INSERT INTO com_cd_dtl (cd_mgno,group_cd_mgno,cd_eng_nm,cd_korn_nm,cd_cn,sort_seqo,del_yn,rgtr_id,reg_dt,mdfr_id,mdfcn_dt) VALUES ('OUC0002','OMGE_UNIT_CD','','비율(%)','비율(%)',2,'N','SYSTEM','2023-10-12 14:41:01.435','SYSTEM','2023-10-12 14:41:01.435');
INSERT INTO com_cd_dtl (cd_mgno,group_cd_mgno,cd_eng_nm,cd_korn_nm,cd_cn,sort_seqo,del_yn,rgtr_id,reg_dt,mdfr_id,mdfcn_dt) VALUES ('MPT0014','MHDLG_PRCS_TYPE_CD','','심의중','심의중',14,'N','SYSTEM','2023-10-12 14:41:01.033','SYSTEM','2023-10-12 14:41:01.033');
INSERT INTO com_cd_dtl (cd_mgno,group_cd_mgno,cd_eng_nm,cd_korn_nm,cd_cn,sort_seqo,del_yn,rgtr_id,reg_dt,mdfr_id,mdfcn_dt) VALUES ('MPT0015','MHDLG_PRCS_TYPE_CD','','문서보완(심의)','문서보완(심의)',15,'N','SYSTEM','2023-10-12 14:41:01.033','SYSTEM','2023-10-12 14:41:01.033');
INSERT INTO com_cd_dtl (cd_mgno,group_cd_mgno,cd_eng_nm,cd_korn_nm,cd_cn,sort_seqo,del_yn,rgtr_id,reg_dt,mdfr_id,mdfcn_dt) VALUES ('MPT0017','MHDLG_PRCS_TYPE_CD','','문서재제출(심의)','문서재제출(심의)',17,'N','SYSTEM','2023-10-12 14:41:01.033','SYSTEM','2023-10-12 14:41:01.033');
INSERT INTO com_cd_dtl (cd_mgno,group_cd_mgno,cd_eng_nm,cd_korn_nm,cd_cn,sort_seqo,del_yn,rgtr_id,reg_dt,mdfr_id,mdfcn_dt) VALUES ('MPT0019','MHDLG_PRCS_TYPE_CD','','심의반려','심의반려',19,'N','SYSTEM','2023-10-12 14:41:01.033','SYSTEM','2023-10-12 14:41:01.033');
INSERT INTO com_cd_dtl (cd_mgno,group_cd_mgno,cd_eng_nm,cd_korn_nm,cd_cn,sort_seqo,del_yn,rgtr_id,reg_dt,mdfr_id,mdfcn_dt) VALUES ('MPT0020','MHDLG_PRCS_TYPE_CD','','이의신청(심의)','이의신청(심의)',20,'N','SYSTEM','2023-10-12 14:41:01.033','SYSTEM','2023-10-12 14:41:01.033');
INSERT INTO com_cd_dtl (cd_mgno,group_cd_mgno,cd_eng_nm,cd_korn_nm,cd_cn,sort_seqo,del_yn,rgtr_id,reg_dt,mdfr_id,mdfcn_dt) VALUES ('MPT0021','MHDLG_PRCS_TYPE_CD','','심의승인','심의승인',21,'N','SYSTEM','2023-10-12 14:41:01.033','SYSTEM','2023-10-12 14:41:01.033');
INSERT INTO com_cd_dtl (cd_mgno,group_cd_mgno,cd_eng_nm,cd_korn_nm,cd_cn,sort_seqo,del_yn,rgtr_id,reg_dt,mdfr_id,mdfcn_dt) VALUES ('DRR0001','DGR_REG_RSN_CD','','사전승인신청','사전승인신청',1,'N','SYSTEM','2023-10-25 13:25:00.185048','SYSTEM','2023-10-12 14:41:00.989');
INSERT INTO com_cd_dtl (cd_mgno,group_cd_mgno,cd_eng_nm,cd_korn_nm,cd_cn,sort_seqo,del_yn,rgtr_id,reg_dt,mdfr_id,mdfcn_dt) VALUES ('DRR0002','DGR_REG_RSN_CD','','심의신청','심의신청',2,'N','SYSTEM','2023-10-25 13:25:00.185048','SYSTEM','2023-10-12 14:41:00.989');
INSERT INTO com_cd_dtl (cd_mgno,group_cd_mgno,cd_eng_nm,cd_korn_nm,cd_cn,sort_seqo,del_yn,rgtr_id,reg_dt,mdfr_id,mdfcn_dt) VALUES ('DRR0003','DGR_REG_RSN_CD','','기승인 건 신청(협의체 또는 감독기구)','기승인 건 신청(협의체 또는 감독기구)',3,'N','SYSTEM','2023-10-25 13:25:00.185048','SYSTEM','2023-10-12 14:41:00.989');
INSERT INTO com_cd_dtl (cd_mgno,group_cd_mgno,cd_eng_nm,cd_korn_nm,cd_cn,sort_seqo,del_yn,rgtr_id,reg_dt,mdfr_id,mdfcn_dt) VALUES ('DRR0004','DGR_REG_RSN_CD','','직권','직권',4,'N','SYSTEM','2023-10-25 13:25:00.185048','SYSTEM','2023-10-12 14:41:00.989');
INSERT INTO com_cd_dtl (cd_mgno,group_cd_mgno,cd_eng_nm,cd_korn_nm,cd_cn,sort_seqo,del_yn,rgtr_id,reg_dt,mdfr_id,mdfcn_dt) VALUES ('MAC0001','MHDLG_APLY_CL_CD','','사전승인신청','사전승인신청',1,'N','SYSTEM','2023-10-25 13:25:00.185','SYSTEM','2023-10-12 14:41:00.989');
INSERT INTO com_cd_dtl (cd_mgno,group_cd_mgno,cd_eng_nm,cd_korn_nm,cd_cn,sort_seqo,del_yn,rgtr_id,reg_dt,mdfr_id,mdfcn_dt) VALUES ('MAC0002','MHDLG_APLY_CL_CD','','심의신청','심의신청',2,'N','SYSTEM','2023-10-25 13:25:00.185','SYSTEM','2023-10-12 14:41:00.989');
INSERT INTO com_cd_dtl (cd_mgno,group_cd_mgno,cd_eng_nm,cd_korn_nm,cd_cn,sort_seqo,del_yn,rgtr_id,reg_dt,mdfr_id,mdfcn_dt) VALUES ('MAC0003','MHDLG_APLY_CL_CD','','기승인 건 신청(협의체 또는 감독기구)','기승인 건 신청(협의체 또는 감독기구)',3,'N','SYSTEM','2023-10-25 13:25:00.185','SYSTEM','2023-10-12 14:41:00.989');
INSERT INTO com_cd_dtl (cd_mgno,group_cd_mgno,cd_eng_nm,cd_korn_nm,cd_cn,sort_seqo,del_yn,rgtr_id,reg_dt,mdfr_id,mdfcn_dt) VALUES ('MAC0004','MHDLG_APLY_CL_CD','','직권신청','직권',4,'N','SYSTEM','2023-10-25 13:25:00.185','SYSTEM','2023-10-12 14:41:00.989');
INSERT INTO com_cd_dtl (cd_mgno,group_cd_mgno,cd_eng_nm,cd_korn_nm,cd_cn,sort_seqo,del_yn,rgtr_id,reg_dt,mdfr_id,mdfcn_dt) VALUES ('MRT0001','MHDLG_RVW_TYPE_CD','','검토승인','검토승인',1,'N','SYSTEM','2023-10-12 14:41:01.116','SYSTEM','2023-10-12 14:41:01.116');
INSERT INTO com_cd_dtl (cd_mgno,group_cd_mgno,cd_eng_nm,cd_korn_nm,cd_cn,sort_seqo,del_yn,rgtr_id,reg_dt,mdfr_id,mdfcn_dt) VALUES ('MRT0002','MHDLG_RVW_TYPE_CD','','검토반려','검토반려',2,'N','SYSTEM','2023-10-12 14:41:01.119','SYSTEM','2023-10-12 14:41:01.119');
INSERT INTO com_cd_dtl (cd_mgno,group_cd_mgno,cd_eng_nm,cd_korn_nm,cd_cn,sort_seqo,del_yn,rgtr_id,reg_dt,mdfr_id,mdfcn_dt) VALUES ('MRT0003','MHDLG_RVW_TYPE_CD','','문서재제출','문서재제출',3,'N','SYSTEM','2023-10-12 14:41:01.122','SYSTEM','2023-10-12 14:41:01.122');
INSERT INTO com_cd_dtl (cd_mgno,group_cd_mgno,cd_eng_nm,cd_korn_nm,cd_cn,sort_seqo,del_yn,rgtr_id,reg_dt,mdfr_id,mdfcn_dt) VALUES ('MRT0004','MHDLG_RVW_TYPE_CD','','문서보완','문서보완',4,'N','SYSTEM','2023-10-12 14:41:01.122','SYSTEM','2023-10-12 14:41:01.122');
INSERT INTO com_cd_dtl (cd_mgno,group_cd_mgno,cd_eng_nm,cd_korn_nm,cd_cn,sort_seqo,del_yn,rgtr_id,reg_dt,mdfr_id,mdfcn_dt) VALUES ('MRR003','MHDLG_REG_RSN_CD','','문서재제출','문서재제출',3,'N','SYSTEM','2023-10-12 14:41:00.974','SYSTEM','2023-10-12 14:41:00.974');
INSERT INTO com_cd_dtl (cd_mgno,group_cd_mgno,cd_eng_nm,cd_korn_nm,cd_cn,sort_seqo,del_yn,rgtr_id,reg_dt,mdfr_id,mdfcn_dt) VALUES ('MRR001','MHDLG_REG_RSN_CD','','신규신청','신규신청',1,'N','SYSTEM','2023-10-12 14:41:00.974','SYSTEM','2023-10-12 14:41:00.974');
INSERT INTO com_cd_dtl (cd_mgno,group_cd_mgno,cd_eng_nm,cd_korn_nm,cd_cn,sort_seqo,del_yn,rgtr_id,reg_dt,mdfr_id,mdfcn_dt) VALUES ('MRR002','MHDLG_REG_RSN_CD','','문서보완','문서보완',2,'N','SYSTEM','2023-10-12 14:41:00.974','SYSTEM','2023-10-12 14:41:00.974');
INSERT INTO com_cd_dtl (cd_mgno,group_cd_mgno,cd_eng_nm,cd_korn_nm,cd_cn,sort_seqo,del_yn,rgtr_id,reg_dt,mdfr_id,mdfcn_dt) VALUES ('MRR004','MHDLG_REG_RSN_CD','','문서보완(심의)','문서보완(심의)',4,'N','SYSTEM','2023-10-12 14:41:00.974','SYSTEM','2023-10-12 14:41:00.974');
INSERT INTO com_cd_dtl (cd_mgno,group_cd_mgno,cd_eng_nm,cd_korn_nm,cd_cn,sort_seqo,del_yn,rgtr_id,reg_dt,mdfr_id,mdfcn_dt) VALUES ('MRR005','MHDLG_REG_RSN_CD','','문서재제출(심의)','문서재제출(심의)',5,'N','SYSTEM','2023-10-12 14:41:00.974','SYSTEM','2023-10-12 14:41:00.974');
INSERT INTO com_cd_dtl (cd_mgno,group_cd_mgno,cd_eng_nm,cd_korn_nm,cd_cn,sort_seqo,del_yn,rgtr_id,reg_dt,mdfr_id,mdfcn_dt) VALUES ('MRR006','MHDLG_REG_RSN_CD','','직권수정','직권수정',6,'N','SYSTEM','2023-10-12 14:41:00.974','SYSTEM','2023-10-12 14:41:00.974');
INSERT INTO com_cd_dtl (cd_mgno,group_cd_mgno,cd_eng_nm,cd_korn_nm,cd_cn,sort_seqo,del_yn,rgtr_id,reg_dt,mdfr_id,mdfcn_dt) VALUES ('CPC0001','CHG_PRCS_TYPE_CD','','심의승인','심의승인',1,'N','SYSTEM','2023-10-12 14:41:00.989','SYSTEM','2023-10-12 14:41:00.989');
INSERT INTO com_cd_dtl (cd_mgno,group_cd_mgno,cd_eng_nm,cd_korn_nm,cd_cn,sort_seqo,del_yn,rgtr_id,reg_dt,mdfr_id,mdfcn_dt) VALUES ('DTC0003','DLBR_TYPE_CD','','문서보완','문서보완',3,'N','SYSTEM','2023-10-12 14:41:01.140565','SYSTEM','2023-10-12 14:41:01.140565');
INSERT INTO com_cd_dtl (cd_mgno,group_cd_mgno,cd_eng_nm,cd_korn_nm,cd_cn,sort_seqo,del_yn,rgtr_id,reg_dt,mdfr_id,mdfcn_dt) VALUES ('DTC0004','DLBR_TYPE_CD','','문서재제출','문서재제출',4,'N','SYSTEM','2023-10-12 14:41:01.140565','SYSTEM','2023-10-12 14:41:01.140565');
INSERT INTO com_cd_dtl (cd_mgno,group_cd_mgno,cd_eng_nm,cd_korn_nm,cd_cn,sort_seqo,del_yn,rgtr_id,reg_dt,mdfr_id,mdfcn_dt) VALUES ('DTC0002','DATA_TYPE_CD',' ','보완(심의)','보완(심의)',1,'N','SYSTEM','2023-10-12 14:41:00.967','SYSTEM','2023-10-12 14:41:00.967');
INSERT INTO com_cd_dtl (cd_mgno,group_cd_mgno,cd_eng_nm,cd_korn_nm,cd_cn,sort_seqo,del_yn,rgtr_id,reg_dt,mdfr_id,mdfcn_dt) VALUES ('PAC0001','PSN_ACNT_STTS_CL_CD','','발급','발급',1,'N','SYSTEM','2023-10-12 14:41:00.989','SYSTEM','2023-10-12 14:41:00.989');
INSERT INTO com_cd_dtl (cd_mgno,group_cd_mgno,cd_eng_nm,cd_korn_nm,cd_cn,sort_seqo,del_yn,rgtr_id,reg_dt,mdfr_id,mdfcn_dt) VALUES ('BHR0029','BIZ_HSTRY_RSLT_CD','','심의대기','심의대기',29,'N','SYSTEM','2023-10-12 14:41:01.294066','SYSTEM','2023-10-12 14:41:01.294066');
INSERT INTO com_cd_dtl (cd_mgno,group_cd_mgno,cd_eng_nm,cd_korn_nm,cd_cn,sort_seqo,del_yn,rgtr_id,reg_dt,mdfr_id,mdfcn_dt) VALUES ('PTC0028','PRCS_TYPE_CD','','착수지연승인','착수지연승인',28,'N','SYSTEM','2023-10-12 14:41:01.100815','SYSTEM','2023-10-12 14:41:01.100815');
INSERT INTO com_cd_dtl (cd_mgno,group_cd_mgno,cd_eng_nm,cd_korn_nm,cd_cn,sort_seqo,del_yn,rgtr_id,reg_dt,mdfr_id,mdfcn_dt) VALUES ('ETC0004','EVL_TYPE_CD','','문서재제출','문서재제출',4,'N','SYSTEM','2023-10-12 14:41:01.154607','SYSTEM','2023-10-12 14:41:01.154607');
INSERT INTO com_cd_dtl (cd_mgno,group_cd_mgno,cd_eng_nm,cd_korn_nm,cd_cn,sort_seqo,del_yn,rgtr_id,reg_dt,mdfr_id,mdfcn_dt) VALUES ('CPC0002','CHG_PRCS_TYPE_CD','','관리자직권','관리자직권',2,'N','SYSTEM','2023-10-12 14:41:00.989','SYSTEM','2023-10-12 14:41:00.989');
INSERT INTO com_cd_dtl (cd_mgno,group_cd_mgno,cd_eng_nm,cd_korn_nm,cd_cn,sort_seqo,del_yn,rgtr_id,reg_dt,mdfr_id,mdfcn_dt) VALUES ('GPC0003','GRP_PRCS_TYPE_CD','','신청','신청',3,'N','SYSTEM','2023-10-12 14:41:01.100815','SYSTEM','2023-10-12 14:41:01.100815');
INSERT INTO com_cd_dtl (cd_mgno,group_cd_mgno,cd_eng_nm,cd_korn_nm,cd_cn,sort_seqo,del_yn,rgtr_id,reg_dt,mdfr_id,mdfcn_dt) VALUES ('MPT0022','MHDLG_PRCS_TYPE_CD','','기승인신청','기승인신청',22,'N','SYSTEM','2023-10-12 14:41:01.033','SYSTEM','2023-10-12 14:41:01.033');
INSERT INTO com_cd_dtl (cd_mgno,group_cd_mgno,cd_eng_nm,cd_korn_nm,cd_cn,sort_seqo,del_yn,rgtr_id,reg_dt,mdfr_id,mdfcn_dt) VALUES ('PTC0029','PRCS_TYPE_CD','','착수지연반려','착수지연반려',29,'N','SYSTEM','2023-10-12 14:41:01.100815','SYSTEM','2023-10-12 14:41:01.100815');
INSERT INTO com_cd_dtl (cd_mgno,group_cd_mgno,cd_eng_nm,cd_korn_nm,cd_cn,sort_seqo,del_yn,rgtr_id,reg_dt,mdfr_id,mdfcn_dt) VALUES ('PTC0030','PRCS_TYPE_CD','','문서보완요청(착수지연)','문서보완요청(착수지연)',30,'N','SYSTEM','2023-10-12 14:41:01.100815','SYSTEM','2023-10-12 14:41:01.100815');
INSERT INTO com_cd_dtl (cd_mgno,group_cd_mgno,cd_eng_nm,cd_korn_nm,cd_cn,sort_seqo,del_yn,rgtr_id,reg_dt,mdfr_id,mdfcn_dt) VALUES ('PTC0027','PRCS_TYPE_CD','','착수지연신청','착수지연신청',27,'N','SYSTEM','2023-10-12 14:41:01.100815','SYSTEM','2023-10-12 14:41:01.100815');
INSERT INTO com_cd_dtl (cd_mgno,group_cd_mgno,cd_eng_nm,cd_korn_nm,cd_cn,sort_seqo,del_yn,rgtr_id,reg_dt,mdfr_id,mdfcn_dt) VALUES ('GPC0002','GRP_PRCS_TYPE_CD','','접수','접수',2,'N','SYSTEM','2023-10-12 14:41:01.100815','SYSTEM','2023-10-12 14:41:01.100815');
INSERT INTO com_cd_dtl (cd_mgno,group_cd_mgno,cd_eng_nm,cd_korn_nm,cd_cn,sort_seqo,del_yn,rgtr_id,reg_dt,mdfr_id,mdfcn_dt) VALUES ('BHT0011','BIZ_HSTRY_TYPE_CD','','인증유효기간변경(추가자료)','인증유효기간변경(추가자료)',11,'N','SYSTEM','2023-10-12 14:41:01.212873','SYSTEM','2023-10-12 14:41:01.212873');
INSERT INTO com_cd_dtl (cd_mgno,group_cd_mgno,cd_eng_nm,cd_korn_nm,cd_cn,sort_seqo,del_yn,rgtr_id,reg_dt,mdfr_id,mdfcn_dt) VALUES ('GPC0001','GRP_PRCS_TYPE_CD','','저장','저장',1,'N','SYSTEM','2023-10-12 14:41:01.100815','SYSTEM','2023-10-12 14:41:01.100815');
INSERT INTO com_cd_dtl (cd_mgno,group_cd_mgno,cd_eng_nm,cd_korn_nm,cd_cn,sort_seqo,del_yn,rgtr_id,reg_dt,mdfr_id,mdfcn_dt) VALUES ('GPC0006','GRP_PRCS_TYPE_CD','','평가반려','평가반려',6,'N','SYSTEM','2023-10-12 14:41:01.100815','SYSTEM','2023-10-12 14:41:01.100815');
INSERT INTO com_cd_dtl (cd_mgno,group_cd_mgno,cd_eng_nm,cd_korn_nm,cd_cn,sort_seqo,del_yn,rgtr_id,reg_dt,mdfr_id,mdfcn_dt) VALUES ('GPC0007','GRP_PRCS_TYPE_CD','','평가승인','평가승인',7,'N','SYSTEM','2023-10-12 14:41:01.100815','SYSTEM','2023-10-12 14:41:01.100815');
INSERT INTO com_cd_dtl (cd_mgno,group_cd_mgno,cd_eng_nm,cd_korn_nm,cd_cn,sort_seqo,del_yn,rgtr_id,reg_dt,mdfr_id,mdfcn_dt) VALUES ('GPC0008','GRP_PRCS_TYPE_CD','','사전심의반려','사전심의반려',8,'N','SYSTEM','2023-10-12 14:41:01.100815','SYSTEM','2023-10-12 14:41:01.100815');
INSERT INTO com_cd_dtl (cd_mgno,group_cd_mgno,cd_eng_nm,cd_korn_nm,cd_cn,sort_seqo,del_yn,rgtr_id,reg_dt,mdfr_id,mdfcn_dt) VALUES ('PTC0032','PRCS_TYPE_CD','','심의반려(착수지연)','심의반려(착수지연)',32,'N','SYSTEM','2023-10-12 14:41:01.100815','SYSTEM','2023-10-12 14:41:01.100815');
INSERT INTO com_cd_dtl (cd_mgno,group_cd_mgno,cd_eng_nm,cd_korn_nm,cd_cn,sort_seqo,del_yn,rgtr_id,reg_dt,mdfr_id,mdfcn_dt) VALUES ('GPC0005','GRP_PRCS_TYPE_CD','','문서재제출요청','문서재제출요청',5,'N','SYSTEM','2023-10-12 14:41:01.100815','SYSTEM','2023-10-12 14:41:01.100815');
INSERT INTO com_cd_dtl (cd_mgno,group_cd_mgno,cd_eng_nm,cd_korn_nm,cd_cn,sort_seqo,del_yn,rgtr_id,reg_dt,mdfr_id,mdfcn_dt) VALUES ('PAC0002','PSN_ACNT_STTS_CL_CD','','폐쇄','폐쇄',2,'N','SYSTEM','2023-10-12 14:41:00.989','SYSTEM','2023-10-12 14:41:00.989');
INSERT INTO com_cd_dtl (cd_mgno,group_cd_mgno,cd_eng_nm,cd_korn_nm,cd_cn,sort_seqo,del_yn,rgtr_id,reg_dt,mdfr_id,mdfcn_dt) VALUES ('GPC0004','GRP_PRCS_TYPE_CD','','보완요청','보완요청',4,'N','SYSTEM','2023-10-12 14:41:01.100815','SYSTEM','2023-10-12 14:41:01.100815');
INSERT INTO com_cd_dtl (cd_mgno,group_cd_mgno,cd_eng_nm,cd_korn_nm,cd_cn,sort_seqo,del_yn,rgtr_id,reg_dt,mdfr_id,mdfcn_dt) VALUES ('GPC0014','GRP_PRCS_TYPE_CD','','심의반려','심의반려',14,'N','SYSTEM','2023-10-12 14:41:01.100815','SYSTEM','2023-10-12 14:41:01.100815');
INSERT INTO com_cd_dtl (cd_mgno,group_cd_mgno,cd_eng_nm,cd_korn_nm,cd_cn,sort_seqo,del_yn,rgtr_id,reg_dt,mdfr_id,mdfcn_dt) VALUES ('PTC0031','PRCS_TYPE_CD','','심의승인(착수지연)','심의승인(착수지연)',31,'N','SYSTEM','2023-10-12 14:41:01.100815','SYSTEM','2023-10-12 14:41:01.100815');
INSERT INTO com_cd_dtl (cd_mgno,group_cd_mgno,cd_eng_nm,cd_korn_nm,cd_cn,sort_seqo,del_yn,rgtr_id,reg_dt,mdfr_id,mdfcn_dt) VALUES ('MDT0001','MHDLG_DLBR_TYPE_CD','','심의승인','심의승인',1,'N','SYSTEM','2023-10-12 14:41:01.137','SYSTEM','2023-10-12 14:41:01.137');
INSERT INTO com_cd_dtl (cd_mgno,group_cd_mgno,cd_eng_nm,cd_korn_nm,cd_cn,sort_seqo,del_yn,rgtr_id,reg_dt,mdfr_id,mdfcn_dt) VALUES ('MDT0002','MHDLG_DLBR_TYPE_CD','','심의반려','심의반려',2,'N','SYSTEM','2023-10-12 14:41:01.14','SYSTEM','2023-10-12 14:41:01.14');
INSERT INTO com_cd_dtl (cd_mgno,group_cd_mgno,cd_eng_nm,cd_korn_nm,cd_cn,sort_seqo,del_yn,rgtr_id,reg_dt,mdfr_id,mdfcn_dt) VALUES ('MDT0003','MHDLG_DLBR_TYPE_CD','','문서보완','심의문서보완',3,'N','SYSTEM','2023-10-12 14:41:01.14','SYSTEM','2023-10-12 14:41:01.14');
INSERT INTO com_cd_dtl (cd_mgno,group_cd_mgno,cd_eng_nm,cd_korn_nm,cd_cn,sort_seqo,del_yn,rgtr_id,reg_dt,mdfr_id,mdfcn_dt) VALUES ('MDT0004','MHDLG_DLBR_TYPE_CD','','문서재제출','심의문서재제출',4,'N','SYSTEM','2023-10-12 14:41:01.14','SYSTEM','2023-10-12 14:41:01.14');
INSERT INTO com_cd_dtl (cd_mgno,group_cd_mgno,cd_eng_nm,cd_korn_nm,cd_cn,sort_seqo,del_yn,rgtr_id,reg_dt,mdfr_id,mdfcn_dt) VALUES ('GPC0017','GRP_PRCS_TYPE_CD','','착수지연','착수지연',17,'N','SYSTEM','2023-10-12 14:41:01.100815','SYSTEM','2023-10-12 14:41:01.100815');
INSERT INTO com_cd_dtl (cd_mgno,group_cd_mgno,cd_eng_nm,cd_korn_nm,cd_cn,sort_seqo,del_yn,rgtr_id,reg_dt,mdfr_id,mdfcn_dt) VALUES ('BHT0012','BIZ_HSTRY_TYPE_CD','','사업고유번호 부여','사업고유번호 부여',12,'N','SYSTEM','2023-10-12 14:41:01.212873','SYSTEM','2023-10-12 14:41:01.212873');
INSERT INTO com_cd_dtl (cd_mgno,group_cd_mgno,cd_eng_nm,cd_korn_nm,cd_cn,sort_seqo,del_yn,rgtr_id,reg_dt,mdfr_id,mdfcn_dt) VALUES ('BHR0004','BIZ_HSTRY_RSLT_CD','','문서보완요청','문서보완요청',4,'N','SYSTEM','2023-10-12 14:41:01.241485','SYSTEM','2023-10-12 14:41:01.241485');
INSERT INTO com_cd_dtl (cd_mgno,group_cd_mgno,cd_eng_nm,cd_korn_nm,cd_cn,sort_seqo,del_yn,rgtr_id,reg_dt,mdfr_id,mdfcn_dt) VALUES ('BHR0005','BIZ_HSTRY_RSLT_CD','','문서보완저장','문서보완저장',5,'N','SYSTEM','2023-10-12 14:41:01.24436','SYSTEM','2023-10-12 14:41:01.24436');
INSERT INTO com_cd_dtl (cd_mgno,group_cd_mgno,cd_eng_nm,cd_korn_nm,cd_cn,sort_seqo,del_yn,rgtr_id,reg_dt,mdfr_id,mdfcn_dt) VALUES ('BHR0006','BIZ_HSTRY_RSLT_CD','','문서재제출요청','문서재제출요청',6,'N','SYSTEM','2023-10-12 14:41:01.247187','SYSTEM','2023-10-12 14:41:01.247187');
INSERT INTO com_cd_dtl (cd_mgno,group_cd_mgno,cd_eng_nm,cd_korn_nm,cd_cn,sort_seqo,del_yn,rgtr_id,reg_dt,mdfr_id,mdfcn_dt) VALUES ('BHR0007','BIZ_HSTRY_RSLT_CD','','문서재제출저장','문서재제출저장',7,'N','SYSTEM','2023-10-12 14:41:01.250367','SYSTEM','2023-10-12 14:41:01.250367');
INSERT INTO com_cd_dtl (cd_mgno,group_cd_mgno,cd_eng_nm,cd_korn_nm,cd_cn,sort_seqo,del_yn,rgtr_id,reg_dt,mdfr_id,mdfcn_dt) VALUES ('UCC0005','USER_CL_CD','','계정대표자','사업수행자 계정대표자',5,'N','SYSTEM','2023-10-12 15:08:11.714772',NULL,NULL);
INSERT INTO com_cd_dtl (cd_mgno,group_cd_mgno,cd_eng_nm,cd_korn_nm,cd_cn,sort_seqo,del_yn,rgtr_id,reg_dt,mdfr_id,mdfcn_dt) VALUES ('BHR0028','BIZ_HSTRY_RSLT_CD','','반려','반려',28,'N','SYSTEM','2023-10-12 14:41:01.294066','SYSTEM','2023-10-12 14:41:01.294066');
INSERT INTO com_cd_dtl (cd_mgno,group_cd_mgno,cd_eng_nm,cd_korn_nm,cd_cn,sort_seqo,del_yn,rgtr_id,reg_dt,mdfr_id,mdfcn_dt) VALUES ('BHR0026','BIZ_HSTRY_RSLT_CD','','제출','제출',26,'N','SYSTEM','2023-10-12 14:41:01.294066','SYSTEM','2023-10-12 14:41:01.294066');
INSERT INTO com_cd_dtl (cd_mgno,group_cd_mgno,cd_eng_nm,cd_korn_nm,cd_cn,sort_seqo,del_yn,rgtr_id,reg_dt,mdfr_id,mdfcn_dt) VALUES ('BHR0025','BIZ_HSTRY_RSLT_CD','','요청','요청',25,'N','SYSTEM','2023-10-12 14:41:01.294066','SYSTEM','2023-10-12 14:41:01.294066');
INSERT INTO com_cd_dtl (cd_mgno,group_cd_mgno,cd_eng_nm,cd_korn_nm,cd_cn,sort_seqo,del_yn,rgtr_id,reg_dt,mdfr_id,mdfcn_dt) VALUES ('BHR0023','BIZ_HSTRY_RSLT_CD','','착수지연 심의반려','착수지연 심의반려',23,'N','SYSTEM','2023-10-12 14:41:01.294066','SYSTEM','2023-10-12 14:41:01.294066');
INSERT INTO com_cd_dtl (cd_mgno,group_cd_mgno,cd_eng_nm,cd_korn_nm,cd_cn,sort_seqo,del_yn,rgtr_id,reg_dt,mdfr_id,mdfcn_dt) VALUES ('BHR0027','BIZ_HSTRY_RSLT_CD','','승인','승인',27,'N','SYSTEM','2023-10-12 14:41:01.294066','SYSTEM','2023-10-12 14:41:01.294066');
INSERT INTO com_cd_dtl (cd_mgno,group_cd_mgno,cd_eng_nm,cd_korn_nm,cd_cn,sort_seqo,del_yn,rgtr_id,reg_dt,mdfr_id,mdfcn_dt) VALUES ('BHR0024','BIZ_HSTRY_RSLT_CD','','착수보고','착수보고',24,'N','SYSTEM','2023-10-12 14:41:01.294066','SYSTEM','2023-10-12 14:41:01.294066');
INSERT INTO com_cd_dtl (cd_mgno,group_cd_mgno,cd_eng_nm,cd_korn_nm,cd_cn,sort_seqo,del_yn,rgtr_id,reg_dt,mdfr_id,mdfcn_dt) VALUES ('FTC0002','FILE_TYPE_CL_CD','','멀티첨부파일','멀티첨부파일',2,'N','SYSTEM','2023-10-12 14:41:01.616334','SYSTEM','2023-10-12 14:41:01.616334');
INSERT INTO com_cd_dtl (cd_mgno,group_cd_mgno,cd_eng_nm,cd_korn_nm,cd_cn,sort_seqo,del_yn,rgtr_id,reg_dt,mdfr_id,mdfcn_dt) VALUES ('CCC0003','CHG_CL_CD','','계정담당자','계정담당자 정보',3,'N','SYSTEM','2023-10-12 14:41:01.592',NULL,NULL);
INSERT INTO com_cd_dtl (cd_mgno,group_cd_mgno,cd_eng_nm,cd_korn_nm,cd_cn,sort_seqo,del_yn,rgtr_id,reg_dt,mdfr_id,mdfcn_dt) VALUES ('BHT0013','BIZ_HSTRY_TYPE_CD','','인증유효기간변경(심의승인건)','인증유효기간변경(심의승인건)',13,'N','SYSTEM','2023-10-12 14:41:01.212873','SYSTEM','2023-10-12 14:41:01.212873');
INSERT INTO com_cd_dtl (cd_mgno,group_cd_mgno,cd_eng_nm,cd_korn_nm,cd_cn,sort_seqo,del_yn,rgtr_id,reg_dt,mdfr_id,mdfcn_dt) VALUES ('CPC0003','CHG_PRCS_TYPE_CD','','업체직권','업체직권',3,'N','SYSTEM','2023-10-12 14:41:00.989','SYSTEM','2023-10-12 14:41:00.989');
INSERT INTO com_cd_dtl (cd_mgno,group_cd_mgno,cd_eng_nm,cd_korn_nm,cd_cn,sort_seqo,del_yn,rgtr_id,reg_dt,mdfr_id,mdfcn_dt) VALUES ('PTC0026','PRCS_TYPE_CD','','착수보고','착수보고',26,'N','SYSTEM','2023-10-12 14:41:01.100815','SYSTEM','2023-10-12 14:41:01.100815');
INSERT INTO com_cd_dtl (cd_mgno,group_cd_mgno,cd_eng_nm,cd_korn_nm,cd_cn,sort_seqo,del_yn,rgtr_id,reg_dt,mdfr_id,mdfcn_dt) VALUES ('APC0001','APLY_PRCS_TYPE_CD','신청','신청','신청',1,'N','SYSTEM','2023-10-12 14:41:01.1','SYSTEM','2023-10-12 14:41:01.1');
INSERT INTO com_cd_dtl (cd_mgno,group_cd_mgno,cd_eng_nm,cd_korn_nm,cd_cn,sort_seqo,del_yn,rgtr_id,reg_dt,mdfr_id,mdfcn_dt) VALUES ('GPC0015','GRP_PRCS_TYPE_CD','','심의승인','심의승인',15,'N','SYSTEM','2023-10-12 14:41:01.100815','SYSTEM','2023-10-12 14:41:01.100815');
INSERT INTO com_cd_dtl (cd_mgno,group_cd_mgno,cd_eng_nm,cd_korn_nm,cd_cn,sort_seqo,del_yn,rgtr_id,reg_dt,mdfr_id,mdfcn_dt) VALUES ('GPC0011','GRP_PRCS_TYPE_CD','','심의요청','심의요청',11,'N','SYSTEM','2023-10-12 14:41:01.100815','SYSTEM','2023-10-12 14:41:01.100815');
INSERT INTO com_cd_dtl (cd_mgno,group_cd_mgno,cd_eng_nm,cd_korn_nm,cd_cn,sort_seqo,del_yn,rgtr_id,reg_dt,mdfr_id,mdfcn_dt) VALUES ('APC0002','APLY_PRCS_TYPE_CD','심의반려','심의반려','심의반려',2,'N','SYSTEM','2023-10-12 14:41:01.1','SYSTEM','2023-10-12 14:41:01.1');
INSERT INTO com_cd_dtl (cd_mgno,group_cd_mgno,cd_eng_nm,cd_korn_nm,cd_cn,sort_seqo,del_yn,rgtr_id,reg_dt,mdfr_id,mdfcn_dt) VALUES ('APC0003','APLY_PRCS_TYPE_CD','심의승인','심의승인','심의승인',3,'N','SYSTEM','2023-10-12 14:41:01.1','SYSTEM','2023-10-12 14:41:01.1');
INSERT INTO com_cd_dtl (cd_mgno,group_cd_mgno,cd_eng_nm,cd_korn_nm,cd_cn,sort_seqo,del_yn,rgtr_id,reg_dt,mdfr_id,mdfcn_dt) VALUES ('BHT0010','BIZ_HSTRY_TYPE_CD','','자료확인','자료확인',10,'N','SYSTEM','2023-10-12 14:41:01.212873','SYSTEM','2023-10-12 14:41:01.212873');
INSERT INTO com_cd_dtl (cd_mgno,group_cd_mgno,cd_eng_nm,cd_korn_nm,cd_cn,sort_seqo,del_yn,rgtr_id,reg_dt,mdfr_id,mdfcn_dt) VALUES ('GPC0012','GRP_PRCS_TYPE_CD','','심의대기','심의대기',12,'N','SYSTEM','2023-10-12 14:41:01.100815','SYSTEM','2023-10-12 14:41:01.100815');
INSERT INTO com_cd_dtl (cd_mgno,group_cd_mgno,cd_eng_nm,cd_korn_nm,cd_cn,sort_seqo,del_yn,rgtr_id,reg_dt,mdfr_id,mdfcn_dt) VALUES ('GPC0013','GRP_PRCS_TYPE_CD','','심의','심의',13,'N','SYSTEM','2023-10-12 14:41:01.100815','SYSTEM','2023-10-12 14:41:01.100815');
INSERT INTO com_cd_dtl (cd_mgno,group_cd_mgno,cd_eng_nm,cd_korn_nm,cd_cn,sort_seqo,del_yn,rgtr_id,reg_dt,mdfr_id,mdfcn_dt) VALUES ('GPC0016','GRP_PRCS_TYPE_CD','','착수보고','착수보고',16,'N','SYSTEM','2023-10-12 14:41:01.100815','SYSTEM','2023-10-12 14:41:01.100815');
INSERT INTO com_cd_dtl (cd_mgno,group_cd_mgno,cd_eng_nm,cd_korn_nm,cd_cn,sort_seqo,del_yn,rgtr_id,reg_dt,mdfr_id,mdfcn_dt) VALUES ('BHT0008','BIZ_HSTRY_TYPE_CD','','자료요청','자료요청',8,'N','SYSTEM','2023-10-12 14:41:01.209337','SYSTEM','2023-10-12 14:41:01.209337');
INSERT INTO com_cd_dtl (cd_mgno,group_cd_mgno,cd_eng_nm,cd_korn_nm,cd_cn,sort_seqo,del_yn,rgtr_id,reg_dt,mdfr_id,mdfcn_dt) VALUES ('GPC0009','GRP_PRCS_TYPE_CD','','사전심의승인','사전심의승인',9,'N','SYSTEM','2023-10-12 14:41:01.100815','SYSTEM','2023-10-12 14:41:01.100815');
INSERT INTO com_cd_dtl (cd_mgno,group_cd_mgno,cd_eng_nm,cd_korn_nm,cd_cn,sort_seqo,del_yn,rgtr_id,reg_dt,mdfr_id,mdfcn_dt) VALUES ('GPC0010','GRP_PRCS_TYPE_CD','','이의신청','이의신청',10,'N','SYSTEM','2023-10-12 14:41:01.100815','SYSTEM','2023-10-12 14:41:01.100815');
INSERT INTO com_cd_dtl (cd_mgno,group_cd_mgno,cd_eng_nm,cd_korn_nm,cd_cn,sort_seqo,del_yn,rgtr_id,reg_dt,mdfr_id,mdfcn_dt) VALUES ('BHT0009','BIZ_HSTRY_TYPE_CD','','자료제출','자료제출',9,'N','SYSTEM','2023-10-12 14:41:01.212873','SYSTEM','2023-10-12 14:41:01.212873');
INSERT INTO com_cd_dtl (cd_mgno,group_cd_mgno,cd_eng_nm,cd_korn_nm,cd_cn,sort_seqo,del_yn,rgtr_id,reg_dt,mdfr_id,mdfcn_dt) VALUES ('BHR0030','BIZ_HSTRY_RSLT_CD','','심의요청','심의요청',30,'N','SYSTEM','2023-10-12 14:41:01.294','SYSTEM','2023-10-12 14:41:01.294');
INSERT INTO com_cd_dtl (cd_mgno,group_cd_mgno,cd_eng_nm,cd_korn_nm,cd_cn,sort_seqo,del_yn,rgtr_id,reg_dt,mdfr_id,mdfcn_dt) VALUES ('TAC0001','TASK_TRGT_CD','','인증기간 만료대상 알림','인증기간 만료대상 알림',1,'N','SYSTEM','2023-10-12 14:41:01.467766','SYSTEM','2023-10-12 14:41:01.467766');
INSERT INTO com_cd_dtl (cd_mgno,group_cd_mgno,cd_eng_nm,cd_korn_nm,cd_cn,sort_seqo,del_yn,rgtr_id,reg_dt,mdfr_id,mdfcn_dt) VALUES ('SGC0003','SCSN_CL_CD','','기타','기타',3,'N','SYSTEM','2023-10-12 14:41:01.100815','SYSTEM','2023-10-12 14:41:01.100815');
INSERT INTO com_cd_dtl (cd_mgno,group_cd_mgno,cd_eng_nm,cd_korn_nm,cd_cn,sort_seqo,del_yn,rgtr_id,reg_dt,mdfr_id,mdfcn_dt) VALUES ('PAC0001','PRVT_APLY_TYPE_CD','','신규신청','신규신청',1,'N','SYSTEM','2023-12-07 14:41:00.977','SYSTEM','2023-12-07 14:41:00.977');
INSERT INTO com_cd_dtl (cd_mgno,group_cd_mgno,cd_eng_nm,cd_korn_nm,cd_cn,sort_seqo,del_yn,rgtr_id,reg_dt,mdfr_id,mdfcn_dt) VALUES ('PAC0002','PRVT_APLY_TYPE_CD','','문서보완','문서보완',2,'N','SYSTEM','2023-12-07 14:41:00.977','SYSTEM','2023-12-07 14:41:00.977');
INSERT INTO com_cd_dtl (cd_mgno,group_cd_mgno,cd_eng_nm,cd_korn_nm,cd_cn,sort_seqo,del_yn,rgtr_id,reg_dt,mdfr_id,mdfcn_dt) VALUES ('PPC0001','PRVT_PRCS_TYPE_CD','','신청','신청',1,'N','SYSTEM','2023-10-12 14:41:01.1','SYSTEM','2023-10-12 14:41:01.1');
INSERT INTO com_cd_dtl (cd_mgno,group_cd_mgno,cd_eng_nm,cd_korn_nm,cd_cn,sort_seqo,del_yn,rgtr_id,reg_dt,mdfr_id,mdfcn_dt) VALUES ('PPC0003','PRVT_PRCS_TYPE_CD','','심의반려','심의반려',3,'N','SYSTEM','2023-10-12 14:41:01.1','SYSTEM','2023-10-12 14:41:01.1');
INSERT INTO com_cd_dtl (cd_mgno,group_cd_mgno,cd_eng_nm,cd_korn_nm,cd_cn,sort_seqo,del_yn,rgtr_id,reg_dt,mdfr_id,mdfcn_dt) VALUES ('PPC0004','PRVT_PRCS_TYPE_CD','','심의승인','심의승인',4,'N','SYSTEM','2023-10-12 14:41:01.1','SYSTEM','2023-10-12 14:41:01.1');
INSERT INTO com_cd_dtl (cd_mgno,group_cd_mgno,cd_eng_nm,cd_korn_nm,cd_cn,sort_seqo,del_yn,rgtr_id,reg_dt,mdfr_id,mdfcn_dt) VALUES ('PAC0003','PRVT_APLY_TYPE_CD','','심의승인','심의승인',3,'N','SYSTEM','2023-12-07 14:41:00.977','SYSTEM','2023-12-07 14:41:00.977');
INSERT INTO com_cd_dtl (cd_mgno,group_cd_mgno,cd_eng_nm,cd_korn_nm,cd_cn,sort_seqo,del_yn,rgtr_id,reg_dt,mdfr_id,mdfcn_dt) VALUES ('PDC0001','PRVT_DLBR_TYPE_CD','','심의승인','심의승인',1,'N','SYSTEM','2023-10-12 14:41:01.13793','SYSTEM','2023-10-12 14:41:01.13793');
INSERT INTO com_cd_dtl (cd_mgno,group_cd_mgno,cd_eng_nm,cd_korn_nm,cd_cn,sort_seqo,del_yn,rgtr_id,reg_dt,mdfr_id,mdfcn_dt) VALUES ('PDC0002','PRVT_DLBR_TYPE_CD','','심의반려','심의반려',2,'N','SYSTEM','2023-10-12 14:41:01.140565','SYSTEM','2023-10-12 14:41:01.140565');
INSERT INTO com_cd_dtl (cd_mgno,group_cd_mgno,cd_eng_nm,cd_korn_nm,cd_cn,sort_seqo,del_yn,rgtr_id,reg_dt,mdfr_id,mdfcn_dt) VALUES ('PDC0003','PRVT_DLBR_TYPE_CD','','문서보완','문서보완',3,'N','SYSTEM','2023-10-12 14:41:01.140565','SYSTEM','2023-10-12 14:41:01.140565');
INSERT INTO com_cd_dtl (cd_mgno,group_cd_mgno,cd_eng_nm,cd_korn_nm,cd_cn,sort_seqo,del_yn,rgtr_id,reg_dt,mdfr_id,mdfcn_dt) VALUES ('RPR0003','RTRCN_PRCS_RSLT_CD','','심의승인(취소)','심의승인(취소)',3,'N','SYSTEM','2023-10-12 14:41:01.372906','SYSTEM','2023-10-12 14:41:01.372906');
INSERT INTO com_cd_dtl (cd_mgno,group_cd_mgno,cd_eng_nm,cd_korn_nm,cd_cn,sort_seqo,del_yn,rgtr_id,reg_dt,mdfr_id,mdfcn_dt) VALUES ('RPR0004','RTRCN_PRCS_RSLT_CD','','심의반려(보류)','심의반려(보류)',4,'N','SYSTEM','2023-10-12 14:41:01.372906','SYSTEM','2023-10-12 14:41:01.372906');
INSERT INTO com_cd_dtl (cd_mgno,group_cd_mgno,cd_eng_nm,cd_korn_nm,cd_cn,sort_seqo,del_yn,rgtr_id,reg_dt,mdfr_id,mdfcn_dt) VALUES ('RPR0002','RTRCN_PRCS_RSLT_CD','','이의신청','이의신청',2,'N','SYSTEM','2023-10-12 14:41:01.372906','SYSTEM','2023-10-12 14:41:01.372906');
INSERT INTO com_cd_dtl (cd_mgno,group_cd_mgno,cd_eng_nm,cd_korn_nm,cd_cn,sort_seqo,del_yn,rgtr_id,reg_dt,mdfr_id,mdfcn_dt) VALUES ('RDT0002','RTRCN_DMND_TYPE_CD','','협의체 또는 감독기구의 취소 기승인 건','협의체 또는 감독기구의 취소 기승인 건',2,'N','SYSTEM','2023-10-12 14:41:01.355651','SYSTEM','2023-10-12 14:41:01.355651');
INSERT INTO com_cd_dtl (cd_mgno,group_cd_mgno,cd_eng_nm,cd_korn_nm,cd_cn,sort_seqo,del_yn,rgtr_id,reg_dt,mdfr_id,mdfcn_dt) VALUES ('BHR0031','BIZ_HSTRY_RSLT_CD','','사업취소 사전통보','사업취소 사전통보',31,'N','SYSTEM','2023-10-12 14:41:01.294','SYSTEM','2023-10-12 14:41:01.294');
INSERT INTO com_cd_dtl (cd_mgno,group_cd_mgno,cd_eng_nm,cd_korn_nm,cd_cn,sort_seqo,del_yn,rgtr_id,reg_dt,mdfr_id,mdfcn_dt) VALUES ('BHR0032','BIZ_HSTRY_RSLT_CD','','사업취소 이의신청','사업취소 이의신청',32,'N','SYSTEM','2023-10-12 14:41:01.294','SYSTEM','2023-10-12 14:41:01.294');
INSERT INTO com_cd_dtl (cd_mgno,group_cd_mgno,cd_eng_nm,cd_korn_nm,cd_cn,sort_seqo,del_yn,rgtr_id,reg_dt,mdfr_id,mdfcn_dt) VALUES ('BHR0033','BIZ_HSTRY_RSLT_CD','','사업취소 심의승인(취소)','사업취소 심의승인(취소)',33,'N','SYSTEM','2023-10-12 14:41:01.294','SYSTEM','2023-10-12 14:41:01.294');
INSERT INTO com_cd_dtl (cd_mgno,group_cd_mgno,cd_eng_nm,cd_korn_nm,cd_cn,sort_seqo,del_yn,rgtr_id,reg_dt,mdfr_id,mdfcn_dt) VALUES ('BHR0034','BIZ_HSTRY_RSLT_CD','','사업취소 심의반려(보류)','사업취소 심의반려(보류)',34,'N','SYSTEM','2023-10-12 14:41:01.294','SYSTEM','2023-10-12 14:41:01.294');
INSERT INTO com_cd_dtl (cd_mgno,group_cd_mgno,cd_eng_nm,cd_korn_nm,cd_cn,sort_seqo,del_yn,rgtr_id,reg_dt,mdfr_id,mdfcn_dt) VALUES ('BHR0035','BIZ_HSTRY_RSLT_CD','','협의체 또는 감독기구 사업취소','협의체 또는 감독기구 사업취소',35,'N','SYSTEM','2023-10-12 14:41:01.294','SYSTEM','2023-10-12 14:41:01.294');
INSERT INTO com_cd_dtl (cd_mgno,group_cd_mgno,cd_eng_nm,cd_korn_nm,cd_cn,sort_seqo,del_yn,rgtr_id,reg_dt,mdfr_id,mdfcn_dt) VALUES ('CCC0001','CLSG_CL_CD','','합병','합병',1,'N','SYSTEM','2023-12-26 14:24:06.292','SYSTEM','2023-12-26 14:24:06.292');
INSERT INTO com_cd_dtl (cd_mgno,group_cd_mgno,cd_eng_nm,cd_korn_nm,cd_cn,sort_seqo,del_yn,rgtr_id,reg_dt,mdfr_id,mdfcn_dt) VALUES ('PTC0033','PRCS_TYPE_CD','','심의대기(착수지연)','심의대기(착수지연)',33,'N','SYSTEM','2023-10-12 14:41:01.100815','SYSTEM','2023-10-12 14:41:01.100815');
INSERT INTO com_cd_dtl (cd_mgno,group_cd_mgno,cd_eng_nm,cd_korn_nm,cd_cn,sort_seqo,del_yn,rgtr_id,reg_dt,mdfr_id,mdfcn_dt) VALUES ('PTC0034','PRCS_TYPE_CD','','심의중(착수지연)','심의중(착수지연)',34,'N','SYSTEM','2023-10-12 14:41:01.100815','SYSTEM','2023-10-12 14:41:01.100815');
INSERT INTO com_cd_dtl (cd_mgno,group_cd_mgno,cd_eng_nm,cd_korn_nm,cd_cn,sort_seqo,del_yn,rgtr_id,reg_dt,mdfr_id,mdfcn_dt) VALUES ('BHR0037','BIZ_HSTRY_RSLT_CD','','심의대기(착수지연)','심의대기(착수지연)',37,'N','SYSTEM','2023-10-12 14:41:01.294','SYSTEM','2023-10-12 14:41:01.294');
INSERT INTO com_cd_dtl (cd_mgno,group_cd_mgno,cd_eng_nm,cd_korn_nm,cd_cn,sort_seqo,del_yn,rgtr_id,reg_dt,mdfr_id,mdfcn_dt) VALUES ('BHR0038','BIZ_HSTRY_RSLT_CD','','심의중(착수지연)','심의중(착수지연)',38,'N','SYSTEM','2023-10-12 14:41:01.294','SYSTEM','2023-10-12 14:41:01.294');
INSERT INTO com_cd_dtl (cd_mgno,group_cd_mgno,cd_eng_nm,cd_korn_nm,cd_cn,sort_seqo,del_yn,rgtr_id,reg_dt,mdfr_id,mdfcn_dt) VALUES ('BHR0036','BIZ_HSTRY_RSLT_CD','','심의중','심의중',36,'N','SYSTEM','2023-10-12 14:41:01.294','SYSTEM','2023-10-12 14:41:01.294');
INSERT INTO com_cd_dtl (cd_mgno,group_cd_mgno,cd_eng_nm,cd_korn_nm,cd_cn,sort_seqo,del_yn,rgtr_id,reg_dt,mdfr_id,mdfcn_dt) VALUES ('BHT0015','BIZ_HSTRY_TYPE_CD','','인증유효기간변경(프로그램-심의승인건)','인증유효기간변경(프로그램-심의승인건)',14,'N','SYSTEM','2023-10-12 14:41:01.212873','SYSTEM','2023-10-12 14:41:01.212873');
INSERT INTO com_cd_dtl (cd_mgno,group_cd_mgno,cd_eng_nm,cd_korn_nm,cd_cn,sort_seqo,del_yn,rgtr_id,reg_dt,mdfr_id,mdfcn_dt) VALUES ('MPT0024','MHDLG_PRCS_TYPE_CD','','심의','심의',24,'N','SYSTEM','2023-10-12 14:41:01.033','SYSTEM','2023-10-12 14:41:01.033');
INSERT INTO com_cd_dtl (cd_mgno,group_cd_mgno,cd_eng_nm,cd_korn_nm,cd_cn,sort_seqo,del_yn,rgtr_id,reg_dt,mdfr_id,mdfcn_dt) VALUES ('BHT0014','BIZ_HSTRY_TYPE_CD','','사업취소','사업취소',15,'N','SYSTEM','2023-10-12 14:41:01.212873','SYSTEM','2023-10-12 14:41:01.212873');
INSERT INTO com_cd_dtl (cd_mgno,group_cd_mgno,cd_eng_nm,cd_korn_nm,cd_cn,sort_seqo,del_yn,rgtr_id,reg_dt,mdfr_id,mdfcn_dt) VALUES ('MPT0023','MHDLG_PRCS_TYPE_CD','','심의요청','심의요청',23,'N','SYSTEM','2023-10-12 14:41:01.033','SYSTEM','2023-10-12 14:41:01.033');
INSERT INTO com_cd_dtl (cd_mgno,group_cd_mgno,cd_eng_nm,cd_korn_nm,cd_cn,sort_seqo,del_yn,rgtr_id,reg_dt,mdfr_id,mdfcn_dt) VALUES ('MPT0025','MHDLG_PRCS_TYPE_CD','','직권신청','직권신청',25,'N','SYSTEM','2023-10-12 14:41:01.033','SYSTEM','2023-10-12 14:41:01.033');
INSERT INTO com_cd_dtl (cd_mgno,group_cd_mgno,cd_eng_nm,cd_korn_nm,cd_cn,sort_seqo,del_yn,rgtr_id,reg_dt,mdfr_id,mdfcn_dt) VALUES ('CCC0002','CLSG_CL_CD','','폐업','폐업',2,'N','SYSTEM','2023-12-26 14:24:06.292','SYSTEM','2023-12-26 14:24:06.292');
INSERT INTO com_cd_dtl (cd_mgno,group_cd_mgno,cd_eng_nm,cd_korn_nm,cd_cn,sort_seqo,del_yn,rgtr_id,reg_dt,mdfr_id,mdfcn_dt) VALUES ('PSC0001','PRCS_STTS_CD','','신청','신청',1,'N','SYSTEM','2023-10-12 14:41:01.116299','SYSTEM','2023-10-12 14:41:01.116299');
INSERT INTO com_cd_dtl (cd_mgno,group_cd_mgno,cd_eng_nm,cd_korn_nm,cd_cn,sort_seqo,del_yn,rgtr_id,reg_dt,mdfr_id,mdfcn_dt) VALUES ('PSC0002','PRCS_STTS_CD','','반려','반려',2,'N','SYSTEM','2023-10-12 14:41:01.119201','SYSTEM','2023-10-12 14:41:01.119201');
INSERT INTO com_cd_dtl (cd_mgno,group_cd_mgno,cd_eng_nm,cd_korn_nm,cd_cn,sort_seqo,del_yn,rgtr_id,reg_dt,mdfr_id,mdfcn_dt) VALUES ('PSC0003','PRCS_STTS_CD','','승인','승인',3,'N','SYSTEM','2023-10-12 14:41:01.122335','SYSTEM','2023-10-12 14:41:01.122335');
INSERT INTO com_cd_dtl (cd_mgno,group_cd_mgno,cd_eng_nm,cd_korn_nm,cd_cn,sort_seqo,del_yn,rgtr_id,reg_dt,mdfr_id,mdfcn_dt) VALUES ('CAC0001','CHG_ARTCL_CD','사업체명','사업체명','사업체명',1,'N','SYSTEM','2023-12-29 10:09:36.372599',NULL,NULL);
INSERT INTO com_cd_dtl (cd_mgno,group_cd_mgno,cd_eng_nm,cd_korn_nm,cd_cn,sort_seqo,del_yn,rgtr_id,reg_dt,mdfr_id,mdfcn_dt) VALUES ('CAC0002','CHG_ARTCL_CD','법인등록번호','법인등록번호','법인등록번호',2,'N','SYSTEM','2023-12-29 10:09:36.375017',NULL,NULL);
INSERT INTO com_cd_dtl (cd_mgno,group_cd_mgno,cd_eng_nm,cd_korn_nm,cd_cn,sort_seqo,del_yn,rgtr_id,reg_dt,mdfr_id,mdfcn_dt) VALUES ('CAC0003','CHG_ARTCL_CD','사업자등록번호','사업자등록번호','사업자등록번호',3,'N','SYSTEM','2023-12-29 10:09:36.376607',NULL,NULL);
INSERT INTO com_cd_dtl (cd_mgno,group_cd_mgno,cd_eng_nm,cd_korn_nm,cd_cn,sort_seqo,del_yn,rgtr_id,reg_dt,mdfr_id,mdfcn_dt) VALUES ('CAC0004','CHG_ARTCL_CD','대표자명','대표자명','대표자명',4,'N','SYSTEM','2023-12-29 10:09:36.378017',NULL,NULL);
INSERT INTO com_cd_dtl (cd_mgno,group_cd_mgno,cd_eng_nm,cd_korn_nm,cd_cn,sort_seqo,del_yn,rgtr_id,reg_dt,mdfr_id,mdfcn_dt) VALUES ('PPC0002','PRVT_PRCS_TYPE_CD','','보완요청','보완요청',2,'N','SYSTEM','2023-10-12 14:41:01.1','SYSTEM','2023-10-12 14:41:01.1');
INSERT INTO com_cd_dtl (cd_mgno,group_cd_mgno,cd_eng_nm,cd_korn_nm,cd_cn,sort_seqo,del_yn,rgtr_id,reg_dt,mdfr_id,mdfcn_dt) VALUES ('AHT0004','AGR_HSTRY_TYPE_CD','','개정','개정',4,'N','SYSTEM','2023-10-12 14:41:00.974037','SYSTEM','2023-10-12 14:41:00.974037');
INSERT INTO com_cd_dtl (cd_mgno,group_cd_mgno,cd_eng_nm,cd_korn_nm,cd_cn,sort_seqo,del_yn,rgtr_id,reg_dt,mdfr_id,mdfcn_dt) VALUES ('SGC0002','SCSN_CL_CD','','분할 및 양도','분할 및 양도',2,'N','SYSTEM','2023-10-12 14:41:01.100815','SYSTEM','2023-10-12 14:41:01.100815');
INSERT INTO com_cd_dtl (cd_mgno,group_cd_mgno,cd_eng_nm,cd_korn_nm,cd_cn,sort_seqo,del_yn,rgtr_id,reg_dt,mdfr_id,mdfcn_dt) VALUES ('SGC0001','SCSN_CL_CD','','합병','합병',1,'N','SYSTEM','2023-10-12 14:41:01.100815','SYSTEM','2023-10-12 14:41:01.100815');
INSERT INTO com_cd_dtl (cd_mgno,group_cd_mgno,cd_eng_nm,cd_korn_nm,cd_cn,sort_seqo,del_yn,rgtr_id,reg_dt,mdfr_id,mdfcn_dt) VALUES ('ADT0001','APLY_DLBR_TYPE_CD','심의반려','심의반려','심의반려',1,'N','SYSTEM','2023-12-29 10:10:35.340242',NULL,NULL);
INSERT INTO com_cd_dtl (cd_mgno,group_cd_mgno,cd_eng_nm,cd_korn_nm,cd_cn,sort_seqo,del_yn,rgtr_id,reg_dt,mdfr_id,mdfcn_dt) VALUES ('ADT0002','APLY_DLBR_TYPE_CD','심의승인','심의승인','심의승인',2,'N','SYSTEM','2023-12-29 10:10:35.342193',NULL,NULL);
INSERT INTO com_cd_dtl (cd_mgno,group_cd_mgno,cd_eng_nm,cd_korn_nm,cd_cn,sort_seqo,del_yn,rgtr_id,reg_dt,mdfr_id,mdfcn_dt) VALUES ('APC0004','APLY_PRCS_TYPE_CD','관리자직권','관리자직권','관리자직권',4,'N','SYSTEM','2023-12-29 10:12:39.984406',NULL,NULL);
INSERT INTO com_cd_dtl (cd_mgno,group_cd_mgno,cd_eng_nm,cd_korn_nm,cd_cn,sort_seqo,del_yn,rgtr_id,reg_dt,mdfr_id,mdfcn_dt) VALUES ('ARC0005','APLY_REG_CL_CD','사용자등록','사용자등록','사용자등록',5,'N','SYSTEM','2024-01-02 12:43:01.021643',NULL,NULL);
INSERT INTO com_cd_dtl (cd_mgno,group_cd_mgno,cd_eng_nm,cd_korn_nm,cd_cn,sort_seqo,del_yn,rgtr_id,reg_dt,mdfr_id,mdfcn_dt) VALUES ('ARC0001','APLY_REG_CL_CD','신규가입','신규가입','신규가입',1,'N','SYSTEM','2023-12-29 10:12:39.977661',NULL,NULL);
INSERT INTO com_cd_dtl (cd_mgno,group_cd_mgno,cd_eng_nm,cd_korn_nm,cd_cn,sort_seqo,del_yn,rgtr_id,reg_dt,mdfr_id,mdfcn_dt) VALUES ('ARC0002','APLY_REG_CL_CD','신규사용자','신규사용자','신규사용자',2,'N','SYSTEM','2023-12-29 10:12:39.979523',NULL,NULL);
INSERT INTO com_cd_dtl (cd_mgno,group_cd_mgno,cd_eng_nm,cd_korn_nm,cd_cn,sort_seqo,del_yn,rgtr_id,reg_dt,mdfr_id,mdfcn_dt) VALUES ('CAC0024','CHG_ARTCL_CD','부서명','부서명','부서명',16,'N','SYSTEM','2024-01-31 13:41:19.340536',NULL,NULL);
INSERT INTO com_cd_dtl (cd_mgno,group_cd_mgno,cd_eng_nm,cd_korn_nm,cd_cn,sort_seqo,del_yn,rgtr_id,reg_dt,mdfr_id,mdfcn_dt) VALUES ('ARC0004','APLY_REG_CL_CD','사용자변경','사용자변경','사용자변경',4,'N','SYSTEM','2023-12-29 10:12:39.982819',NULL,NULL);
INSERT INTO com_cd_dtl (cd_mgno,group_cd_mgno,cd_eng_nm,cd_korn_nm,cd_cn,sort_seqo,del_yn,rgtr_id,reg_dt,mdfr_id,mdfcn_dt) VALUES ('CAC0025','CHG_ARTCL_CD','직위','직위','직위',17,'N','SYSTEM','2024-01-31 13:41:19.343136',NULL,NULL);
INSERT INTO com_cd_dtl (cd_mgno,group_cd_mgno,cd_eng_nm,cd_korn_nm,cd_cn,sort_seqo,del_yn,rgtr_id,reg_dt,mdfr_id,mdfcn_dt) VALUES ('CAC0026','CHG_ARTCL_CD','전화번호','전화번호','전화번호',18,'N','SYSTEM','2024-01-31 13:41:19.345356',NULL,NULL);
INSERT INTO com_cd_dtl (cd_mgno,group_cd_mgno,cd_eng_nm,cd_korn_nm,cd_cn,sort_seqo,del_yn,rgtr_id,reg_dt,mdfr_id,mdfcn_dt) VALUES ('CAC0027','CHG_ARTCL_CD','팩스번호','팩스번호','팩스번호',19,'N','SYSTEM','2024-01-31 13:41:19.347422',NULL,NULL);
INSERT INTO com_cd_dtl (cd_mgno,group_cd_mgno,cd_eng_nm,cd_korn_nm,cd_cn,sort_seqo,del_yn,rgtr_id,reg_dt,mdfr_id,mdfcn_dt) VALUES ('CAC0028','CHG_ARTCL_CD','이메일주소','이메일주소','이메일주소',20,'N','SYSTEM','2024-01-31 13:41:19.349118',NULL,NULL);
INSERT INTO com_cd_dtl (cd_mgno,group_cd_mgno,cd_eng_nm,cd_korn_nm,cd_cn,sort_seqo,del_yn,rgtr_id,reg_dt,mdfr_id,mdfcn_dt) VALUES ('CAC0011','CHG_ARTCL_CD','계정담당자 계정구분','계정담당자 계정구분','계정담당자 계정구분',11,'N','SYSTEM','2023-12-29 10:09:36.389852',NULL,NULL);
INSERT INTO com_cd_dtl (cd_mgno,group_cd_mgno,cd_eng_nm,cd_korn_nm,cd_cn,sort_seqo,del_yn,rgtr_id,reg_dt,mdfr_id,mdfcn_dt) VALUES ('CAC0012','CHG_ARTCL_CD','계정담당자 계정상태','계정담당자 계정상태','계정담당자 계정상태',12,'N','SYSTEM','2023-12-29 10:09:36.391534',NULL,NULL);
INSERT INTO com_cd_dtl (cd_mgno,group_cd_mgno,cd_eng_nm,cd_korn_nm,cd_cn,sort_seqo,del_yn,rgtr_id,reg_dt,mdfr_id,mdfcn_dt) VALUES ('CAC0021','CHG_ARTCL_CD','핸드폰번호','핸드폰번호','핸드폰번호',13,'N','SYSTEM','2023-12-29 10:09:36.39317',NULL,NULL);
INSERT INTO com_cd_dtl (cd_mgno,group_cd_mgno,cd_eng_nm,cd_korn_nm,cd_cn,sort_seqo,del_yn,rgtr_id,reg_dt,mdfr_id,mdfcn_dt) VALUES ('CAC0022','CHG_ARTCL_CD','사용자 계정상태','사용자 계정상태','사용자 계정상태',14,'N','SYSTEM','2023-12-29 10:09:36.394741',NULL,NULL);
INSERT INTO com_cd_dtl (cd_mgno,group_cd_mgno,cd_eng_nm,cd_korn_nm,cd_cn,sort_seqo,del_yn,rgtr_id,reg_dt,mdfr_id,mdfcn_dt) VALUES ('CAC0023','CHG_ARTCL_CD','비밀번호 초기화','비밀번호 초기화','비밀번호 초기화',15,'N','SYSTEM','2023-12-29 10:09:36.396034',NULL,NULL);
INSERT INTO com_cd_dtl (cd_mgno,group_cd_mgno,cd_eng_nm,cd_korn_nm,cd_cn,sort_seqo,del_yn,rgtr_id,reg_dt,mdfr_id,mdfcn_dt) VALUES ('CAC0005','CHG_ARTCL_CD','법인전화번호','법인전화번호','법인전화번호',5,'N','SYSTEM','2023-12-29 10:09:36.37965',NULL,NULL);
INSERT INTO com_cd_dtl (cd_mgno,group_cd_mgno,cd_eng_nm,cd_korn_nm,cd_cn,sort_seqo,del_yn,rgtr_id,reg_dt,mdfr_id,mdfcn_dt) VALUES ('CAC0006','CHG_ARTCL_CD','주소','주소','주소',6,'N','SYSTEM','2023-12-29 10:09:36.381227',NULL,NULL);
INSERT INTO com_cd_dtl (cd_mgno,group_cd_mgno,cd_eng_nm,cd_korn_nm,cd_cn,sort_seqo,del_yn,rgtr_id,reg_dt,mdfr_id,mdfcn_dt) VALUES ('CAC0007','CHG_ARTCL_CD','업체상태','업체상태','업체상태',7,'N','SYSTEM','2023-12-29 10:09:36.383172',NULL,NULL);
INSERT INTO com_cd_dtl (cd_mgno,group_cd_mgno,cd_eng_nm,cd_korn_nm,cd_cn,sort_seqo,del_yn,rgtr_id,reg_dt,mdfr_id,mdfcn_dt) VALUES ('CAC0008','CHG_ARTCL_CD','사업자등록증','사업자등록증','사업자등록증',8,'N','SYSTEM','2023-12-29 10:09:36.384748',NULL,NULL);
INSERT INTO com_cd_dtl (cd_mgno,group_cd_mgno,cd_eng_nm,cd_korn_nm,cd_cn,sort_seqo,del_yn,rgtr_id,reg_dt,mdfr_id,mdfcn_dt) VALUES ('ARC0003','APLY_REG_CL_CD','업체정보변경','업체정보변경','업체정보변경',3,'N','SYSTEM','2023-12-29 10:12:39.981139',NULL,NULL);
INSERT INTO com_cd_dtl (cd_mgno,group_cd_mgno,cd_eng_nm,cd_korn_nm,cd_cn,sort_seqo,del_yn,rgtr_id,reg_dt,mdfr_id,mdfcn_dt) VALUES ('APC0005','APLY_PRCS_TYPE_CD','업체직권','업체직권','업체직권',5,'N','SYSTEM','2023-12-29 10:12:39.984',NULL,NULL);
INSERT INTO com_cd_dtl (cd_mgno,group_cd_mgno,cd_eng_nm,cd_korn_nm,cd_cn,sort_seqo,del_yn,rgtr_id,reg_dt,mdfr_id,mdfcn_dt) VALUES ('AGC0003','AGR_CLAUS_CD','','기타협정','기타협정',3,'N','SYSTEM','2023-10-12 14:41:01.031048','SYSTEM','2023-10-12 14:41:01.031048');
INSERT INTO com_cd_dtl (cd_mgno,group_cd_mgno,cd_eng_nm,cd_korn_nm,cd_cn,sort_seqo,del_yn,rgtr_id,reg_dt,mdfr_id,mdfcn_dt) VALUES ('AHT0001','AGR_HSTRY_TYPE_CD','','신규등록','신규등록',1,'N','SYSTEM','2023-10-12 14:41:00.967909','SYSTEM','2023-10-12 14:41:00.967909');
/* 407 */

/* com_bbs_group_bsc */
INSERT INTO com_bbs_group_bsc (bbs_group_mgno,bbs_group_nm,bbs_group_expln,use_yn,del_yn,rgtr_id,reg_dt,mdfr_id,mdfcn_dt) VALUES ('BS00000010','공지사항','공지사항','Y','N','SYSTEM',CURRENT_TIMESTAMP,'SYSTEM',CURRENT_TIMESTAMP);
INSERT INTO com_bbs_group_bsc (bbs_group_mgno,bbs_group_nm,bbs_group_expln,use_yn,del_yn,rgtr_id,reg_dt,mdfr_id,mdfcn_dt) VALUES ('BS00000020','자료실','자료실','Y','N','SYSTEM',CURRENT_TIMESTAMP,'SYSTEM',CURRENT_TIMESTAMP);
INSERT INTO com_bbs_group_bsc (bbs_group_mgno,bbs_group_nm,bbs_group_expln,use_yn,del_yn,rgtr_id,reg_dt,mdfr_id,mdfcn_dt) VALUES ('BS00000030','FAQ','FAQ','Y','N','SYSTEM',CURRENT_TIMESTAMP,'SYSTEM',CURRENT_TIMESTAMP);
INSERT INTO com_bbs_group_bsc (bbs_group_mgno,bbs_group_nm,bbs_group_expln,use_yn,del_yn,rgtr_id,reg_dt,mdfr_id,mdfcn_dt) VALUES ('BS00000040','법령 및 지침','법령 및 지침','Y','N','SYSTEM',CURRENT_TIMESTAMP,'SYSTEM',CURRENT_TIMESTAMP);
/* 4 */

/* total - xxxx */

/* 확인 */
SELECT
  (select count(*) from menu_bsc           )			 /* 126 */
, (select count(*) from role_bsc           )			 /* 11 */
, (select count(*) from menu_role_dtl      )			 /* 708 */
, (select count(*) from com_biz_fld_bsc    )			 /* 16 */
, (select count(*) from com_biz_fld_dtl    )			 /* 31 */
, (select count(*) from com_err_msg_bsc    )			 /* 79 */
, (select count(*) from com_ntn_cd_bsc     )			 /* 243 */
, (select count(*) from com_group_cd_bsc   )			 /* 85 */
, (select count(*) from com_cd_dtl         )			 /* 407 */
, (select count(*) from com_bbs_group_bsc         )			 /* 4 */
